id,product_id,quantity
1,1,11
2,2,11
3,3,11
4,4,11
5,5,11
6,6,11
7,7,11
8,8,12
9,9,11
10,10,11
11,11,11
12,12,11
13,13,11
14,14,11
15,15,11
16,16,11
17,17,11
18,18,11
19,19,11
20,20,11
21,21,11
22,22,11
23,23,11
24,24,11
25,25,12
26,26,11
27,27,11
28,28,11
29,29,11
30,30,11
31,31,11
32,32,11
33,33,11
34,34,12
35,35,11
36,36,11
37,37,11
38,38,11
39,39,11
40,40,12
41,41,11
42,42,11
43,43,11
44,44,11
45,45,11
46,46,11
47,47,23
48,48,11
49,49,11
50,50,11
51,51,11
52,52,11
53,53,11
54,54,11
55,55,11
56,56,11
57,57,11
58,58,11
59,59,11
60,60,11
61,61,11
62,62,11
63,63,11
64,64,11
65,65,11
66,66,11
67,67,11
68,68,11
69,69,12
70,70,11
71,71,11
72,72,11
73,73,11
74,74,11
75,75,11
76,76,11
77,77,11
78,78,13
79,79,11
80,80,11
81,81,11
82,82,11
83,83,11
84,84,11
85,85,11
86,86,11
87,87,11
88,88,11
89,89,11
90,90,11
91,91,11
92,92,11
93,93,12
94,94,11
95,95,11
96,96,11
97,97,11
98,98,11
99,99,11
100,100,11
101,101,11
102,102,11
103,103,12
104,104,11
105,105,11
106,106,11
107,107,11
108,108,11
109,109,11
110,110,11
111,111,11
112,112,12
113,113,12
114,114,11
115,115,12
116,116,11
117,117,11
118,118,12
119,119,11
120,120,11
121,121,11
122,122,11
123,123,11
124,124,11
125,125,11
126,126,11
127,127,11
128,128,11
129,129,11
130,130,11
131,131,11
132,132,11
133,133,11
134,134,11
135,135,11
136,136,11
137,137,11
138,138,11
139,139,11
140,140,11
141,141,11
142,142,11
143,143,11
144,144,11
145,145,11
146,146,11
147,147,11
148,148,11
149,149,11
150,150,11
151,151,11
152,152,13
153,153,11
154,154,11
155,155,11
156,156,11
157,157,11
158,158,11
159,159,11
160,160,11
161,161,11
162,162,11
163,163,11
164,164,11
165,165,11
166,166,11
167,167,11
168,168,12
169,169,11
170,170,11
171,171,11
172,172,11
173,173,11
174,174,11
175,175,11
176,176,14
177,177,11
178,178,11
179,179,11
180,180,11
181,181,11
182,182,11
183,183,11
184,184,11
185,185,11
186,186,11
187,187,11
188,188,12
189,189,11
190,190,11
191,191,11
192,192,11
193,193,11
194,194,11
195,195,13
196,196,11
197,197,11
198,198,11
199,199,11
200,200,11
201,201,11
202,202,11
203,203,12
204,204,11
205,205,11
206,206,12
207,207,11
208,208,11
209,209,11
210,210,11
211,211,11
212,212,15
213,213,23
214,214,11
215,215,11
216,216,11
217,217,11
218,218,11
219,219,11
220,220,11
221,221,11
222,222,11
223,223,11
224,224,11
225,225,11
226,226,11
227,227,12
228,228,11
229,229,11
230,230,11
231,231,11
232,232,11
233,233,11
234,234,11
235,235,11
236,236,11
237,237,11
238,238,11
239,239,11
240,240,11
241,241,11
242,242,11
243,243,11
244,244,11
245,245,11
246,246,11
247,247,11
248,248,11
249,249,11
250,250,11
251,251,11
252,252,13
253,253,11
254,254,11
255,255,11
256,256,11
257,257,11
258,258,11
259,259,11
260,260,14
261,261,11
262,262,15
263,263,11
264,264,11
265,265,15
266,266,11
267,267,11
268,268,11
269,269,12
270,270,11
271,271,14
272,272,11
273,273,11
274,274,11
275,275,11
276,276,11
277,277,14
278,278,11
279,279,11
280,280,11
281,281,11
282,282,11
283,283,11
284,284,11
285,285,11
286,286,11
287,287,11
288,288,11
289,289,12
290,290,29
291,291,11
292,292,11
293,293,11
294,294,11
295,295,11
296,296,13
297,297,11
298,298,11
299,299,11
300,300,11
301,301,12
302,302,11
303,303,11
304,304,11
305,305,11
306,306,11
307,307,11
308,308,11
309,309,11
310,310,15
311,311,11
312,312,11
313,313,11
314,314,11
315,315,11
316,316,11
317,317,11
318,318,11
319,319,11
320,320,11
321,321,11
322,322,11
323,323,11
324,324,11
325,325,11
326,326,11
327,327,11
328,328,11
329,329,11
330,330,11
331,331,11
332,332,11
333,333,12
334,334,11
335,335,11
336,336,11
337,337,11
338,338,11
339,339,11
340,340,12
341,341,11
342,342,11
343,343,11
344,344,11
345,345,11
346,346,11
347,347,11
348,348,11
349,349,11
350,350,11
351,351,11
352,352,11
353,353,11
354,354,11
355,355,11
356,356,13
357,357,11
358,358,12
359,359,11
360,360,11
361,361,11
362,362,11
363,363,11
364,364,11
365,365,11
366,366,12
367,367,13
368,368,11
369,369,11
370,370,11
371,371,11
372,372,11
373,373,11
374,374,11
375,375,11
376,376,11
377,377,11
378,378,11
379,379,14
380,380,11
381,381,14
382,382,11
383,383,11
384,384,11
385,385,11
386,386,11
387,387,11
388,388,16
389,389,11
390,390,13
391,391,11
392,392,11
393,393,11
394,394,11
395,395,12
396,396,11
397,397,12
398,398,11
399,399,11
400,400,11
401,401,11
402,402,11
403,403,11
404,404,12
405,405,11
406,406,11
407,407,11
408,408,11
409,409,11
410,410,11
411,411,11
412,412,11
413,413,11
414,414,11
415,415,11
416,416,11
417,417,11
418,418,11
419,419,11
420,420,11
421,421,11
422,422,12
423,423,11
424,424,11
425,425,12
426,426,11
427,427,11
428,428,11
429,429,11
430,430,11
431,431,11
432,432,11
433,433,11
434,434,12
435,435,11
436,436,11
437,437,11
438,438,11
439,439,11
440,440,11
441,441,11
442,442,11
443,443,11
444,444,12
445,445,11
446,446,11
447,447,11
448,448,11
449,449,11
450,450,11
451,451,11
452,452,11
453,453,12
454,454,11
455,455,11
456,456,11
457,457,11
458,458,11
459,459,11
460,460,11
461,461,11
462,462,11
463,463,11
464,464,11
465,465,11
466,466,11
467,467,13
468,468,11
469,469,11
470,470,11
471,471,11
472,472,11
473,473,11
474,474,12
475,475,11
476,476,11
477,477,11
478,478,11
479,479,11
480,480,11
481,481,11
482,482,11
483,483,11
484,484,11
485,485,11
486,486,11
487,487,11
488,488,11
489,489,11
490,490,11
491,491,11
492,492,11
493,493,11
494,494,11
495,495,11
496,496,11
497,497,11
498,498,12
499,499,11
500,500,11
501,501,11
502,502,11
503,503,11
504,504,11
505,505,11
506,506,11
507,507,11
508,508,11
509,509,11
510,510,11
511,511,11
512,512,11
513,513,11
514,514,11
515,515,11
516,516,11
517,517,11
518,518,11
519,519,12
520,520,11
521,521,11
522,522,11
523,523,11
524,524,16
525,525,11
526,526,13
527,527,11
528,528,11
529,529,11
530,530,11
531,531,11
532,532,11
533,533,11
534,534,11
535,535,11
536,536,11
537,537,11
538,538,11
539,539,11
540,540,11
541,541,11
542,542,11
543,543,11
544,544,11
545,545,11
546,546,11
547,547,11
548,548,11
549,549,11
550,550,11
551,551,11
552,552,11
553,553,11
554,554,11
555,555,11
556,556,11
557,557,11
558,558,11
559,559,11
560,560,11
561,561,18
562,562,11
563,563,12
564,564,11
565,565,11
566,566,11
567,567,11
568,568,11
569,569,11
570,570,11
571,571,11
572,572,11
573,573,11
574,574,11
575,575,11
576,576,11
577,577,11
578,578,11
579,579,21
580,580,11
581,581,11
582,582,11
583,583,11
584,584,11
585,585,11
586,586,11
587,587,11
588,588,11
589,589,11
590,590,11
591,591,11
592,592,11
593,593,11
594,594,11
595,595,11
596,596,11
597,597,11
598,598,11
599,599,11
600,600,11
601,601,12
602,602,11
603,603,11
604,604,11
605,605,15
606,606,11
607,607,11
608,608,11
609,609,11
610,610,11
611,611,11
612,612,11
613,613,12
614,614,11
615,615,11
616,616,11
617,617,11
618,618,11
619,619,12
620,620,12
621,621,11
622,622,11
623,623,11
624,624,11
625,625,11
626,626,11
627,627,11
628,628,11
629,629,11
630,630,11
631,631,12
632,632,11
633,633,12
634,634,11
635,635,11
636,636,13
637,637,11
638,638,11
639,639,11
640,640,11
641,641,11
642,642,11
643,643,11
644,644,11
645,645,11
646,646,11
647,647,11
648,648,11
649,649,11
650,650,11
651,651,11
652,652,11
653,653,11
654,654,11
655,655,11
656,656,11
657,657,11
658,658,11
659,659,11
660,660,11
661,661,11
662,662,11
663,663,13
664,664,11
665,665,11
666,666,11
667,667,11
668,668,11
669,669,11
670,670,11
671,671,11
672,672,11
673,673,11
674,674,12
675,675,11
676,676,11
677,677,11
678,678,11
679,679,12
680,680,11
681,681,11
682,682,11
683,683,11
684,684,11
685,685,11
686,686,12
687,687,11
688,688,11
689,689,11
690,690,11
691,691,11
692,692,11
693,693,11
694,694,11
695,695,11
696,696,11
697,697,11
698,698,11
699,699,11
700,700,11
701,701,11
702,702,11
703,703,11
704,704,11
705,705,11
706,706,11
707,707,11
708,708,11
709,709,11
710,710,11
711,711,11
712,712,11
713,713,11
714,714,11
715,715,11
716,716,11
717,717,11
718,718,11
719,719,11
720,720,12
721,721,11
722,722,11
723,723,11
724,724,11
725,725,11
726,726,11
727,727,11
728,728,11
729,729,11
730,730,11
731,731,11
732,732,11
733,733,11
734,734,11
735,735,11
736,736,11
737,737,11
738,738,14
739,739,11
740,740,11
741,741,11
742,742,11
743,743,11
744,744,11
745,745,11
746,746,11
747,747,11
748,748,11
749,749,11
750,750,12
751,751,11
752,752,11
753,753,11
754,754,11
755,755,11
756,756,11
757,757,14
758,758,11
759,759,11
760,760,11
761,761,11
762,762,11
763,763,11
764,764,11
765,765,11
766,766,11
767,767,11
768,768,11
769,769,11
770,770,12
771,771,11
772,772,11
773,773,11
774,774,11
775,775,11
776,776,11
777,777,11
778,778,11
779,779,11
780,780,11
781,781,11
782,782,11
783,783,11
784,784,11
785,785,11
786,786,11
787,787,11
788,788,11
789,789,11
790,790,11
791,791,11
792,792,11
793,793,11
794,794,75
795,795,11
796,796,11
797,797,11
798,798,14
799,799,12
800,800,11
801,801,11
802,802,12
803,803,11
804,804,11
805,805,11
806,806,11
807,807,12
808,808,11
809,809,11
810,810,11
811,811,11
812,812,11
813,813,11
814,814,19
815,815,11
816,816,11
817,817,11
818,818,11
819,819,11
820,820,11
821,821,11
822,822,11
823,823,12
824,824,11
825,825,11
826,826,11
827,827,11
828,828,11
829,829,11
830,830,11
831,831,11
832,832,11
833,833,11
834,834,11
835,835,11
836,836,11
837,837,11
838,838,11
839,839,11
840,840,11
841,841,11
842,842,11
843,843,11
844,844,11
845,845,11
846,846,11
847,847,12
848,848,11
849,849,11
850,850,11
851,851,11
852,852,11
853,853,11
854,854,11
855,855,14
856,856,11
857,857,11
858,858,11
859,859,11
860,860,11
861,861,11
862,862,11
863,863,11
864,864,11
865,865,11
866,866,11
867,867,11
868,868,11
869,869,11
870,870,11
871,871,11
872,872,11
873,873,11
874,874,11
875,875,12
876,876,11
877,877,11
878,878,11
879,879,11
880,880,11
881,881,11
882,882,11
883,883,11
884,884,11
885,885,11
886,886,11
887,887,11
888,888,11
889,889,11
890,890,11
891,891,16
892,892,11
893,893,11
894,894,11
895,895,12
896,896,11
897,897,11
898,898,11
899,899,11
900,900,11
901,901,11
902,902,11
903,903,11
904,904,11
905,905,11
906,906,11
907,907,11
908,908,11
909,909,11
910,910,11
911,911,11
912,912,11
913,913,11
914,914,11
915,915,11
916,916,11
917,917,11
918,918,12
919,919,11
920,920,11
921,921,11
922,922,13
923,923,11
924,924,11
925,925,11
926,926,11
927,927,11
928,928,11
929,929,11
930,930,11
931,931,11
932,932,11
933,933,11
934,934,11
935,935,11
936,936,11
937,937,11
938,938,11
939,939,11
940,940,11
941,941,11
942,942,12
943,943,11
944,944,11
945,945,13
946,946,11
947,947,11
948,948,11
949,949,11
950,950,11
951,951,11
952,952,12
953,953,11
954,954,11
955,955,11
956,956,11
957,957,11
958,958,11
959,959,11
960,960,11
961,961,11
962,962,11
963,963,11
964,964,12
965,965,11
966,966,11
967,967,13
968,968,11
969,969,11
970,970,11
971,971,11
972,972,11
973,973,12
974,974,11
975,975,11
976,976,11
977,977,11
978,978,11
979,979,11
980,980,11
981,981,11
982,982,11
983,983,11
984,984,11
985,985,11
986,986,11
987,987,11
988,988,11
989,989,11
990,990,11
991,991,11
992,992,11
993,993,11
994,994,11
995,995,11
996,996,11
997,997,11
998,998,11
999,999,11
1000,1000,12
1001,1001,12
1002,1002,11
1003,1003,11
1004,1004,11
1005,1005,11
1006,1006,11
1007,1007,11
1008,1008,11
1009,1009,11
1010,1010,21
1011,1011,11
1012,1012,11
1013,1013,11
1014,1014,11
1015,1015,11
1016,1016,11
1017,1017,12
1018,1018,11
1019,1019,11
1020,1020,11
1021,1021,11
1022,1022,11
1023,1023,12
1024,1024,11
1025,1025,11
1026,1026,11
1027,1027,11
1028,1028,12
1029,1029,11
1030,1030,11
1031,1031,11
1032,1032,11
1033,1033,11
1034,1034,11
1035,1035,11
1036,1036,11
1037,1037,11
1038,1038,11
1039,1039,11
1040,1040,11
1041,1041,11
1042,1042,11
1043,1043,11
1044,1044,11
1045,1045,11
1046,1046,11
1047,1047,11
1048,1048,11
1049,1049,12
1050,1050,12
1051,1051,11
1052,1052,11
1053,1053,11
1054,1054,15
1055,1055,11
1056,1056,12
1057,1057,11
1058,1058,11
1059,1059,11
1060,1060,11
1061,1061,11
1062,1062,11
1063,1063,11
1064,1064,11
1065,1065,11
1066,1066,11
1067,1067,11
1068,1068,11
1069,1069,11
1070,1070,11
1071,1071,11
1072,1072,11
1073,1073,11
1074,1074,11
1075,1075,11
1076,1076,11
1077,1077,11
1078,1078,11
1079,1079,23
1080,1080,11
1081,1081,11
1082,1082,11
1083,1083,11
1084,1084,11
1085,1085,11
1086,1086,11
1087,1087,11
1088,1088,12
1089,1089,11
1090,1090,11
1091,1091,11
1092,1092,11
1093,1093,13
1094,1094,15
1095,1095,11
1096,1096,11
1097,1097,11
1098,1098,11
1099,1099,12
1100,1100,11
1101,1101,11
1102,1102,11
1103,1103,11
1104,1104,11
1105,1105,13
1106,1106,11
1107,1107,11
1108,1108,13
1109,1109,11
1110,1110,11
1111,1111,11
1112,1112,11
1113,1113,11
1114,1114,11
1115,1115,12
1116,1116,11
1117,1117,11
1118,1118,11
1119,1119,11
1120,1120,11
1121,1121,12
1122,1122,11
1123,1123,11
1124,1124,11
1125,1125,11
1126,1126,11
1127,1127,13
1128,1128,11
1129,1129,11
1130,1130,19
1131,1131,11
1132,1132,11
1133,1133,11
1134,1134,11
1135,1135,11
1136,1136,11
1137,1137,11
1138,1138,11
1139,1139,11
1140,1140,11
1141,1141,11
1142,1142,11
1143,1143,11
1144,1144,11
1145,1145,11
1146,1146,11
1147,1147,14
1148,1148,11
1149,1149,11
1150,1150,11
1151,1151,11
1152,1152,11
1153,1153,11
1154,1154,11
1155,1155,11
1156,1156,11
1157,1157,11
1158,1158,12
1159,1159,12
1160,1160,11
1161,1161,11
1162,1162,11
1163,1163,11
1164,1164,11
1165,1165,11
1166,1166,11
1167,1167,11
1168,1168,11
1169,1169,11
1170,1170,13
1171,1171,11
1172,1172,11
1173,1173,11
1174,1174,11
1175,1175,11
1176,1176,13
1177,1177,11
1178,1178,11
1179,1179,11
1180,1180,11
1181,1181,11
1182,1182,11
1183,1183,11
1184,1184,11
1185,1185,11
1186,1186,11
1187,1187,14
1188,1188,11
1189,1189,11
1190,1190,11
1191,1191,12
1192,1192,11
1193,1193,11
1194,1194,11
1195,1195,12
1196,1196,11
1197,1197,11
1198,1198,11
1199,1199,11
1200,1200,11
1201,1201,11
1202,1202,11
1203,1203,11
1204,1204,12
1205,1205,11
1206,1206,11
1207,1207,11
1208,1208,11
1209,1209,11
1210,1210,11
1211,1211,11
1212,1212,11
1213,1213,11
1214,1214,11
1215,1215,12
1216,1216,11
1217,1217,11
1218,1218,11
1219,1219,11
1220,1220,11
1221,1221,11
1222,1222,14
1223,1223,11
1224,1224,11
1225,1225,11
1226,1226,11
1227,1227,11
1228,1228,11
1229,1229,11
1230,1230,11
1231,1231,12
1232,1232,11
1233,1233,11
1234,1234,11
1235,1235,11
1236,1236,11
1237,1237,14
1238,1238,11
1239,1239,14
1240,1240,11
1241,1241,11
1242,1242,12
1243,1243,11
1244,1244,11
1245,1245,11
1246,1246,11
1247,1247,13
1248,1248,11
1249,1249,11
1250,1250,11
1251,1251,11
1252,1252,11
1253,1253,11
1254,1254,11
1255,1255,11
1256,1256,11
1257,1257,11
1258,1258,11
1259,1259,11
1260,1260,11
1261,1261,11
1262,1262,11
1263,1263,11
1264,1264,11
1265,1265,11
1266,1266,11
1267,1267,11
1268,1268,11
1269,1269,13
1270,1270,11
1271,1271,11
1272,1272,11
1273,1273,11
1274,1274,11
1275,1275,11
1276,1276,11
1277,1277,20
1278,1278,11
1279,1279,11
1280,1280,11
1281,1281,11
1282,1282,11
1283,1283,11
1284,1284,11
1285,1285,11
1286,1286,11
1287,1287,11
1288,1288,11
1289,1289,11
1290,1290,11
1291,1291,11
1292,1292,12
1293,1293,11
1294,1294,17
1295,1295,13
1296,1296,11
1297,1297,11
1298,1298,11
1299,1299,11
1300,1300,11
1301,1301,11
1302,1302,11
1303,1303,11
1304,1304,11
1305,1305,11
1306,1306,11
1307,1307,11
1308,1308,13
1309,1309,11
1310,1310,11
1311,1311,11
1312,1312,11
1313,1313,11
1314,1314,11
1315,1315,11
1316,1316,11
1317,1317,11
1318,1318,11
1319,1319,11
1320,1320,11
1321,1321,11
1322,1322,11
1323,1323,11
1324,1324,14
1325,1325,11
1326,1326,11
1327,1327,11
1328,1328,11
1329,1329,11
1330,1330,11
1331,1331,11
1332,1332,11
1333,1333,11
1334,1334,11
1335,1335,12
1336,1336,11
1337,1337,11
1338,1338,11
1339,1339,11
1340,1340,11
1341,1341,12
1342,1342,11
1343,1343,11
1344,1344,11
1345,1345,13
1346,1346,11
1347,1347,11
1348,1348,11
1349,1349,11
1350,1350,11
1351,1351,11
1352,1352,11
1353,1353,11
1354,1354,11
1355,1355,11
1356,1356,11
1357,1357,11
1358,1358,11
1359,1359,11
1360,1360,11
1361,1361,11
1362,1362,12
1363,1363,11
1364,1364,11
1365,1365,11
1366,1366,12
1367,1367,11
1368,1368,15
1369,1369,11
1370,1370,11
1371,1371,11
1372,1372,11
1373,1373,11
1374,1374,13
1375,1375,11
1376,1376,11
1377,1377,11
1378,1378,11
1379,1379,11
1380,1380,11
1381,1381,11
1382,1382,11
1383,1383,11
1384,1384,11
1385,1385,11
1386,1386,11
1387,1387,11
1388,1388,11
1389,1389,11
1390,1390,13
1391,1391,11
1392,1392,11
1393,1393,11
1394,1394,11
1395,1395,11
1396,1396,12
1397,1397,11
1398,1398,11
1399,1399,11
1400,1400,11
1401,1401,11
1402,1402,11
1403,1403,11
1404,1404,11
1405,1405,11
1406,1406,11
1407,1407,12
1408,1408,11
1409,1409,11
1410,1410,11
1411,1411,11
1412,1412,11
1413,1413,11
1414,1414,11
1415,1415,12
1416,1416,11
1417,1417,11
1418,1418,11
1419,1419,11
1420,1420,11
1421,1421,11
1422,1422,11
1423,1423,11
1424,1424,11
1425,1425,11
1426,1426,11
1427,1427,11
1428,1428,12
1429,1429,11
1430,1430,11
1431,1431,11
1432,1432,11
1433,1433,11
1434,1434,11
1435,1435,11
1436,1436,11
1437,1437,12
1438,1438,11
1439,1439,13
1440,1440,11
1441,1441,11
1442,1442,11
1443,1443,11
1444,1444,11
1445,1445,11
1446,1446,11
1447,1447,11
1448,1448,11
1449,1449,11
1450,1450,11
1451,1451,11
1452,1452,11
1453,1453,11
1454,1454,11
1455,1455,12
1456,1456,22
1457,1457,11
1458,1458,11
1459,1459,11
1460,1460,15
1461,1461,11
1462,1462,11
1463,1463,17
1464,1464,11
1465,1465,12
1466,1466,11
1467,1467,11
1468,1468,12
1469,1469,11
1470,1470,11
1471,1471,11
1472,1472,11
1473,1473,11
1474,1474,11
1475,1475,11
1476,1476,11
1477,1477,11
1478,1478,11
1479,1479,11
1480,1480,11
1481,1481,11
1482,1482,11
1483,1483,11
1484,1484,11
1485,1485,11
1486,1486,11
1487,1487,11
1488,1488,11
1489,1489,12
1490,1490,11
1491,1491,11
1492,1492,11
1493,1493,19
1494,1494,11
1495,1495,12
1496,1496,11
1497,1497,11
1498,1498,11
1499,1499,12
1500,1500,11
1501,1501,11
1502,1502,11
1503,1503,11
1504,1504,11
1505,1505,11
1506,1506,11
1507,1507,11
1508,1508,11
1509,1509,11
1510,1510,11
1511,1511,11
1512,1512,13
1513,1513,11
1514,1514,11
1515,1515,11
1516,1516,11
1517,1517,11
1518,1518,11
1519,1519,11
1520,1520,11
1521,1521,11
1522,1522,11
1523,1523,11
1524,1524,11
1525,1525,11
1526,1526,11
1527,1527,11
1528,1528,11
1529,1529,11
1530,1530,11
1531,1531,11
1532,1532,11
1533,1533,11
1534,1534,11
1535,1535,11
1536,1536,11
1537,1537,11
1538,1538,12
1539,1539,12
1540,1540,12
1541,1541,11
1542,1542,11
1543,1543,11
1544,1544,11
1545,1545,11
1546,1546,16
1547,1547,11
1548,1548,11
1549,1549,11
1550,1550,11
1551,1551,11
1552,1552,11
1553,1553,11
1554,1554,11
1555,1555,11
1556,1556,34
1557,1557,11
1558,1558,11
1559,1559,11
1560,1560,11
1561,1561,11
1562,1562,11
1563,1563,11
1564,1564,13
1565,1565,11
1566,1566,11
1567,1567,11
1568,1568,11
1569,1569,11
1570,1570,11
1571,1571,11
1572,1572,12
1573,1573,11
1574,1574,11
1575,1575,11
1576,1576,13
1577,1577,11
1578,1578,11
1579,1579,11
1580,1580,11
1581,1581,11
1582,1582,12
1583,1583,11
1584,1584,11
1585,1585,11
1586,1586,11
1587,1587,11
1588,1588,11
1589,1589,11
1590,1590,11
1591,1591,11
1592,1592,11
1593,1593,11
1594,1594,11
1595,1595,11
1596,1596,11
1597,1597,11
1598,1598,11
1599,1599,11
1600,1600,11
1601,1601,11
1602,1602,11
1603,1603,16
1604,1604,11
1605,1605,11
1606,1606,11
1607,1607,11
1608,1608,13
1609,1609,11
1610,1610,12
1611,1611,11
1612,1612,11
1613,1613,11
1614,1614,11
1615,1615,11
1616,1616,11
1617,1617,11
1618,1618,11
1619,1619,11
1620,1620,11
1621,1621,11
1622,1622,11
1623,1623,11
1624,1624,11
1625,1625,11
1626,1626,11
1627,1627,11
1628,1628,11
1629,1629,11
1630,1630,11
1631,1631,11
1632,1632,11
1633,1633,11
1634,1634,11
1635,1635,11
1636,1636,11
1637,1637,11
1638,1638,11
1639,1639,11
1640,1640,11
1641,1641,11
1642,1642,11
1643,1643,11
1644,1644,11
1645,1645,11
1646,1646,12
1647,1647,11
1648,1648,12
1649,1649,12
1650,1650,11
1651,1651,11
1652,1652,11
1653,1653,11
1654,1654,11
1655,1655,11
1656,1656,11
1657,1657,11
1658,1658,11
1659,1659,12
1660,1660,11
1661,1661,11
1662,1662,11
1663,1663,12
1664,1664,11
1665,1665,11
1666,1666,11
1667,1667,14
1668,1668,11
1669,1669,11
1670,1670,11
1671,1671,11
1672,1672,11
1673,1673,11
1674,1674,11
1675,1675,11
1676,1676,11
1677,1677,13
1678,1678,11
1679,1679,11
1680,1680,14
1681,1681,11
1682,1682,11
1683,1683,11
1684,1684,11
1685,1685,13
1686,1686,11
1687,1687,13
1688,1688,11
1689,1689,11
1690,1690,11
1691,1691,11
1692,1692,11
1693,1693,11
1694,1694,11
1695,1695,11
1696,1696,11
1697,1697,11
1698,1698,11
1699,1699,11
1700,1700,11
1701,1701,14
1702,1702,12
1703,1703,11
1704,1704,11
1705,1705,11
1706,1706,11
1707,1707,11
1708,1708,11
1709,1709,11
1710,1710,11
1711,1711,11
1712,1712,11
1713,1713,11
1714,1714,11
1715,1715,11
1716,1716,11
1717,1717,11
1718,1718,11
1719,1719,11
1720,1720,11
1721,1721,11
1722,1722,11
1723,1723,11
1724,1724,11
1725,1725,11
1726,1726,11
1727,1727,11
1728,1728,11
1729,1729,11
1730,1730,11
1731,1731,11
1732,1732,11
1733,1733,11
1734,1734,11
1735,1735,11
1736,1736,11
1737,1737,11
1738,1738,11
1739,1739,11
1740,1740,11
1741,1741,11
1742,1742,11
1743,1743,11
1744,1744,11
1745,1745,11
1746,1746,11
1747,1747,11
1748,1748,11
1749,1749,11
1750,1750,67
1751,1751,11
1752,1752,11
1753,1753,11
1754,1754,11
1755,1755,11
1756,1756,11
1757,1757,11
1758,1758,11
1759,1759,11
1760,1760,11
1761,1761,11
1762,1762,12
1763,1763,11
1764,1764,11
1765,1765,11
1766,1766,11
1767,1767,11
1768,1768,11
1769,1769,11
1770,1770,11
1771,1771,11
1772,1772,11
1773,1773,11
1774,1774,11
1775,1775,11
1776,1776,11
1777,1777,11
1778,1778,11
1779,1779,14
1780,1780,11
1781,1781,11
1782,1782,11
1783,1783,11
1784,1784,11
1785,1785,11
1786,1786,11
1787,1787,11
1788,1788,11
1789,1789,11
1790,1790,17
1791,1791,12
1792,1792,11
1793,1793,11
1794,1794,11
1795,1795,11
1796,1796,11
1797,1797,11
1798,1798,11
1799,1799,11
1800,1800,11
1801,1801,11
1802,1802,11
1803,1803,11
1804,1804,11
1805,1805,11
1806,1806,11
1807,1807,11
1808,1808,11
1809,1809,11
1810,1810,11
1811,1811,12
1812,1812,11
1813,1813,11
1814,1814,11
1815,1815,11
1816,1816,11
1817,1817,11
1818,1818,11
1819,1819,11
1820,1820,11
1821,1821,11
1822,1822,11
1823,1823,11
1824,1824,11
1825,1825,11
1826,1826,13
1827,1827,11
1828,1828,11
1829,1829,12
1830,1830,11
1831,1831,11
1832,1832,12
1833,1833,12
1834,1834,11
1835,1835,11
1836,1836,11
1837,1837,11
1838,1838,11
1839,1839,11
1840,1840,11
1841,1841,11
1842,1842,12
1843,1843,11
1844,1844,11
1845,1845,11
1846,1846,11
1847,1847,11
1848,1848,11
1849,1849,11
1850,1850,11
1851,1851,11
1852,1852,11
1853,1853,12
1854,1854,11
1855,1855,11
1856,1856,11
1857,1857,11
1858,1858,11
1859,1859,11
1860,1860,11
1861,1861,11
1862,1862,11
1863,1863,11
1864,1864,12
1865,1865,11
1866,1866,11
1867,1867,11
1868,1868,11
1869,1869,11
1870,1870,11
1871,1871,11
1872,1872,11
1873,1873,11
1874,1874,11
1875,1875,11
1876,1876,11
1877,1877,11
1878,1878,12
1879,1879,11
1880,1880,11
1881,1881,12
1882,1882,11
1883,1883,11
1884,1884,11
1885,1885,11
1886,1886,11
1887,1887,12
1888,1888,11
1889,1889,11
1890,1890,11
1891,1891,11
1892,1892,13
1893,1893,11
1894,1894,12
1895,1895,12
1896,1896,11
1897,1897,11
1898,1898,11
1899,1899,11
1900,1900,11
1901,1901,11
1902,1902,11
1903,1903,11
1904,1904,11
1905,1905,11
1906,1906,11
1907,1907,11
1908,1908,11
1909,1909,11
1910,1910,11
1911,1911,14
1912,1912,11
1913,1913,12
1914,1914,11
1915,1915,11
1916,1916,11
1917,1917,11
1918,1918,11
1919,1919,42
1920,1920,11
1921,1921,11
1922,1922,11
1923,1923,11
1924,1924,11
1925,1925,11
1926,1926,11
1927,1927,11
1928,1928,11
1929,1929,11
1930,1930,11
1931,1931,11
1932,1932,12
1933,1933,11
1934,1934,11
1935,1935,11
1936,1936,11
1937,1937,11
1938,1938,11
1939,1939,11
1940,1940,11
1941,1941,13
1942,1942,11
1943,1943,11
1944,1944,11
1945,1945,11
1946,1946,11
1947,1947,11
1948,1948,11
1949,1949,11
1950,1950,11
1951,1951,11
1952,1952,11
1953,1953,11
1954,1954,11
1955,1955,11
1956,1956,11
1957,1957,11
1958,1958,11
1959,1959,11
1960,1960,11
1961,1961,11
1962,1962,11
1963,1963,11
1964,1964,11
1965,1965,11
1966,1966,11
1967,1967,11
1968,1968,11
1969,1969,17
1970,1970,11
1971,1971,11
1972,1972,11
1973,1973,11
1974,1974,11
1975,1975,11
1976,1976,11
1977,1977,11
1978,1978,11
1979,1979,11
1980,1980,11
1981,1981,11
1982,1982,11
1983,1983,11
1984,1984,11
1985,1985,11
1986,1986,11
1987,1987,12
1988,1988,11
1989,1989,11
1990,1990,11
1991,1991,11
1992,1992,11
1993,1993,11
1994,1994,11
1995,1995,12
1996,1996,13
1997,1997,11
1998,1998,11
1999,1999,11
2000,2000,11
2001,2001,11
2002,2002,11
2003,2003,11
2004,2004,11
2005,2005,11
2006,2006,11
2007,2007,11
2008,2008,11
2009,2009,11
2010,2010,11
2011,2011,11
2012,2012,11
2013,2013,11
2014,2014,11
2015,2015,11
2016,2016,11
2017,2017,13
2018,2018,12
2019,2019,11
2020,2020,13
2021,2021,12
2022,2022,11
2023,2023,14
2024,2024,11
2025,2025,11
2026,2026,11
2027,2027,11
2028,2028,11
2029,2029,11
2030,2030,11
2031,2031,11
2032,2032,11
2033,2033,11
2034,2034,11
2035,2035,11
2036,2036,11
2037,2037,11
2038,2038,11
2039,2039,11
2040,2040,13
2041,2041,11
2042,2042,11
2043,2043,12
2044,2044,11
2045,2045,11
2046,2046,11
2047,2047,11
2048,2048,11
2049,2049,11
2050,2050,11
2051,2051,11
2052,2052,11
2053,2053,11
2054,2054,13
2055,2055,11
2056,2056,13
2057,2057,11
2058,2058,11
2059,2059,11
2060,2060,11
2061,2061,11
2062,2062,11
2063,2063,11
2064,2064,11
2065,2065,11
2066,2066,11
2067,2067,11
2068,2068,11
2069,2069,12
2070,2070,11
2071,2071,11
2072,2072,12
2073,2073,11
2074,2074,11
2075,2075,14
2076,2076,11
2077,2077,11
2078,2078,12
2079,2079,11
2080,2080,11
2081,2081,11
2082,2082,11
2083,2083,11
2084,2084,14
2085,2085,11
2086,2086,11
2087,2087,11
2088,2088,11
2089,2089,11
2090,2090,11
2091,2091,11
2092,2092,11
2093,2093,11
2094,2094,12
2095,2095,11
2096,2096,11
2097,2097,11
2098,2098,11
2099,2099,11
2100,2100,11
2101,2101,11
2102,2102,11
2103,2103,11
2104,2104,11
2105,2105,11
2106,2106,11
2107,2107,11
2108,2108,11
2109,2109,11
2110,2110,11
2111,2111,12
2112,2112,11
2113,2113,11
2114,2114,11
2115,2115,11
2116,2116,11
2117,2117,11
2118,2118,11
2119,2119,11
2120,2120,11
2121,2121,11
2122,2122,11
2123,2123,11
2124,2124,11
2125,2125,11
2126,2126,11
2127,2127,11
2128,2128,11
2129,2129,11
2130,2130,11
2131,2131,11
2132,2132,11
2133,2133,11
2134,2134,11
2135,2135,15
2136,2136,11
2137,2137,11
2138,2138,11
2139,2139,11
2140,2140,11
2141,2141,11
2142,2142,11
2143,2143,11
2144,2144,11
2145,2145,11
2146,2146,11
2147,2147,11
2148,2148,11
2149,2149,11
2150,2150,11
2151,2151,11
2152,2152,11
2153,2153,11
2154,2154,11
2155,2155,11
2156,2156,11
2157,2157,11
2158,2158,11
2159,2159,11
2160,2160,11
2161,2161,11
2162,2162,11
2163,2163,11
2164,2164,11
2165,2165,11
2166,2166,13
2167,2167,15
2168,2168,11
2169,2169,13
2170,2170,11
2171,2171,11
2172,2172,11
2173,2173,11
2174,2174,11
2175,2175,11
2176,2176,11
2177,2177,11
2178,2178,11
2179,2179,12
2180,2180,11
2181,2181,11
2182,2182,11
2183,2183,11
2184,2184,11
2185,2185,11
2186,2186,11
2187,2187,11
2188,2188,11
2189,2189,11
2190,2190,11
2191,2191,11
2192,2192,11
2193,2193,11
2194,2194,11
2195,2195,11
2196,2196,13
2197,2197,11
2198,2198,11
2199,2199,11
2200,2200,11
2201,2201,11
2202,2202,11
2203,2203,13
2204,2204,11
2205,2205,11
2206,2206,11
2207,2207,11
2208,2208,11
2209,2209,11
2210,2210,12
2211,2211,11
2212,2212,11
2213,2213,11
2214,2214,11
2215,2215,11
2216,2216,11
2217,2217,11
2218,2218,11
2219,2219,11
2220,2220,11
2221,2221,11
2222,2222,11
2223,2223,11
2224,2224,11
2225,2225,11
2226,2226,11
2227,2227,11
2228,2228,12
2229,2229,12
2230,2230,11
2231,2231,11
2232,2232,11
2233,2233,11
2234,2234,11
2235,2235,11
2236,2236,11
2237,2237,12
2238,2238,12
2239,2239,11
2240,2240,12
2241,2241,18
2242,2242,11
2243,2243,11
2244,2244,11
2245,2245,11
2246,2246,11
2247,2247,11
2248,2248,11
2249,2249,11
2250,2250,11
2251,2251,11
2252,2252,11
2253,2253,11
2254,2254,11
2255,2255,11
2256,2256,11
2257,2257,11
2258,2258,11
2259,2259,11
2260,2260,11
2261,2261,11
2262,2262,11
2263,2263,11
2264,2264,11
2265,2265,11
2266,2266,11
2267,2267,17
2268,2268,11
2269,2269,11
2270,2270,20
2271,2271,15
2272,2272,11
2273,2273,11
2274,2274,11
2275,2275,11
2276,2276,11
2277,2277,11
2278,2278,12
2279,2279,11
2280,2280,11
2281,2281,15
2282,2282,11
2283,2283,11
2284,2284,11
2285,2285,11
2286,2286,11
2287,2287,12
2288,2288,11
2289,2289,12
2290,2290,11
2291,2291,11
2292,2292,11
2293,2293,11
2294,2294,11
2295,2295,11
2296,2296,11
2297,2297,11
2298,2298,11
2299,2299,14
2300,2300,12
2301,2301,11
2302,2302,11
2303,2303,11
2304,2304,11
2305,2305,11
2306,2306,11
2307,2307,11
2308,2308,11
2309,2309,11
2310,2310,11
2311,2311,11
2312,2312,11
2313,2313,12
2314,2314,11
2315,2315,15
2316,2316,11
2317,2317,11
2318,2318,12
2319,2319,14
2320,2320,11
2321,2321,11
2322,2322,11
2323,2323,11
2324,2324,11
2325,2325,11
2326,2326,11
2327,2327,11
2328,2328,11
2329,2329,11
2330,2330,11
2331,2331,12
2332,2332,11
2333,2333,11
2334,2334,11
2335,2335,11
2336,2336,11
2337,2337,11
2338,2338,14
2339,2339,11
2340,2340,15
2341,2341,11
2342,2342,12
2343,2343,11
2344,2344,11
2345,2345,11
2346,2346,11
2347,2347,11
2348,2348,11
2349,2349,11
2350,2350,11
2351,2351,11
2352,2352,13
2353,2353,11
2354,2354,11
2355,2355,11
2356,2356,11
2357,2357,12
2358,2358,13
2359,2359,11
2360,2360,31
2361,2361,11
2362,2362,11
2363,2363,13
2364,2364,12
2365,2365,14
2366,2366,11
2367,2367,11
2368,2368,11
2369,2369,11
2370,2370,11
2371,2371,12
2372,2372,11
2373,2373,11
2374,2374,11
2375,2375,17
2376,2376,11
2377,2377,13
2378,2378,11
2379,2379,13
2380,2380,11
2381,2381,11
2382,2382,11
2383,2383,11
2384,2384,11
2385,2385,11
2386,2386,11
2387,2387,11
2388,2388,11
2389,2389,11
2390,2390,11
2391,2391,11
2392,2392,11
2393,2393,11
2394,2394,11
2395,2395,11
2396,2396,11
2397,2397,11
2398,2398,16
2399,2399,11
2400,2400,11
2401,2401,11
2402,2402,11
2403,2403,11
2404,2404,11
2405,2405,11
2406,2406,11
2407,2407,11
2408,2408,11
2409,2409,11
2410,2410,11
2411,2411,11
2412,2412,12
2413,2413,11
2414,2414,11
2415,2415,11
2416,2416,11
2417,2417,11
2418,2418,11
2419,2419,11
2420,2420,11
2421,2421,11
2422,2422,11
2423,2423,11
2424,2424,11
2425,2425,11
2426,2426,11
2427,2427,11
2428,2428,11
2429,2429,11
2430,2430,13
2431,2431,14
2432,2432,11
2433,2433,11
2434,2434,11
2435,2435,11
2436,2436,11
2437,2437,13
2438,2438,11
2439,2439,11
2440,2440,11
2441,2441,11
2442,2442,11
2443,2443,11
2444,2444,11
2445,2445,11
2446,2446,11
2447,2447,11
2448,2448,11
2449,2449,11
2450,2450,11
2451,2451,11
2452,2452,11
2453,2453,11
2454,2454,11
2455,2455,12
2456,2456,11
2457,2457,11
2458,2458,12
2459,2459,11
2460,2460,11
2461,2461,11
2462,2462,11
2463,2463,11
2464,2464,11
2465,2465,11
2466,2466,11
2467,2467,11
2468,2468,11
2469,2469,11
2470,2470,11
2471,2471,11
2472,2472,11
2473,2473,11
2474,2474,11
2475,2475,11
2476,2476,11
2477,2477,11
2478,2478,14
2479,2479,11
2480,2480,12
2481,2481,11
2482,2482,11
2483,2483,11
2484,2484,14
2485,2485,11
2486,2486,11
2487,2487,13
2488,2488,15
2489,2489,13
2490,2490,11
2491,2491,11
2492,2492,11
2493,2493,11
2494,2494,11
2495,2495,11
2496,2496,12
2497,2497,11
2498,2498,11
2499,2499,11
2500,2500,11
2501,2501,11
2502,2502,11
2503,2503,11
2504,2504,11
2505,2505,11
2506,2506,11
2507,2507,11
2508,2508,11
2509,2509,11
2510,2510,11
2511,2511,11
2512,2512,11
2513,2513,11
2514,2514,11
2515,2515,11
2516,2516,11
2517,2517,11
2518,2518,11
2519,2519,11
2520,2520,24
2521,2521,11
2522,2522,11
2523,2523,11
2524,2524,15
2525,2525,11
2526,2526,11
2527,2527,12
2528,2528,11
2529,2529,11
2530,2530,11
2531,2531,11
2532,2532,11
2533,2533,11
2534,2534,13
2535,2535,11
2536,2536,11
2537,2537,11
2538,2538,11
2539,2539,11
2540,2540,11
2541,2541,11
2542,2542,18
2543,2543,11
2544,2544,11
2545,2545,11
2546,2546,13
2547,2547,11
2548,2548,11
2549,2549,11
2550,2550,11
2551,2551,11
2552,2552,11
2553,2553,13
2554,2554,11
2555,2555,12
2556,2556,11
2557,2557,11
2558,2558,11
2559,2559,11
2560,2560,11
2561,2561,11
2562,2562,11
2563,2563,11
2564,2564,12
2565,2565,11
2566,2566,11
2567,2567,12
2568,2568,11
2569,2569,15
2570,2570,11
2571,2571,11
2572,2572,11
2573,2573,11
2574,2574,11
2575,2575,11
2576,2576,11
2577,2577,11
2578,2578,11
2579,2579,11
2580,2580,11
2581,2581,11
2582,2582,11
2583,2583,11
2584,2584,11
2585,2585,11
2586,2586,11
2587,2587,11
2588,2588,11
2589,2589,11
2590,2590,11
2591,2591,11
2592,2592,11
2593,2593,11
2594,2594,11
2595,2595,11
2596,2596,11
2597,2597,11
2598,2598,11
2599,2599,11
2600,2600,11
2601,2601,11
2602,2602,11
2603,2603,11
2604,2604,12
2605,2605,11
2606,2606,11
2607,2607,11
2608,2608,11
2609,2609,11
2610,2610,11
2611,2611,11
2612,2612,11
2613,2613,11
2614,2614,11
2615,2615,11
2616,2616,11
2617,2617,11
2618,2618,11
2619,2619,11
2620,2620,11
2621,2621,11
2622,2622,11
2623,2623,11
2624,2624,11
2625,2625,11
2626,2626,11
2627,2627,11
2628,2628,11
2629,2629,11
2630,2630,11
2631,2631,11
2632,2632,11
2633,2633,11
2634,2634,11
2635,2635,11
2636,2636,11
2637,2637,11
2638,2638,11
2639,2639,11
2640,2640,11
2641,2641,11
2642,2642,12
2643,2643,11
2644,2644,15
2645,2645,12
2646,2646,12
2647,2647,11
2648,2648,11
2649,2649,11
2650,2650,11
2651,2651,11
2652,2652,11
2653,2653,11
2654,2654,11
2655,2655,11
2656,2656,11
2657,2657,11
2658,2658,11
2659,2659,11
2660,2660,11
2661,2661,11
2662,2662,11
2663,2663,11
2664,2664,11
2665,2665,11
2666,2666,11
2667,2667,11
2668,2668,11
2669,2669,12
2670,2670,11
2671,2671,11
2672,2672,11
2673,2673,11
2674,2674,11
2675,2675,15
2676,2676,11
2677,2677,11
2678,2678,11
2679,2679,11
2680,2680,11
2681,2681,11
2682,2682,11
2683,2683,11
2684,2684,11
2685,2685,11
2686,2686,11
2687,2687,11
2688,2688,11
2689,2689,11
2690,2690,11
2691,2691,11
2692,2692,11
2693,2693,11
2694,2694,11
2695,2695,11
2696,2696,11
2697,2697,11
2698,2698,11
2699,2699,11
2700,2700,11
2701,2701,11
2702,2702,11
2703,2703,11
2704,2704,11
2705,2705,11
2706,2706,11
2707,2707,11
2708,2708,11
2709,2709,11
2710,2710,11
2711,2711,11
2712,2712,12
2713,2713,11
2714,2714,11
2715,2715,12
2716,2716,11
2717,2717,11
2718,2718,11
2719,2719,11
2720,2720,11
2721,2721,15
2722,2722,11
2723,2723,11
2724,2724,11
2725,2725,11
2726,2726,11
2727,2727,11
2728,2728,11
2729,2729,11
2730,2730,11
2731,2731,11
2732,2732,11
2733,2733,11
2734,2734,11
2735,2735,11
2736,2736,11
2737,2737,11
2738,2738,11
2739,2739,11
2740,2740,11
2741,2741,11
2742,2742,11
2743,2743,12
2744,2744,13
2745,2745,11
2746,2746,11
2747,2747,12
2748,2748,11
2749,2749,11
2750,2750,11
2751,2751,11
2752,2752,11
2753,2753,11
2754,2754,11
2755,2755,11
2756,2756,11
2757,2757,11
2758,2758,11
2759,2759,13
2760,2760,11
2761,2761,11
2762,2762,11
2763,2763,11
2764,2764,11
2765,2765,11
2766,2766,11
2767,2767,11
2768,2768,15
2769,2769,11
2770,2770,11
2771,2771,12
2772,2772,25
2773,2773,11
2774,2774,11
2775,2775,11
2776,2776,11
2777,2777,11
2778,2778,11
2779,2779,11
2780,2780,16
2781,2781,15
2782,2782,11
2783,2783,11
2784,2784,11
2785,2785,11
2786,2786,11
2787,2787,11
2788,2788,11
2789,2789,11
2790,2790,11
2791,2791,14
2792,2792,11
2793,2793,11
2794,2794,11
2795,2795,11
2796,2796,39
2797,2797,11
2798,2798,11
2799,2799,11
2800,2800,11
2801,2801,11
2802,2802,11
2803,2803,11
2804,2804,12
2805,2805,12
2806,2806,11
2807,2807,11
2808,2808,11
2809,2809,11
2810,2810,11
2811,2811,11
2812,2812,11
2813,2813,11
2814,2814,11
2815,2815,11
2816,2816,11
2817,2817,11
2818,2818,11
2819,2819,11
2820,2820,11
2821,2821,11
2822,2822,12
2823,2823,11
2824,2824,11
2825,2825,11
2826,2826,11
2827,2827,11
2828,2828,11
2829,2829,11
2830,2830,11
2831,2831,11
2832,2832,11
2833,2833,11
2834,2834,11
2835,2835,12
2836,2836,11
2837,2837,11
2838,2838,11
2839,2839,11
2840,2840,11
2841,2841,11
2842,2842,11
2843,2843,11
2844,2844,12
2845,2845,11
2846,2846,11
2847,2847,11
2848,2848,11
2849,2849,11
2850,2850,11
2851,2851,11
2852,2852,11
2853,2853,11
2854,2854,11
2855,2855,11
2856,2856,11
2857,2857,11
2858,2858,11
2859,2859,11
2860,2860,11
2861,2861,11
2862,2862,11
2863,2863,11
2864,2864,11
2865,2865,11
2866,2866,21
2867,2867,12
2868,2868,11
2869,2869,11
2870,2870,11
2871,2871,11
2872,2872,11
2873,2873,12
2874,2874,11
2875,2875,11
2876,2876,11
2877,2877,11
2878,2878,11
2879,2879,12
2880,2880,11
2881,2881,11
2882,2882,11
2883,2883,11
2884,2884,11
2885,2885,11
2886,2886,11
2887,2887,11
2888,2888,11
2889,2889,11
2890,2890,11
2891,2891,11
2892,2892,11
2893,2893,11
2894,2894,11
2895,2895,11
2896,2896,11
2897,2897,11
2898,2898,11
2899,2899,11
2900,2900,11
2901,2901,11
2902,2902,12
2903,2903,11
2904,2904,11
2905,2905,11
2906,2906,11
2907,2907,11
2908,2908,11
2909,2909,11
2910,2910,11
2911,2911,11
2912,2912,11
2913,2913,11
2914,2914,11
2915,2915,11
2916,2916,11
2917,2917,11
2918,2918,12
2919,2919,11
2920,2920,11
2921,2921,11
2922,2922,11
2923,2923,11
2924,2924,11
2925,2925,11
2926,2926,12
2927,2927,11
2928,2928,13
2929,2929,11
2930,2930,11
2931,2931,11
2932,2932,11
2933,2933,11
2934,2934,11
2935,2935,11
2936,2936,11
2937,2937,11
2938,2938,11
2939,2939,11
2940,2940,11
2941,2941,12
2942,2942,13
2943,2943,11
2944,2944,38
2945,2945,11
2946,2946,11
2947,2947,11
2948,2948,12
2949,2949,11
2950,2950,11
2951,2951,11
2952,2952,11
2953,2953,11
2954,2954,11
2955,2955,11
2956,2956,11
2957,2957,11
2958,2958,11
2959,2959,11
2960,2960,11
2961,2961,11
2962,2962,11
2963,2963,11
2964,2964,14
2965,2965,11
2966,2966,11
2967,2967,11
2968,2968,11
2969,2969,11
2970,2970,11
2971,2971,11
2972,2972,11
2973,2973,13
2974,2974,11
2975,2975,11
2976,2976,18
2977,2977,11
2978,2978,11
2979,2979,11
2980,2980,11
2981,2981,11
2982,2982,11
2983,2983,11
2984,2984,13
2985,2985,11
2986,2986,11
2987,2987,11
2988,2988,11
2989,2989,11
2990,2990,11
2991,2991,12
2992,2992,14
2993,2993,11
2994,2994,11
2995,2995,11
2996,2996,11
2997,2997,11
2998,2998,11
2999,2999,11
3000,3000,11
3001,3001,11
3002,3002,11
3003,3003,11
3004,3004,11
3005,3005,11
3006,3006,11
3007,3007,11
3008,3008,11
3009,3009,14
3010,3010,11
3011,3011,11
3012,3012,11
3013,3013,11
3014,3014,11
3015,3015,11
3016,3016,11
3017,3017,11
3018,3018,11
3019,3019,11
3020,3020,12
3021,3021,11
3022,3022,11
3023,3023,11
3024,3024,11
3025,3025,11
3026,3026,11
3027,3027,11
3028,3028,11
3029,3029,11
3030,3030,11
3031,3031,11
3032,3032,11
3033,3033,11
3034,3034,11
3035,3035,11
3036,3036,11
3037,3037,11
3038,3038,11
3039,3039,11
3040,3040,11
3041,3041,11
3042,3042,11
3043,3043,14
3044,3044,11
3045,3045,16
3046,3046,11
3047,3047,11
3048,3048,57
3049,3049,11
3050,3050,11
3051,3051,11
3052,3052,11
3053,3053,11
3054,3054,11
3055,3055,11
3056,3056,11
3057,3057,11
3058,3058,11
3059,3059,11
3060,3060,11
3061,3061,11
3062,3062,11
3063,3063,11
3064,3064,14
3065,3065,11
3066,3066,11
3067,3067,11
3068,3068,11
3069,3069,11
3070,3070,11
3071,3071,11
3072,3072,11
3073,3073,11
3074,3074,12
3075,3075,11
3076,3076,11
3077,3077,11
3078,3078,11
3079,3079,11
3080,3080,11
3081,3081,11
3082,3082,11
3083,3083,11
3084,3084,11
3085,3085,11
3086,3086,11
3087,3087,11
3088,3088,11
3089,3089,11
3090,3090,18
3091,3091,11
3092,3092,11
3093,3093,11
3094,3094,11
3095,3095,12
3096,3096,11
3097,3097,11
3098,3098,11
3099,3099,11
3100,3100,11
3101,3101,11
3102,3102,11
3103,3103,11
3104,3104,11
3105,3105,11
3106,3106,11
3107,3107,11
3108,3108,12
3109,3109,11
3110,3110,11
3111,3111,11
3112,3112,11
3113,3113,11
3114,3114,11
3115,3115,13
3116,3116,11
3117,3117,11
3118,3118,11
3119,3119,11
3120,3120,11
3121,3121,11
3122,3122,12
3123,3123,11
3124,3124,11
3125,3125,11
3126,3126,11
3127,3127,13
3128,3128,11
3129,3129,13
3130,3130,13
3131,3131,11
3132,3132,11
3133,3133,11
3134,3134,11
3135,3135,11
3136,3136,11
3137,3137,11
3138,3138,11
3139,3139,11
3140,3140,11
3141,3141,11
3142,3142,11
3143,3143,11
3144,3144,11
3145,3145,11
3146,3146,11
3147,3147,11
3148,3148,11
3149,3149,11
3150,3150,11
3151,3151,11
3152,3152,11
3153,3153,11
3154,3154,13
3155,3155,11
3156,3156,12
3157,3157,11
3158,3158,11
3159,3159,15
3160,3160,11
3161,3161,11
3162,3162,11
3163,3163,11
3164,3164,12
3165,3165,12
3166,3166,11
3167,3167,11
3168,3168,11
3169,3169,11
3170,3170,11
3171,3171,11
3172,3172,11
3173,3173,11
3174,3174,11
3175,3175,11
3176,3176,14
3177,3177,11
3178,3178,11
3179,3179,11
3180,3180,11
3181,3181,11
3182,3182,11
3183,3183,11
3184,3184,11
3185,3185,11
3186,3186,11
3187,3187,11
3188,3188,11
3189,3189,14
3190,3190,11
3191,3191,13
3192,3192,11
3193,3193,11
3194,3194,11
3195,3195,11
3196,3196,11
3197,3197,11
3198,3198,11
3199,3199,11
3200,3200,11
3201,3201,11
3202,3202,11
3203,3203,11
3204,3204,12
3205,3205,11
3206,3206,11
3207,3207,11
3208,3208,11
3209,3209,11
3210,3210,11
3211,3211,11
3212,3212,11
3213,3213,11
3214,3214,11
3215,3215,11
3216,3216,11
3217,3217,11
3218,3218,11
3219,3219,11
3220,3220,11
3221,3221,11
3222,3222,11
3223,3223,11
3224,3224,11
3225,3225,11
3226,3226,11
3227,3227,11
3228,3228,11
3229,3229,11
3230,3230,11
3231,3231,11
3232,3232,13
3233,3233,11
3234,3234,11
3235,3235,11
3236,3236,11
3237,3237,11
3238,3238,11
3239,3239,11
3240,3240,15
3241,3241,11
3242,3242,12
3243,3243,11
3244,3244,11
3245,3245,11
3246,3246,11
3247,3247,11
3248,3248,11
3249,3249,11
3250,3250,14
3251,3251,11
3252,3252,11
3253,3253,11
3254,3254,12
3255,3255,18
3256,3256,11
3257,3257,11
3258,3258,11
3259,3259,11
3260,3260,11
3261,3261,12
3262,3262,13
3263,3263,11
3264,3264,11
3265,3265,11
3266,3266,11
3267,3267,11
3268,3268,16
3269,3269,11
3270,3270,11
3271,3271,11
3272,3272,11
3273,3273,11
3274,3274,12
3275,3275,11
3276,3276,11
3277,3277,13
3278,3278,11
3279,3279,11
3280,3280,11
3281,3281,11
3282,3282,11
3283,3283,11
3284,3284,11
3285,3285,11
3286,3286,11
3287,3287,12
3288,3288,11
3289,3289,11
3290,3290,11
3291,3291,11
3292,3292,11
3293,3293,11
3294,3294,11
3295,3295,11
3296,3296,11
3297,3297,11
3298,3298,11
3299,3299,11
3300,3300,11
3301,3301,12
3302,3302,11
3303,3303,11
3304,3304,11
3305,3305,11
3306,3306,11
3307,3307,11
3308,3308,11
3309,3309,11
3310,3310,11
3311,3311,12
3312,3312,11
3313,3313,11
3314,3314,11
3315,3315,11
3316,3316,13
3317,3317,11
3318,3318,11
3319,3319,12
3320,3320,11
3321,3321,11
3322,3322,11
3323,3323,11
3324,3324,11
3325,3325,11
3326,3326,11
3327,3327,12
3328,3328,11
3329,3329,11
3330,3330,11
3331,3331,11
3332,3332,11
3333,3333,11
3334,3334,11
3335,3335,11
3336,3336,11
3337,3337,11
3338,3338,11
3339,3339,12
3340,3340,12
3341,3341,11
3342,3342,11
3343,3343,11
3344,3344,11
3345,3345,12
3346,3346,11
3347,3347,11
3348,3348,11
3349,3349,11
3350,3350,11
3351,3351,11
3352,3352,12
3353,3353,11
3354,3354,11
3355,3355,11
3356,3356,11
3357,3357,11
3358,3358,11
3359,3359,11
3360,3360,11
3361,3361,11
3362,3362,11
3363,3363,13
3364,3364,11
3365,3365,11
3366,3366,11
3367,3367,11
3368,3368,11
3369,3369,11
3370,3370,11
3371,3371,11
3372,3372,11
3373,3373,11
3374,3374,11
3375,3375,11
3376,3376,11
3377,3377,11
3378,3378,11
3379,3379,11
3380,3380,11
3381,3381,11
3382,3382,11
3383,3383,11
3384,3384,11
3385,3385,11
3386,3386,11
3387,3387,12
3388,3388,12
3389,3389,11
3390,3390,11
3391,3391,11
3392,3392,11
3393,3393,11
3394,3394,11
3395,3395,11
3396,3396,11
3397,3397,11
3398,3398,11
3399,3399,11
3400,3400,11
3401,3401,14
3402,3402,14
3403,3403,11
3404,3404,11
3405,3405,11
3406,3406,11
3407,3407,11
3408,3408,12
3409,3409,11
3410,3410,11
3411,3411,11
3412,3412,11
3413,3413,11
3414,3414,11
3415,3415,11
3416,3416,11
3417,3417,11
3418,3418,11
3419,3419,16
3420,3420,11
3421,3421,11
3422,3422,11
3423,3423,11
3424,3424,11
3425,3425,11
3426,3426,11
3427,3427,11
3428,3428,11
3429,3429,11
3430,3430,11
3431,3431,11
3432,3432,11
3433,3433,11
3434,3434,12
3435,3435,11
3436,3436,11
3437,3437,11
3438,3438,11
3439,3439,11
3440,3440,11
3441,3441,11
3442,3442,11
3443,3443,11
3444,3444,11
3445,3445,11
3446,3446,11
3447,3447,11
3448,3448,11
3449,3449,11
3450,3450,11
3451,3451,11
3452,3452,11
3453,3453,11
3454,3454,11
3455,3455,11
3456,3456,11
3457,3457,37
3458,3458,11
3459,3459,11
3460,3460,12
3461,3461,11
3462,3462,11
3463,3463,11
3464,3464,11
3465,3465,11
3466,3466,11
3467,3467,11
3468,3468,11
3469,3469,11
3470,3470,11
3471,3471,11
3472,3472,12
3473,3473,11
3474,3474,12
3475,3475,11
3476,3476,11
3477,3477,12
3478,3478,11
3479,3479,11
3480,3480,11
3481,3481,11
3482,3482,11
3483,3483,11
3484,3484,11
3485,3485,12
3486,3486,11
3487,3487,12
3488,3488,12
3489,3489,11
3490,3490,11
3491,3491,11
3492,3492,11
3493,3493,11
3494,3494,16
3495,3495,11
3496,3496,11
3497,3497,11
3498,3498,11
3499,3499,11
3500,3500,11
3501,3501,11
3502,3502,11
3503,3503,11
3504,3504,11
3505,3505,11
3506,3506,11
3507,3507,11
3508,3508,11
3509,3509,11
3510,3510,11
3511,3511,16
3512,3512,11
3513,3513,11
3514,3514,11
3515,3515,11
3516,3516,12
3517,3517,11
3518,3518,12
3519,3519,11
3520,3520,11
3521,3521,11
3522,3522,11
3523,3523,11
3524,3524,11
3525,3525,11
3526,3526,12
3527,3527,11
3528,3528,11
3529,3529,11
3530,3530,11
3531,3531,11
3532,3532,11
3533,3533,11
3534,3534,11
3535,3535,11
3536,3536,11
3537,3537,11
3538,3538,11
3539,3539,11
3540,3540,11
3541,3541,11
3542,3542,11
3543,3543,12
3544,3544,11
3545,3545,11
3546,3546,11
3547,3547,11
3548,3548,11
3549,3549,11
3550,3550,11
3551,3551,11
3552,3552,11
3553,3553,11
3554,3554,11
3555,3555,11
3556,3556,15
3557,3557,11
3558,3558,11
3559,3559,11
3560,3560,11
3561,3561,11
3562,3562,11
3563,3563,11
3564,3564,11
3565,3565,11
3566,3566,11
3567,3567,11
3568,3568,11
3569,3569,11
3570,3570,11
3571,3571,11
3572,3572,11
3573,3573,11
3574,3574,11
3575,3575,11
3576,3576,11
3577,3577,12
3578,3578,11
3579,3579,11
3580,3580,11
3581,3581,11
3582,3582,12
3583,3583,11
3584,3584,11
3585,3585,11
3586,3586,11
3587,3587,11
3588,3588,11
3589,3589,11
3590,3590,11
3591,3591,11
3592,3592,11
3593,3593,11
3594,3594,11
3595,3595,11
3596,3596,11
3597,3597,11
3598,3598,11
3599,3599,11
3600,3600,13
3601,3601,11
3602,3602,11
3603,3603,11
3604,3604,11
3605,3605,11
3606,3606,11
3607,3607,11
3608,3608,11
3609,3609,11
3610,3610,12
3611,3611,11
3612,3612,11
3613,3613,11
3614,3614,11
3615,3615,11
3616,3616,11
3617,3617,11
3618,3618,11
3619,3619,11
3620,3620,11
3621,3621,11
3622,3622,11
3623,3623,11
3624,3624,11
3625,3625,15
3626,3626,11
3627,3627,11
3628,3628,11
3629,3629,11
3630,3630,11
3631,3631,11
3632,3632,12
3633,3633,11
3634,3634,11
3635,3635,11
3636,3636,11
3637,3637,11
3638,3638,11
3639,3639,11
3640,3640,11
3641,3641,12
3642,3642,12
3643,3643,11
3644,3644,13
3645,3645,14
3646,3646,11
3647,3647,11
3648,3648,11
3649,3649,11
3650,3650,11
3651,3651,11
3652,3652,11
3653,3653,11
3654,3654,11
3655,3655,11
3656,3656,11
3657,3657,11
3658,3658,11
3659,3659,11
3660,3660,11
3661,3661,11
3662,3662,11
3663,3663,11
3664,3664,11
3665,3665,11
3666,3666,11
3667,3667,11
3668,3668,14
3669,3669,11
3670,3670,11
3671,3671,11
3672,3672,11
3673,3673,11
3674,3674,12
3675,3675,21
3676,3676,11
3677,3677,11
3678,3678,11
3679,3679,11
3680,3680,11
3681,3681,11
3682,3682,11
3683,3683,11
3684,3684,11
3685,3685,11
3686,3686,11
3687,3687,11
3688,3688,14
3689,3689,11
3690,3690,11
3691,3691,11
3692,3692,12
3693,3693,11
3694,3694,11
3695,3695,11
3696,3696,11
3697,3697,11
3698,3698,11
3699,3699,11
3700,3700,11
3701,3701,11
3702,3702,12
3703,3703,11
3704,3704,12
3705,3705,11
3706,3706,11
3707,3707,11
3708,3708,11
3709,3709,12
3710,3710,11
3711,3711,11
3712,3712,11
3713,3713,11
3714,3714,11
3715,3715,11
3716,3716,11
3717,3717,11
3718,3718,11
3719,3719,11
3720,3720,11
3721,3721,11
3722,3722,11
3723,3723,11
3724,3724,11
3725,3725,11
3726,3726,11
3727,3727,12
3728,3728,12
3729,3729,11
3730,3730,11
3731,3731,12
3732,3732,11
3733,3733,11
3734,3734,11
3735,3735,11
3736,3736,12
3737,3737,11
3738,3738,11
3739,3739,11
3740,3740,11
3741,3741,11
3742,3742,11
3743,3743,11
3744,3744,11
3745,3745,11
3746,3746,11
3747,3747,11
3748,3748,11
3749,3749,11
3750,3750,11
3751,3751,11
3752,3752,11
3753,3753,11
3754,3754,11
3755,3755,11
3756,3756,11
3757,3757,11
3758,3758,11
3759,3759,11
3760,3760,11
3761,3761,11
3762,3762,12
3763,3763,11
3764,3764,13
3765,3765,11
3766,3766,11
3767,3767,11
3768,3768,11
3769,3769,12
3770,3770,11
3771,3771,11
3772,3772,14
3773,3773,11
3774,3774,11
3775,3775,12
3776,3776,13
3777,3777,11
3778,3778,11
3779,3779,11
3780,3780,11
3781,3781,11
3782,3782,11
3783,3783,11
3784,3784,11
3785,3785,11
3786,3786,11
3787,3787,11
3788,3788,11
3789,3789,11
3790,3790,11
3791,3791,11
3792,3792,11
3793,3793,11
3794,3794,11
3795,3795,11
3796,3796,11
3797,3797,11
3798,3798,11
3799,3799,11
3800,3800,11
3801,3801,11
3802,3802,11
3803,3803,24
3804,3804,11
3805,3805,11
3806,3806,11
3807,3807,11
3808,3808,15
3809,3809,11
3810,3810,12
3811,3811,11
3812,3812,11
3813,3813,11
3814,3814,12
3815,3815,11
3816,3816,11
3817,3817,11
3818,3818,11
3819,3819,11
3820,3820,11
3821,3821,12
3822,3822,11
3823,3823,11
3824,3824,11
3825,3825,11
3826,3826,11
3827,3827,11
3828,3828,11
3829,3829,11
3830,3830,11
3831,3831,11
3832,3832,11
3833,3833,11
3834,3834,11
3835,3835,11
3836,3836,11
3837,3837,14
3838,3838,11
3839,3839,11
3840,3840,11
3841,3841,11
3842,3842,11
3843,3843,12
3844,3844,11
3845,3845,11
3846,3846,11
3847,3847,11
3848,3848,11
3849,3849,11
3850,3850,11
3851,3851,11
3852,3852,12
3853,3853,11
3854,3854,11
3855,3855,11
3856,3856,11
3857,3857,11
3858,3858,11
3859,3859,11
3860,3860,11
3861,3861,11
3862,3862,12
3863,3863,11
3864,3864,11
3865,3865,11
3866,3866,11
3867,3867,11
3868,3868,11
3869,3869,11
3870,3870,11
3871,3871,11
3872,3872,11
3873,3873,11
3874,3874,11
3875,3875,11
3876,3876,11
3877,3877,11
3878,3878,11
3879,3879,11
3880,3880,12
3881,3881,11
3882,3882,11
3883,3883,11
3884,3884,11
3885,3885,11
3886,3886,11
3887,3887,11
3888,3888,11
3889,3889,11
3890,3890,11
3891,3891,11
3892,3892,11
3893,3893,11
3894,3894,11
3895,3895,12
3896,3896,11
3897,3897,11
3898,3898,11
3899,3899,12
3900,3900,11
3901,3901,12
3902,3902,11
3903,3903,15
3904,3904,11
3905,3905,11
3906,3906,11
3907,3907,12
3908,3908,11
3909,3909,25
3910,3910,11
3911,3911,11
3912,3912,11
3913,3913,11
3914,3914,11
3915,3915,12
3916,3916,11
3917,3917,15
3918,3918,11
3919,3919,11
3920,3920,11
3921,3921,14
3922,3922,11
3923,3923,11
3924,3924,11
3925,3925,11
3926,3926,11
3927,3927,11
3928,3928,13
3929,3929,11
3930,3930,11
3931,3931,11
3932,3932,11
3933,3933,11
3934,3934,11
3935,3935,11
3936,3936,11
3937,3937,28
3938,3938,13
3939,3939,11
3940,3940,11
3941,3941,11
3942,3942,11
3943,3943,11
3944,3944,11
3945,3945,11
3946,3946,11
3947,3947,11
3948,3948,11
3949,3949,12
3950,3950,11
3951,3951,11
3952,3952,11
3953,3953,11
3954,3954,11
3955,3955,11
3956,3956,11
3957,3957,11
3958,3958,11
3959,3959,11
3960,3960,11
3961,3961,11
3962,3962,11
3963,3963,11
3964,3964,11
3965,3965,11
3966,3966,11
3967,3967,11
3968,3968,11
3969,3969,11
3970,3970,11
3971,3971,11
3972,3972,11
3973,3973,14
3974,3974,11
3975,3975,11
3976,3976,11
3977,3977,11
3978,3978,11
3979,3979,11
3980,3980,11
3981,3981,11
3982,3982,11
3983,3983,11
3984,3984,11
3985,3985,11
3986,3986,11
3987,3987,11
3988,3988,11
3989,3989,11
3990,3990,11
3991,3991,11
3992,3992,11
3993,3993,11
3994,3994,11
3995,3995,11
3996,3996,11
3997,3997,11
3998,3998,11
3999,3999,11
4000,4000,11
4001,4001,11
4002,4002,11
4003,4003,11
4004,4004,11
4005,4005,11
4006,4006,11
4007,4007,11
4008,4008,11
4009,4009,11
4010,4010,11
4011,4011,11
4012,4012,13
4013,4013,11
4014,4014,11
4015,4015,11
4016,4016,11
4017,4017,11
4018,4018,11
4019,4019,11
4020,4020,11
4021,4021,11
4022,4022,11
4023,4023,11
4024,4024,11
4025,4025,11
4026,4026,11
4027,4027,11
4028,4028,11
4029,4029,11
4030,4030,11
4031,4031,11
4032,4032,11
4033,4033,11
4034,4034,11
4035,4035,11
4036,4036,11
4037,4037,11
4038,4038,11
4039,4039,11
4040,4040,11
4041,4041,11
4042,4042,11
4043,4043,11
4044,4044,11
4045,4045,11
4046,4046,11
4047,4047,11
4048,4048,11
4049,4049,11
4050,4050,11
4051,4051,11
4052,4052,11
4053,4053,11
4054,4054,11
4055,4055,11
4056,4056,14
4057,4057,11
4058,4058,11
4059,4059,11
4060,4060,11
4061,4061,11
4062,4062,11
4063,4063,11
4064,4064,11
4065,4065,11
4066,4066,12
4067,4067,11
4068,4068,11
4069,4069,11
4070,4070,11
4071,4071,11
4072,4072,11
4073,4073,12
4074,4074,11
4075,4075,11
4076,4076,11
4077,4077,11
4078,4078,11
4079,4079,12
4080,4080,11
4081,4081,11
4082,4082,12
4083,4083,11
4084,4084,11
4085,4085,11
4086,4086,11
4087,4087,11
4088,4088,11
4089,4089,11
4090,4090,11
4091,4091,11
4092,4092,11
4093,4093,11
4094,4094,11
4095,4095,11
4096,4096,11
4097,4097,11
4098,4098,11
4099,4099,11
4100,4100,12
4101,4101,11
4102,4102,11
4103,4103,11
4104,4104,11
4105,4105,11
4106,4106,11
4107,4107,11
4108,4108,11
4109,4109,11
4110,4110,11
4111,4111,15
4112,4112,11
4113,4113,11
4114,4114,11
4115,4115,11
4116,4116,12
4117,4117,11
4118,4118,11
4119,4119,11
4120,4120,12
4121,4121,11
4122,4122,11
4123,4123,13
4124,4124,11
4125,4125,11
4126,4126,11
4127,4127,11
4128,4128,11
4129,4129,11
4130,4130,11
4131,4131,11
4132,4132,11
4133,4133,11
4134,4134,11
4135,4135,11
4136,4136,11
4137,4137,11
4138,4138,12
4139,4139,12
4140,4140,11
4141,4141,11
4142,4142,11
4143,4143,11
4144,4144,11
4145,4145,11
4146,4146,11
4147,4147,11
4148,4148,12
4149,4149,11
4150,4150,11
4151,4151,11
4152,4152,11
4153,4153,11
4154,4154,11
4155,4155,11
4156,4156,11
4157,4157,11
4158,4158,11
4159,4159,11
4160,4160,11
4161,4161,11
4162,4162,11
4163,4163,11
4164,4164,11
4165,4165,11
4166,4166,11
4167,4167,11
4168,4168,11
4169,4169,11
4170,4170,11
4171,4171,11
4172,4172,11
4173,4173,11
4174,4174,11
4175,4175,11
4176,4176,20
4177,4177,11
4178,4178,15
4179,4179,12
4180,4180,11
4181,4181,11
4182,4182,15
4183,4183,11
4184,4184,11
4185,4185,11
4186,4186,11
4187,4187,11
4188,4188,11
4189,4189,11
4190,4190,11
4191,4191,11
4192,4192,11
4193,4193,12
4194,4194,11
4195,4195,11
4196,4196,11
4197,4197,11
4198,4198,11
4199,4199,11
4200,4200,11
4201,4201,11
4202,4202,11
4203,4203,11
4204,4204,12
4205,4205,13
4206,4206,11
4207,4207,12
4208,4208,11
4209,4209,11
4210,4210,11
4211,4211,11
4212,4212,11
4213,4213,11
4214,4214,11
4215,4215,11
4216,4216,11
4217,4217,12
4218,4218,11
4219,4219,11
4220,4220,11
4221,4221,11
4222,4222,11
4223,4223,11
4224,4224,11
4225,4225,11
4226,4226,11
4227,4227,11
4228,4228,11
4229,4229,11
4230,4230,11
4231,4231,11
4232,4232,11
4233,4233,11
4234,4234,11
4235,4235,11
4236,4236,12
4237,4237,11
4238,4238,11
4239,4239,11
4240,4240,11
4241,4241,11
4242,4242,11
4243,4243,11
4244,4244,11
4245,4245,12
4246,4246,11
4247,4247,11
4248,4248,12
4249,4249,11
4250,4250,11
4251,4251,11
4252,4252,11
4253,4253,11
4254,4254,11
4255,4255,11
4256,4256,11
4257,4257,11
4258,4258,11
4259,4259,11
4260,4260,11
4261,4261,11
4262,4262,11
4263,4263,11
4264,4264,11
4265,4265,11
4266,4266,11
4267,4267,11
4268,4268,11
4269,4269,11
4270,4270,11
4271,4271,11
4272,4272,11
4273,4273,11
4274,4274,11
4275,4275,11
4276,4276,11
4277,4277,11
4278,4278,11
4279,4279,13
4280,4280,11
4281,4281,11
4282,4282,11
4283,4283,11
4284,4284,11
4285,4285,11
4286,4286,23
4287,4287,11
4288,4288,11
4289,4289,11
4290,4290,11
4291,4291,11
4292,4292,11
4293,4293,11
4294,4294,11
4295,4295,12
4296,4296,11
4297,4297,12
4298,4298,11
4299,4299,11
4300,4300,11
4301,4301,11
4302,4302,11
4303,4303,12
4304,4304,11
4305,4305,12
4306,4306,11
4307,4307,11
4308,4308,11
4309,4309,11
4310,4310,15
4311,4311,11
4312,4312,11
4313,4313,11
4314,4314,11
4315,4315,11
4316,4316,13
4317,4317,12
4318,4318,11
4319,4319,11
4320,4320,11
4321,4321,11
4322,4322,11
4323,4323,11
4324,4324,11
4325,4325,11
4326,4326,11
4327,4327,11
4328,4328,11
4329,4329,11
4330,4330,11
4331,4331,11
4332,4332,13
4333,4333,11
4334,4334,11
4335,4335,11
4336,4336,11
4337,4337,11
4338,4338,11
4339,4339,11
4340,4340,11
4341,4341,11
4342,4342,11
4343,4343,22
4344,4344,11
4345,4345,12
4346,4346,11
4347,4347,11
4348,4348,11
4349,4349,11
4350,4350,11
4351,4351,11
4352,4352,11
4353,4353,11
4354,4354,11
4355,4355,11
4356,4356,11
4357,4357,11
4358,4358,11
4359,4359,11
4360,4360,11
4361,4361,11
4362,4362,11
4363,4363,11
4364,4364,11
4365,4365,11
4366,4366,11
4367,4367,12
4368,4368,11
4369,4369,11
4370,4370,11
4371,4371,11
4372,4372,11
4373,4373,11
4374,4374,11
4375,4375,13
4376,4376,11
4377,4377,11
4378,4378,11
4379,4379,23
4380,4380,11
4381,4381,16
4382,4382,12
4383,4383,11
4384,4384,11
4385,4385,11
4386,4386,11
4387,4387,11
4388,4388,11
4389,4389,11
4390,4390,11
4391,4391,11
4392,4392,14
4393,4393,11
4394,4394,14
4395,4395,11
4396,4396,11
4397,4397,11
4398,4398,11
4399,4399,11
4400,4400,11
4401,4401,11
4402,4402,11
4403,4403,11
4404,4404,11
4405,4405,11
4406,4406,11
4407,4407,11
4408,4408,11
4409,4409,11
4410,4410,11
4411,4411,11
4412,4412,11
4413,4413,11
4414,4414,11
4415,4415,11
4416,4416,11
4417,4417,11
4418,4418,11
4419,4419,11
4420,4420,11
4421,4421,11
4422,4422,11
4423,4423,11
4424,4424,11
4425,4425,11
4426,4426,11
4427,4427,12
4428,4428,11
4429,4429,12
4430,4430,11
4431,4431,11
4432,4432,12
4433,4433,11
4434,4434,11
4435,4435,11
4436,4436,11
4437,4437,11
4438,4438,11
4439,4439,11
4440,4440,11
4441,4441,12
4442,4442,11
4443,4443,11
4444,4444,12
4445,4445,11
4446,4446,12
4447,4447,11
4448,4448,11
4449,4449,14
4450,4450,11
4451,4451,11
4452,4452,11
4453,4453,11
4454,4454,11
4455,4455,11
4456,4456,11
4457,4457,11
4458,4458,11
4459,4459,11
4460,4460,11
4461,4461,12
4462,4462,11
4463,4463,11
4464,4464,11
4465,4465,12
4466,4466,11
4467,4467,11
4468,4468,11
4469,4469,11
4470,4470,14
4471,4471,11
4472,4472,11
4473,4473,11
4474,4474,13
4475,4475,11
4476,4476,11
4477,4477,11
4478,4478,11
4479,4479,11
4480,4480,11
4481,4481,11
4482,4482,11
4483,4483,11
4484,4484,11
4485,4485,11
4486,4486,11
4487,4487,11
4488,4488,11
4489,4489,11
4490,4490,11
4491,4491,11
4492,4492,11
4493,4493,11
4494,4494,11
4495,4495,11
4496,4496,11
4497,4497,11
4498,4498,11
4499,4499,11
4500,4500,11
4501,4501,11
4502,4502,11
4503,4503,11
4504,4504,11
4505,4505,11
4506,4506,11
4507,4507,11
4508,4508,11
4509,4509,11
4510,4510,15
4511,4511,11
4512,4512,13
4513,4513,11
4514,4514,11
4515,4515,11
4516,4516,11
4517,4517,11
4518,4518,11
4519,4519,12
4520,4520,11
4521,4521,11
4522,4522,11
4523,4523,11
4524,4524,11
4525,4525,11
4526,4526,13
4527,4527,11
4528,4528,11
4529,4529,11
4530,4530,11
4531,4531,11
4532,4532,11
4533,4533,11
4534,4534,11
4535,4535,11
4536,4536,11
4537,4537,11
4538,4538,11
4539,4539,11
4540,4540,11
4541,4541,11
4542,4542,11
4543,4543,11
4544,4544,11
4545,4545,11
4546,4546,11
4547,4547,11
4548,4548,11
4549,4549,11
4550,4550,11
4551,4551,11
4552,4552,11
4553,4553,11
4554,4554,11
4555,4555,11
4556,4556,11
4557,4557,11
4558,4558,11
4559,4559,11
4560,4560,11
4561,4561,11
4562,4562,11
4563,4563,11
4564,4564,11
4565,4565,11
4566,4566,11
4567,4567,11
4568,4568,11
4569,4569,11
4570,4570,11
4571,4571,15
4572,4572,11
4573,4573,11
4574,4574,12
4575,4575,11
4576,4576,11
4577,4577,11
4578,4578,11
4579,4579,11
4580,4580,11
4581,4581,11
4582,4582,13
4583,4583,28
4584,4584,11
4585,4585,11
4586,4586,11
4587,4587,11
4588,4588,11
4589,4589,11
4590,4590,11
4591,4591,11
4592,4592,14
4593,4593,11
4594,4594,11
4595,4595,11
4596,4596,11
4597,4597,11
4598,4598,11
4599,4599,88
4600,4600,12
4601,4601,11
4602,4602,11
4603,4603,11
4604,4604,12
4605,4605,11
4606,4606,11
4607,4607,11
4608,4608,11
4609,4609,11
4610,4610,11
4611,4611,11
4612,4612,11
4613,4613,11
4614,4614,11
4615,4615,11
4616,4616,11
4617,4617,11
4618,4618,11
4619,4619,11
4620,4620,11
4621,4621,11
4622,4622,11
4623,4623,11
4624,4624,11
4625,4625,11
4626,4626,11
4627,4627,11
4628,4628,11
4629,4629,11
4630,4630,11
4631,4631,11
4632,4632,11
4633,4633,13
4634,4634,12
4635,4635,11
4636,4636,11
4637,4637,11
4638,4638,11
4639,4639,11
4640,4640,11
4641,4641,11
4642,4642,11
4643,4643,15
4644,4644,11
4645,4645,11
4646,4646,11
4647,4647,11
4648,4648,11
4649,4649,11
4650,4650,11
4651,4651,11
4652,4652,13
4653,4653,11
4654,4654,11
4655,4655,11
4656,4656,11
4657,4657,11
4658,4658,11
4659,4659,17
4660,4660,11
4661,4661,11
4662,4662,11
4663,4663,11
4664,4664,11
4665,4665,12
4666,4666,12
4667,4667,11
4668,4668,11
4669,4669,11
4670,4670,11
4671,4671,11
4672,4672,11
4673,4673,11
4674,4674,11
4675,4675,12
4676,4676,11
4677,4677,11
4678,4678,13
4679,4679,11
4680,4680,11
4681,4681,11
4682,4682,11
4683,4683,11
4684,4684,11
4685,4685,11
4686,4686,12
4687,4687,11
4688,4688,11
4689,4689,14
4690,4690,11
4691,4691,11
4692,4692,11
4693,4693,11
4694,4694,11
4695,4695,11
4696,4696,11
4697,4697,11
4698,4698,12
4699,4699,11
4700,4700,11
4701,4701,11
4702,4702,12
4703,4703,11
4704,4704,11
4705,4705,11
4706,4706,11
4707,4707,11
4708,4708,11
4709,4709,11
4710,4710,11
4711,4711,11
4712,4712,11
4713,4713,11
4714,4714,11
4715,4715,11
4716,4716,11
4717,4717,13
4718,4718,11
4719,4719,11
4720,4720,11
4721,4721,11
4722,4722,11
4723,4723,11
4724,4724,11
4725,4725,11
4726,4726,11
4727,4727,11
4728,4728,11
4729,4729,11
4730,4730,11
4731,4731,11
4732,4732,15
4733,4733,11
4734,4734,11
4735,4735,11
4736,4736,11
4737,4737,11
4738,4738,20
4739,4739,11
4740,4740,11
4741,4741,11
4742,4742,11
4743,4743,11
4744,4744,11
4745,4745,12
4746,4746,11
4747,4747,11
4748,4748,11
4749,4749,11
4750,4750,11
4751,4751,11
4752,4752,13
4753,4753,11
4754,4754,11
4755,4755,11
4756,4756,12
4757,4757,12
4758,4758,11
4759,4759,11
4760,4760,12
4761,4761,11
4762,4762,11
4763,4763,11
4764,4764,11
4765,4765,11
4766,4766,12
4767,4767,11
4768,4768,15
4769,4769,11
4770,4770,11
4771,4771,11
4772,4772,11
4773,4773,11
4774,4774,11
4775,4775,11
4776,4776,11
4777,4777,11
4778,4778,13
4779,4779,11
4780,4780,11
4781,4781,11
4782,4782,11
4783,4783,11
4784,4784,14
4785,4785,11
4786,4786,11
4787,4787,11
4788,4788,11
4789,4789,11
4790,4790,11
4791,4791,11
4792,4792,11
4793,4793,11
4794,4794,11
4795,4795,11
4796,4796,11
4797,4797,11
4798,4798,11
4799,4799,11
4800,4800,11
4801,4801,11
4802,4802,11
4803,4803,11
4804,4804,11
4805,4805,11
4806,4806,11
4807,4807,11
4808,4808,11
4809,4809,11
4810,4810,11
4811,4811,11
4812,4812,11
4813,4813,12
4814,4814,11
4815,4815,11
4816,4816,11
4817,4817,11
4818,4818,11
4819,4819,11
4820,4820,11
4821,4821,11
4822,4822,11
4823,4823,11
4824,4824,11
4825,4825,11
4826,4826,11
4827,4827,11
4828,4828,11
4829,4829,11
4830,4830,11
4831,4831,11
4832,4832,11
4833,4833,11
4834,4834,11
4835,4835,11
4836,4836,11
4837,4837,11
4838,4838,12
4839,4839,11
4840,4840,12
4841,4841,12
4842,4842,13
4843,4843,11
4844,4844,11
4845,4845,11
4846,4846,11
4847,4847,11
4848,4848,11
4849,4849,11
4850,4850,11
4851,4851,25
4852,4852,11
4853,4853,11
4854,4854,11
4855,4855,11
4856,4856,16
4857,4857,11
4858,4858,12
4859,4859,11
4860,4860,11
4861,4861,11
4862,4862,11
4863,4863,11
4864,4864,11
4865,4865,11
4866,4866,11
4867,4867,11
4868,4868,11
4869,4869,11
4870,4870,12
4871,4871,11
4872,4872,11
4873,4873,11
4874,4874,14
4875,4875,11
4876,4876,11
4877,4877,11
4878,4878,11
4879,4879,14
4880,4880,11
4881,4881,11
4882,4882,11
4883,4883,11
4884,4884,11
4885,4885,11
4886,4886,11
4887,4887,11
4888,4888,11
4889,4889,11
4890,4890,11
4891,4891,12
4892,4892,11
4893,4893,14
4894,4894,11
4895,4895,11
4896,4896,11
4897,4897,11
4898,4898,12
4899,4899,11
4900,4900,11
4901,4901,11
4902,4902,11
4903,4903,12
4904,4904,12
4905,4905,11
4906,4906,11
4907,4907,11
4908,4908,11
4909,4909,11
4910,4910,11
4911,4911,19
4912,4912,11
4913,4913,11
4914,4914,11
4915,4915,11
4916,4916,11
4917,4917,11
4918,4918,11
4919,4919,11
4920,4920,11
4921,4921,11
4922,4922,11
4923,4923,11
4924,4924,11
4925,4925,11
4926,4926,11
4927,4927,14
4928,4928,11
4929,4929,11
4930,4930,11
4931,4931,11
4932,4932,11
4933,4933,12
4934,4934,11
4935,4935,11
4936,4936,11
4937,4937,11
4938,4938,11
4939,4939,11
4940,4940,11
4941,4941,11
4942,4942,11
4943,4943,11
4944,4944,12
4945,4945,11
4946,4946,11
4947,4947,11
4948,4948,12
4949,4949,11
4950,4950,13
4951,4951,11
4952,4952,12
4953,4953,11
4954,4954,11
4955,4955,11
4956,4956,11
4957,4957,11
4958,4958,11
4959,4959,11
4960,4960,11
4961,4961,11
4962,4962,11
4963,4963,11
4964,4964,11
4965,4965,11
4966,4966,11
4967,4967,11
4968,4968,11
4969,4969,11
4970,4970,13
4971,4971,11
4972,4972,11
4973,4973,11
4974,4974,11
4975,4975,11
4976,4976,12
4977,4977,11
4978,4978,12
4979,4979,11
4980,4980,11
4981,4981,11
4982,4982,11
4983,4983,11
4984,4984,11
4985,4985,11
4986,4986,11
4987,4987,11
4988,4988,12
4989,4989,11
4990,4990,11
4991,4991,11
4992,4992,11
4993,4993,11
4994,4994,11
4995,4995,11
4996,4996,11
4997,4997,11
4998,4998,11
4999,4999,11
5000,5000,11
5001,5001,11
5002,5002,11
5003,5003,11
5004,5004,11
5005,5005,11
5006,5006,11
5007,5007,11
5008,5008,11
5009,5009,11
5010,5010,11
5011,5011,11
5012,5012,11
5013,5013,11
5014,5014,11
5015,5015,11
5016,5016,11
5017,5017,11
5018,5018,12
5019,5019,11
5020,5020,11
5021,5021,11
5022,5022,11
5023,5023,11
5024,5024,11
5025,5025,11
5026,5026,11
5027,5027,11
5028,5028,11
5029,5029,11
5030,5030,11
5031,5031,20
5032,5032,13
5033,5033,11
5034,5034,11
5035,5035,11
5036,5036,11
5037,5037,11
5038,5038,12
5039,5039,11
5040,5040,11
5041,5041,11
5042,5042,11
5043,5043,11
5044,5044,11
5045,5045,11
5046,5046,19
5047,5047,11
5048,5048,11
5049,5049,11
5050,5050,11
5051,5051,11
5052,5052,11
5053,5053,11
5054,5054,11
5055,5055,11
5056,5056,11
5057,5057,11
5058,5058,12
5059,5059,11
5060,5060,11
5061,5061,12
5062,5062,11
5063,5063,11
5064,5064,11
5065,5065,11
5066,5066,11
5067,5067,11
5068,5068,11
5069,5069,11
5070,5070,11
5071,5071,11
5072,5072,11
5073,5073,11
5074,5074,11
5075,5075,11
5076,5076,11
5077,5077,12
5078,5078,11
5079,5079,11
5080,5080,11
5081,5081,12
5082,5082,11
5083,5083,11
5084,5084,11
5085,5085,11
5086,5086,11
5087,5087,11
5088,5088,12
5089,5089,11
5090,5090,11
5091,5091,12
5092,5092,11
5093,5093,11
5094,5094,11
5095,5095,11
5096,5096,11
5097,5097,11
5098,5098,11
5099,5099,11
5100,5100,11
5101,5101,11
5102,5102,11
5103,5103,11
5104,5104,11
5105,5105,11
5106,5106,11
5107,5107,11
5108,5108,11
5109,5109,11
5110,5110,11
5111,5111,11
5112,5112,11
5113,5113,12
5114,5114,12
5115,5115,11
5116,5116,11
5117,5117,11
5118,5118,11
5119,5119,11
5120,5120,11
5121,5121,12
5122,5122,11
5123,5123,11
5124,5124,11
5125,5125,11
5126,5126,11
5127,5127,11
5128,5128,11
5129,5129,11
5130,5130,11
5131,5131,11
5132,5132,11
5133,5133,11
5134,5134,11
5135,5135,11
5136,5136,11
5137,5137,11
5138,5138,11
5139,5139,11
5140,5140,11
5141,5141,11
5142,5142,14
5143,5143,11
5144,5144,11
5145,5145,11
5146,5146,11
5147,5147,11
5148,5148,11
5149,5149,11
5150,5150,11
5151,5151,11
5152,5152,11
5153,5153,11
5154,5154,11
5155,5155,11
5156,5156,13
5157,5157,11
5158,5158,11
5159,5159,11
5160,5160,11
5161,5161,11
5162,5162,11
5163,5163,11
5164,5164,11
5165,5165,11
5166,5166,11
5167,5167,11
5168,5168,11
5169,5169,11
5170,5170,11
5171,5171,11
5172,5172,11
5173,5173,11
5174,5174,11
5175,5175,11
5176,5176,11
5177,5177,11
5178,5178,11
5179,5179,11
5180,5180,11
5181,5181,11
5182,5182,11
5183,5183,11
5184,5184,11
5185,5185,11
5186,5186,11
5187,5187,13
5188,5188,11
5189,5189,11
5190,5190,11
5191,5191,11
5192,5192,11
5193,5193,11
5194,5194,11
5195,5195,11
5196,5196,11
5197,5197,11
5198,5198,11
5199,5199,11
5200,5200,11
5201,5201,11
5202,5202,11
5203,5203,11
5204,5204,12
5205,5205,13
5206,5206,11
5207,5207,11
5208,5208,11
5209,5209,11
5210,5210,11
5211,5211,11
5212,5212,11
5213,5213,11
5214,5214,11
5215,5215,11
5216,5216,12
5217,5217,11
5218,5218,11
5219,5219,11
5220,5220,16
5221,5221,19
5222,5222,11
5223,5223,11
5224,5224,11
5225,5225,11
5226,5226,11
5227,5227,11
5228,5228,11
5229,5229,11
5230,5230,11
5231,5231,11
5232,5232,11
5233,5233,11
5234,5234,11
5235,5235,11
5236,5236,11
5237,5237,11
5238,5238,11
5239,5239,11
5240,5240,11
5241,5241,11
5242,5242,11
5243,5243,11
5244,5244,11
5245,5245,13
5246,5246,11
5247,5247,11
5248,5248,11
5249,5249,11
5250,5250,11
5251,5251,11
5252,5252,13
5253,5253,11
5254,5254,11
5255,5255,11
5256,5256,11
5257,5257,11
5258,5258,11
5259,5259,11
5260,5260,11
5261,5261,11
5262,5262,11
5263,5263,11
5264,5264,11
5265,5265,11
5266,5266,11
5267,5267,11
5268,5268,11
5269,5269,11
5270,5270,11
5271,5271,11
5272,5272,11
5273,5273,11
5274,5274,11
5275,5275,11
5276,5276,11
5277,5277,14
5278,5278,11
5279,5279,11
5280,5280,11
5281,5281,11
5282,5282,11
5283,5283,12
5284,5284,11
5285,5285,11
5286,5286,11
5287,5287,11
5288,5288,11
5289,5289,11
5290,5290,12
5291,5291,11
5292,5292,11
5293,5293,11
5294,5294,11
5295,5295,11
5296,5296,11
5297,5297,11
5298,5298,11
5299,5299,11
5300,5300,11
5301,5301,11
5302,5302,11
5303,5303,12
5304,5304,11
5305,5305,11
5306,5306,11
5307,5307,11
5308,5308,12
5309,5309,11
5310,5310,11
5311,5311,11
5312,5312,11
5313,5313,11
5314,5314,11
5315,5315,11
5316,5316,11
5317,5317,11
5318,5318,11
5319,5319,11
5320,5320,11
5321,5321,11
5322,5322,11
5323,5323,11
5324,5324,11
5325,5325,11
5326,5326,11
5327,5327,11
5328,5328,11
5329,5329,11
5330,5330,12
5331,5331,11
5332,5332,15
5333,5333,11
5334,5334,11
5335,5335,11
5336,5336,11
5337,5337,11
5338,5338,12
5339,5339,12
5340,5340,11
5341,5341,11
5342,5342,13
5343,5343,11
5344,5344,11
5345,5345,11
5346,5346,11
5347,5347,11
5348,5348,11
5349,5349,11
5350,5350,11
5351,5351,11
5352,5352,11
5353,5353,11
5354,5354,11
5355,5355,11
5356,5356,11
5357,5357,11
5358,5358,11
5359,5359,12
5360,5360,11
5361,5361,11
5362,5362,11
5363,5363,11
5364,5364,11
5365,5365,11
5366,5366,11
5367,5367,11
5368,5368,11
5369,5369,11
5370,5370,24
5371,5371,11
5372,5372,11
5373,5373,11
5374,5374,11
5375,5375,11
5376,5376,12
5377,5377,11
5378,5378,12
5379,5379,11
5380,5380,11
5381,5381,11
5382,5382,11
5383,5383,11
5384,5384,25
5385,5385,11
5386,5386,13
5387,5387,11
5388,5388,11
5389,5389,11
5390,5390,11
5391,5391,12
5392,5392,11
5393,5393,11
5394,5394,11
5395,5395,11
5396,5396,11
5397,5397,11
5398,5398,11
5399,5399,11
5400,5400,11
5401,5401,11
5402,5402,11
5403,5403,11
5404,5404,11
5405,5405,11
5406,5406,11
5407,5407,12
5408,5408,11
5409,5409,11
5410,5410,11
5411,5411,11
5412,5412,11
5413,5413,11
5414,5414,11
5415,5415,11
5416,5416,11
5417,5417,11
5418,5418,11
5419,5419,11
5420,5420,11
5421,5421,11
5422,5422,11
5423,5423,11
5424,5424,11
5425,5425,12
5426,5426,11
5427,5427,11
5428,5428,11
5429,5429,11
5430,5430,11
5431,5431,11
5432,5432,11
5433,5433,11
5434,5434,11
5435,5435,11
5436,5436,11
5437,5437,11
5438,5438,11
5439,5439,11
5440,5440,13
5441,5441,11
5442,5442,11
5443,5443,12
5444,5444,11
5445,5445,11
5446,5446,12
5447,5447,11
5448,5448,11
5449,5449,11
5450,5450,13
5451,5451,11
5452,5452,11
5453,5453,11
5454,5454,15
5455,5455,11
5456,5456,11
5457,5457,11
5458,5458,11
5459,5459,11
5460,5460,11
5461,5461,11
5462,5462,11
5463,5463,11
5464,5464,20
5465,5465,11
5466,5466,11
5467,5467,11
5468,5468,11
5469,5469,15
5470,5470,11
5471,5471,11
5472,5472,11
5473,5473,11
5474,5474,13
5475,5475,11
5476,5476,11
5477,5477,11
5478,5478,11
5479,5479,11
5480,5480,11
5481,5481,11
5482,5482,11
5483,5483,11
5484,5484,11
5485,5485,15
5486,5486,11
5487,5487,11
5488,5488,11
5489,5489,11
5490,5490,11
5491,5491,11
5492,5492,11
5493,5493,11
5494,5494,11
5495,5495,11
5496,5496,11
5497,5497,11
5498,5498,11
5499,5499,11
5500,5500,11
5501,5501,11
5502,5502,11
5503,5503,12
5504,5504,11
5505,5505,11
5506,5506,11
5507,5507,11
5508,5508,11
5509,5509,11
5510,5510,11
5511,5511,11
5512,5512,11
5513,5513,11
5514,5514,11
5515,5515,11
5516,5516,12
5517,5517,14
5518,5518,11
5519,5519,11
5520,5520,11
5521,5521,11
5522,5522,11
5523,5523,11
5524,5524,11
5525,5525,11
5526,5526,11
5527,5527,11
5528,5528,11
5529,5529,11
5530,5530,11
5531,5531,11
5532,5532,11
5533,5533,11
5534,5534,11
5535,5535,11
5536,5536,16
5537,5537,11
5538,5538,12
5539,5539,11
5540,5540,11
5541,5541,11
5542,5542,11
5543,5543,15
5544,5544,11
5545,5545,11
5546,5546,11
5547,5547,11
5548,5548,11
5549,5549,11
5550,5550,11
5551,5551,11
5552,5552,14
5553,5553,11
5554,5554,11
5555,5555,11
5556,5556,11
5557,5557,11
5558,5558,11
5559,5559,11
5560,5560,11
5561,5561,11
5562,5562,11
5563,5563,11
5564,5564,11
5565,5565,11
5566,5566,11
5567,5567,11
5568,5568,11
5569,5569,11
5570,5570,11
5571,5571,11
5572,5572,11
5573,5573,11
5574,5574,11
5575,5575,11
5576,5576,11
5577,5577,11
5578,5578,11
5579,5579,11
5580,5580,11
5581,5581,11
5582,5582,11
5583,5583,11
5584,5584,11
5585,5585,11
5586,5586,11
5587,5587,11
5588,5588,11
5589,5589,12
5590,5590,11
5591,5591,11
5592,5592,11
5593,5593,12
5594,5594,11
5595,5595,11
5596,5596,11
5597,5597,11
5598,5598,11
5599,5599,11
5600,5600,12
5601,5601,11
5602,5602,11
5603,5603,11
5604,5604,11
5605,5605,11
5606,5606,11
5607,5607,11
5608,5608,12
5609,5609,11
5610,5610,11
5611,5611,11
5612,5612,11
5613,5613,11
5614,5614,11
5615,5615,11
5616,5616,11
5617,5617,11
5618,5618,11
5619,5619,11
5620,5620,11
5621,5621,11
5622,5622,11
5623,5623,11
5624,5624,13
5625,5625,11
5626,5626,11
5627,5627,11
5628,5628,11
5629,5629,11
5630,5630,11
5631,5631,11
5632,5632,11
5633,5633,11
5634,5634,11
5635,5635,11
5636,5636,11
5637,5637,11
5638,5638,11
5639,5639,11
5640,5640,11
5641,5641,11
5642,5642,11
5643,5643,11
5644,5644,11
5645,5645,11
5646,5646,11
5647,5647,11
5648,5648,11
5649,5649,11
5650,5650,11
5651,5651,11
5652,5652,11
5653,5653,11
5654,5654,11
5655,5655,11
5656,5656,11
5657,5657,11
5658,5658,12
5659,5659,11
5660,5660,11
5661,5661,11
5662,5662,11
5663,5663,11
5664,5664,11
5665,5665,11
5666,5666,11
5667,5667,11
5668,5668,11
5669,5669,11
5670,5670,11
5671,5671,12
5672,5672,11
5673,5673,11
5674,5674,11
5675,5675,11
5676,5676,13
5677,5677,11
5678,5678,11
5679,5679,11
5680,5680,12
5681,5681,11
5682,5682,12
5683,5683,11
5684,5684,11
5685,5685,11
5686,5686,12
5687,5687,11
5688,5688,11
5689,5689,11
5690,5690,11
5691,5691,11
5692,5692,11
5693,5693,11
5694,5694,11
5695,5695,11
5696,5696,11
5697,5697,11
5698,5698,11
5699,5699,11
5700,5700,11
5701,5701,11
5702,5702,11
5703,5703,11
5704,5704,11
5705,5705,11
5706,5706,12
5707,5707,11
5708,5708,11
5709,5709,11
5710,5710,12
5711,5711,11
5712,5712,11
5713,5713,11
5714,5714,11
5715,5715,11
5716,5716,11
5717,5717,11
5718,5718,11
5719,5719,11
5720,5720,11
5721,5721,11
5722,5722,11
5723,5723,11
5724,5724,11
5725,5725,11
5726,5726,12
5727,5727,11
5728,5728,11
5729,5729,11
5730,5730,11
5731,5731,11
5732,5732,13
5733,5733,11
5734,5734,11
5735,5735,20
5736,5736,11
5737,5737,11
5738,5738,11
5739,5739,14
5740,5740,11
5741,5741,12
5742,5742,11
5743,5743,11
5744,5744,11
5745,5745,12
5746,5746,19
5747,5747,11
5748,5748,11
5749,5749,11
5750,5750,12
5751,5751,11
5752,5752,11
5753,5753,11
5754,5754,11
5755,5755,11
5756,5756,12
5757,5757,11
5758,5758,11
5759,5759,11
5760,5760,11
5761,5761,11
5762,5762,11
5763,5763,11
5764,5764,11
5765,5765,11
5766,5766,13
5767,5767,11
5768,5768,11
5769,5769,11
5770,5770,11
5771,5771,11
5772,5772,11
5773,5773,11
5774,5774,11
5775,5775,11
5776,5776,11
5777,5777,11
5778,5778,11
5779,5779,11
5780,5780,11
5781,5781,11
5782,5782,11
5783,5783,11
5784,5784,11
5785,5785,11
5786,5786,11
5787,5787,16
5788,5788,11
5789,5789,11
5790,5790,11
5791,5791,11
5792,5792,11
5793,5793,11
5794,5794,11
5795,5795,11
5796,5796,11
5797,5797,11
5798,5798,11
5799,5799,11
5800,5800,12
5801,5801,11
5802,5802,11
5803,5803,11
5804,5804,12
5805,5805,11
5806,5806,11
5807,5807,11
5808,5808,11
5809,5809,11
5810,5810,11
5811,5811,11
5812,5812,11
5813,5813,11
5814,5814,11
5815,5815,11
5816,5816,11
5817,5817,13
5818,5818,11
5819,5819,11
5820,5820,11
5821,5821,11
5822,5822,11
5823,5823,62
5824,5824,11
5825,5825,11
5826,5826,11
5827,5827,11
5828,5828,11
5829,5829,11
5830,5830,11
5831,5831,11
5832,5832,12
5833,5833,11
5834,5834,11
5835,5835,11
5836,5836,11
5837,5837,11
5838,5838,11
5839,5839,11
5840,5840,11
5841,5841,13
5842,5842,12
5843,5843,11
5844,5844,11
5845,5845,11
5846,5846,12
5847,5847,11
5848,5848,11
5849,5849,11
5850,5850,11
5851,5851,11
5852,5852,11
5853,5853,11
5854,5854,12
5855,5855,11
5856,5856,11
5857,5857,13
5858,5858,11
5859,5859,11
5860,5860,11
5861,5861,11
5862,5862,11
5863,5863,11
5864,5864,11
5865,5865,11
5866,5866,13
5867,5867,11
5868,5868,11
5869,5869,11
5870,5870,13
5871,5871,11
5872,5872,11
5873,5873,11
5874,5874,11
5875,5875,11
5876,5876,11
5877,5877,11
5878,5878,11
5879,5879,11
5880,5880,11
5881,5881,11
5882,5882,11
5883,5883,11
5884,5884,11
5885,5885,11
5886,5886,11
5887,5887,11
5888,5888,11
5889,5889,11
5890,5890,11
5891,5891,11
5892,5892,11
5893,5893,11
5894,5894,11
5895,5895,11
5896,5896,11
5897,5897,11
5898,5898,11
5899,5899,12
5900,5900,11
5901,5901,11
5902,5902,11
5903,5903,11
5904,5904,11
5905,5905,11
5906,5906,11
5907,5907,11
5908,5908,11
5909,5909,11
5910,5910,11
5911,5911,11
5912,5912,11
5913,5913,15
5914,5914,11
5915,5915,12
5916,5916,12
5917,5917,11
5918,5918,11
5919,5919,11
5920,5920,11
5921,5921,11
5922,5922,11
5923,5923,11
5924,5924,11
5925,5925,11
5926,5926,11
5927,5927,11
5928,5928,11
5929,5929,19
5930,5930,11
5931,5931,11
5932,5932,12
5933,5933,12
5934,5934,11
5935,5935,11
5936,5936,11
5937,5937,11
5938,5938,11
5939,5939,11
5940,5940,11
5941,5941,11
5942,5942,14
5943,5943,11
5944,5944,11
5945,5945,11
5946,5946,11
5947,5947,11
5948,5948,11
5949,5949,13
5950,5950,11
5951,5951,11
5952,5952,11
5953,5953,11
5954,5954,11
5955,5955,12
5956,5956,11
5957,5957,11
5958,5958,11
5959,5959,11
5960,5960,11
5961,5961,11
5962,5962,25
5963,5963,11
5964,5964,11
5965,5965,11
5966,5966,11
5967,5967,11
5968,5968,11
5969,5969,11
5970,5970,11
5971,5971,11
5972,5972,11
5973,5973,11
5974,5974,11
5975,5975,11
5976,5976,11
5977,5977,11
5978,5978,11
5979,5979,11
5980,5980,11
5981,5981,11
5982,5982,11
5983,5983,13
5984,5984,11
5985,5985,11
5986,5986,11
5987,5987,11
5988,5988,11
5989,5989,13
5990,5990,14
5991,5991,12
5992,5992,11
5993,5993,11
5994,5994,11
5995,5995,11
5996,5996,11
5997,5997,11
5998,5998,12
5999,5999,11
6000,6000,11
6001,6001,11
6002,6002,11
6003,6003,11
6004,6004,11
6005,6005,11
6006,6006,11
6007,6007,11
6008,6008,11
6009,6009,11
6010,6010,11
6011,6011,11
6012,6012,13
6013,6013,11
6014,6014,11
6015,6015,11
6016,6016,11
6017,6017,11
6018,6018,11
6019,6019,11
6020,6020,12
6021,6021,11
6022,6022,11
6023,6023,11
6024,6024,11
6025,6025,11
6026,6026,11
6027,6027,12
6028,6028,11
6029,6029,14
6030,6030,14
6031,6031,11
6032,6032,11
6033,6033,11
6034,6034,11
6035,6035,11
6036,6036,12
6037,6037,11
6038,6038,11
6039,6039,17
6040,6040,11
6041,6041,11
6042,6042,11
6043,6043,11
6044,6044,11
6045,6045,11
6046,6046,11
6047,6047,11
6048,6048,11
6049,6049,11
6050,6050,11
6051,6051,11
6052,6052,11
6053,6053,14
6054,6054,11
6055,6055,11
6056,6056,12
6057,6057,11
6058,6058,11
6059,6059,11
6060,6060,11
6061,6061,11
6062,6062,11
6063,6063,11
6064,6064,11
6065,6065,11
6066,6066,11
6067,6067,11
6068,6068,11
6069,6069,11
6070,6070,11
6071,6071,11
6072,6072,11
6073,6073,11
6074,6074,11
6075,6075,12
6076,6076,11
6077,6077,11
6078,6078,11
6079,6079,11
6080,6080,11
6081,6081,11
6082,6082,11
6083,6083,11
6084,6084,11
6085,6085,11
6086,6086,11
6087,6087,11
6088,6088,12
6089,6089,11
6090,6090,11
6091,6091,11
6092,6092,11
6093,6093,11
6094,6094,11
6095,6095,11
6096,6096,11
6097,6097,11
6098,6098,11
6099,6099,11
6100,6100,11
6101,6101,11
6102,6102,11
6103,6103,11
6104,6104,11
6105,6105,11
6106,6106,11
6107,6107,11
6108,6108,11
6109,6109,11
6110,6110,11
6111,6111,12
6112,6112,14
6113,6113,11
6114,6114,11
6115,6115,11
6116,6116,11
6117,6117,11
6118,6118,11
6119,6119,11
6120,6120,11
6121,6121,11
6122,6122,11
6123,6123,11
6124,6124,11
6125,6125,11
6126,6126,11
6127,6127,13
6128,6128,11
6129,6129,11
6130,6130,11
6131,6131,11
6132,6132,12
6133,6133,11
6134,6134,11
6135,6135,11
6136,6136,11
6137,6137,11
6138,6138,11
6139,6139,11
6140,6140,11
6141,6141,12
6142,6142,11
6143,6143,12
6144,6144,11
6145,6145,11
6146,6146,11
6147,6147,11
6148,6148,11
6149,6149,11
6150,6150,11
6151,6151,11
6152,6152,11
6153,6153,11
6154,6154,11
6155,6155,11
6156,6156,11
6157,6157,11
6158,6158,11
6159,6159,11
6160,6160,11
6161,6161,11
6162,6162,11
6163,6163,11
6164,6164,11
6165,6165,11
6166,6166,11
6167,6167,11
6168,6168,11
6169,6169,11
6170,6170,11
6171,6171,11
6172,6172,11
6173,6173,11
6174,6174,11
6175,6175,11
6176,6176,11
6177,6177,11
6178,6178,11
6179,6179,11
6180,6180,11
6181,6181,11
6182,6182,11
6183,6183,11
6184,6184,11
6185,6185,11
6186,6186,11
6187,6187,11
6188,6188,11
6189,6189,11
6190,6190,11
6191,6191,11
6192,6192,11
6193,6193,11
6194,6194,11
6195,6195,11
6196,6196,11
6197,6197,11
6198,6198,11
6199,6199,11
6200,6200,12
6201,6201,12
6202,6202,11
6203,6203,11
6204,6204,11
6205,6205,11
6206,6206,11
6207,6207,11
6208,6208,11
6209,6209,11
6210,6210,11
6211,6211,11
6212,6212,11
6213,6213,11
6214,6214,11
6215,6215,11
6216,6216,11
6217,6217,11
6218,6218,11
6219,6219,11
6220,6220,12
6221,6221,11
6222,6222,11
6223,6223,11
6224,6224,11
6225,6225,11
6226,6226,11
6227,6227,11
6228,6228,11
6229,6229,11
6230,6230,11
6231,6231,11
6232,6232,11
6233,6233,12
6234,6234,11
6235,6235,11
6236,6236,11
6237,6237,11
6238,6238,34
6239,6239,11
6240,6240,11
6241,6241,11
6242,6242,11
6243,6243,11
6244,6244,11
6245,6245,11
6246,6246,11
6247,6247,11
6248,6248,11
6249,6249,11
6250,6250,11
6251,6251,11
6252,6252,11
6253,6253,11
6254,6254,11
6255,6255,11
6256,6256,11
6257,6257,14
6258,6258,11
6259,6259,11
6260,6260,12
6261,6261,11
6262,6262,17
6263,6263,11
6264,6264,11
6265,6265,11
6266,6266,11
6267,6267,11
6268,6268,11
6269,6269,11
6270,6270,11
6271,6271,11
6272,6272,11
6273,6273,11
6274,6274,12
6275,6275,11
6276,6276,11
6277,6277,11
6278,6278,11
6279,6279,11
6280,6280,13
6281,6281,11
6282,6282,11
6283,6283,11
6284,6284,11
6285,6285,11
6286,6286,11
6287,6287,11
6288,6288,11
6289,6289,11
6290,6290,11
6291,6291,11
6292,6292,11
6293,6293,11
6294,6294,11
6295,6295,12
6296,6296,12
6297,6297,11
6298,6298,11
6299,6299,11
6300,6300,11
6301,6301,11
6302,6302,11
6303,6303,11
6304,6304,11
6305,6305,11
6306,6306,11
6307,6307,11
6308,6308,11
6309,6309,12
6310,6310,11
6311,6311,11
6312,6312,11
6313,6313,11
6314,6314,11
6315,6315,11
6316,6316,11
6317,6317,11
6318,6318,11
6319,6319,11
6320,6320,11
6321,6321,11
6322,6322,11
6323,6323,12
6324,6324,11
6325,6325,11
6326,6326,11
6327,6327,11
6328,6328,11
6329,6329,11
6330,6330,11
6331,6331,11
6332,6332,11
6333,6333,11
6334,6334,11
6335,6335,11
6336,6336,18
6337,6337,11
6338,6338,11
6339,6339,11
6340,6340,11
6341,6341,11
6342,6342,11
6343,6343,11
6344,6344,11
6345,6345,11
6346,6346,11
6347,6347,11
6348,6348,11
6349,6349,11
6350,6350,22
6351,6351,11
6352,6352,12
6353,6353,11
6354,6354,13
6355,6355,12
6356,6356,11
6357,6357,11
6358,6358,11
6359,6359,11
6360,6360,11
6361,6361,11
6362,6362,11
6363,6363,11
6364,6364,11
6365,6365,11
6366,6366,11
6367,6367,11
6368,6368,11
6369,6369,11
6370,6370,11
6371,6371,11
6372,6372,11
6373,6373,11
6374,6374,11
6375,6375,11
6376,6376,11
6377,6377,11
6378,6378,11
6379,6379,11
6380,6380,11
6381,6381,13
6382,6382,11
6383,6383,11
6384,6384,11
6385,6385,11
6386,6386,11
6387,6387,11
6388,6388,11
6389,6389,12
6390,6390,11
6391,6391,11
6392,6392,11
6393,6393,11
6394,6394,11
6395,6395,11
6396,6396,11
6397,6397,11
6398,6398,11
6399,6399,11
6400,6400,11
6401,6401,11
6402,6402,11
6403,6403,11
6404,6404,11
6405,6405,12
6406,6406,12
6407,6407,11
6408,6408,11
6409,6409,11
6410,6410,11
6411,6411,11
6412,6412,11
6413,6413,11
6414,6414,11
6415,6415,12
6416,6416,11
6417,6417,11
6418,6418,11
6419,6419,11
6420,6420,11
6421,6421,11
6422,6422,11
6423,6423,11
6424,6424,11
6425,6425,11
6426,6426,11
6427,6427,11
6428,6428,11
6429,6429,11
6430,6430,11
6431,6431,11
6432,6432,11
6433,6433,12
6434,6434,11
6435,6435,11
6436,6436,11
6437,6437,11
6438,6438,11
6439,6439,11
6440,6440,11
6441,6441,11
6442,6442,11
6443,6443,11
6444,6444,11
6445,6445,11
6446,6446,12
6447,6447,11
6448,6448,11
6449,6449,18
6450,6450,11
6451,6451,11
6452,6452,11
6453,6453,11
6454,6454,11
6455,6455,11
6456,6456,11
6457,6457,11
6458,6458,11
6459,6459,11
6460,6460,11
6461,6461,11
6462,6462,11
6463,6463,11
6464,6464,11
6465,6465,11
6466,6466,11
6467,6467,11
6468,6468,11
6469,6469,11
6470,6470,11
6471,6471,11
6472,6472,11
6473,6473,11
6474,6474,11
6475,6475,11
6476,6476,11
6477,6477,11
6478,6478,11
6479,6479,11
6480,6480,11
6481,6481,11
6482,6482,11
6483,6483,11
6484,6484,11
6485,6485,11
6486,6486,12
6487,6487,11
6488,6488,11
6489,6489,11
6490,6490,11
6491,6491,12
6492,6492,11
6493,6493,11
6494,6494,11
6495,6495,11
6496,6496,11
6497,6497,11
6498,6498,11
6499,6499,11
6500,6500,11
6501,6501,15
6502,6502,11
6503,6503,11
6504,6504,11
6505,6505,13
6506,6506,11
6507,6507,11
6508,6508,11
6509,6509,11
6510,6510,11
6511,6511,11
6512,6512,11
6513,6513,11
6514,6514,11
6515,6515,11
6516,6516,11
6517,6517,11
6518,6518,11
6519,6519,22
6520,6520,11
6521,6521,11
6522,6522,11
6523,6523,11
6524,6524,11
6525,6525,11
6526,6526,11
6527,6527,11
6528,6528,16
6529,6529,11
6530,6530,11
6531,6531,11
6532,6532,11
6533,6533,11
6534,6534,11
6535,6535,11
6536,6536,11
6537,6537,11
6538,6538,11
6539,6539,11
6540,6540,11
6541,6541,11
6542,6542,11
6543,6543,11
6544,6544,11
6545,6545,11
6546,6546,11
6547,6547,11
6548,6548,11
6549,6549,11
6550,6550,11
6551,6551,14
6552,6552,11
6553,6553,11
6554,6554,11
6555,6555,13
6556,6556,11
6557,6557,11
6558,6558,14
6559,6559,11
6560,6560,11
6561,6561,11
6562,6562,11
6563,6563,11
6564,6564,11
6565,6565,11
6566,6566,11
6567,6567,11
6568,6568,11
6569,6569,11
6570,6570,11
6571,6571,11
6572,6572,11
6573,6573,11
6574,6574,11
6575,6575,11
6576,6576,11
6577,6577,11
6578,6578,11
6579,6579,11
6580,6580,11
6581,6581,11
6582,6582,11
6583,6583,11
6584,6584,11
6585,6585,11
6586,6586,11
6587,6587,12
6588,6588,11
6589,6589,11
6590,6590,14
6591,6591,11
6592,6592,11
6593,6593,11
6594,6594,11
6595,6595,11
6596,6596,11
6597,6597,11
6598,6598,11
6599,6599,11
6600,6600,11
6601,6601,11
6602,6602,12
6603,6603,11
6604,6604,11
6605,6605,11
6606,6606,13
6607,6607,11
6608,6608,11
6609,6609,11
6610,6610,11
6611,6611,11
6612,6612,11
6613,6613,11
6614,6614,11
6615,6615,11
6616,6616,11
6617,6617,11
6618,6618,11
6619,6619,11
6620,6620,11
6621,6621,15
6622,6622,11
6623,6623,11
6624,6624,11
6625,6625,11
6626,6626,11
6627,6627,11
6628,6628,11
6629,6629,11
6630,6630,11
6631,6631,11
6632,6632,11
6633,6633,12
6634,6634,11
6635,6635,12
6636,6636,11
6637,6637,11
6638,6638,11
6639,6639,11
6640,6640,11
6641,6641,11
6642,6642,11
6643,6643,11
6644,6644,11
6645,6645,12
6646,6646,13
6647,6647,11
6648,6648,11
6649,6649,13
6650,6650,11
6651,6651,11
6652,6652,11
6653,6653,11
6654,6654,12
6655,6655,11
6656,6656,11
6657,6657,11
6658,6658,11
6659,6659,11
6660,6660,11
6661,6661,11
6662,6662,11
6663,6663,11
6664,6664,11
6665,6665,11
6666,6666,11
6667,6667,11
6668,6668,11
6669,6669,12
6670,6670,11
6671,6671,11
6672,6672,11
6673,6673,11
6674,6674,11
6675,6675,11
6676,6676,11
6677,6677,11
6678,6678,11
6679,6679,11
6680,6680,11
6681,6681,11
6682,6682,11
6683,6683,11
6684,6684,11
6685,6685,11
6686,6686,11
6687,6687,11
6688,6688,11
6689,6689,11
6690,6690,11
6691,6691,11
6692,6692,11
6693,6693,11
6694,6694,11
6695,6695,11
6696,6696,11
6697,6697,13
6698,6698,11
6699,6699,11
6700,6700,11
6701,6701,11
6702,6702,12
6703,6703,11
6704,6704,11
6705,6705,11
6706,6706,12
6707,6707,11
6708,6708,11
6709,6709,11
6710,6710,11
6711,6711,11
6712,6712,11
6713,6713,14
6714,6714,11
6715,6715,11
6716,6716,11
6717,6717,14
6718,6718,11
6719,6719,11
6720,6720,11
6721,6721,11
6722,6722,11
6723,6723,11
6724,6724,11
6725,6725,11
6726,6726,11
6727,6727,11
6728,6728,13
6729,6729,11
6730,6730,11
6731,6731,11
6732,6732,11
6733,6733,11
6734,6734,11
6735,6735,11
6736,6736,11
6737,6737,11
6738,6738,11
6739,6739,11
6740,6740,11
6741,6741,11
6742,6742,11
6743,6743,11
6744,6744,11
6745,6745,11
6746,6746,11
6747,6747,11
6748,6748,11
6749,6749,11
6750,6750,11
6751,6751,11
6752,6752,11
6753,6753,17
6754,6754,24
6755,6755,11
6756,6756,11
6757,6757,11
6758,6758,11
6759,6759,11
6760,6760,11
6761,6761,11
6762,6762,11
6763,6763,11
6764,6764,11
6765,6765,11
6766,6766,11
6767,6767,11
6768,6768,11
6769,6769,11
6770,6770,11
6771,6771,11
6772,6772,11
6773,6773,11
6774,6774,11
6775,6775,11
6776,6776,11
6777,6777,11
6778,6778,11
6779,6779,11
6780,6780,11
6781,6781,11
6782,6782,11
6783,6783,11
6784,6784,11
6785,6785,11
6786,6786,12
6787,6787,11
6788,6788,11
6789,6789,11
6790,6790,11
6791,6791,11
6792,6792,11
6793,6793,11
6794,6794,11
6795,6795,11
6796,6796,11
6797,6797,11
6798,6798,11
6799,6799,11
6800,6800,11
6801,6801,11
6802,6802,11
6803,6803,11
6804,6804,14
6805,6805,11
6806,6806,11
6807,6807,11
6808,6808,11
6809,6809,11
6810,6810,11
6811,6811,15
6812,6812,11
6813,6813,11
6814,6814,11
6815,6815,11
6816,6816,11
6817,6817,11
6818,6818,11
6819,6819,11
6820,6820,11
6821,6821,11
6822,6822,11
6823,6823,11
6824,6824,12
6825,6825,11
6826,6826,11
6827,6827,11
6828,6828,11
6829,6829,11
6830,6830,11
6831,6831,11
6832,6832,11
6833,6833,11
6834,6834,11
6835,6835,11
6836,6836,12
6837,6837,11
6838,6838,11
6839,6839,11
6840,6840,11
6841,6841,11
6842,6842,11
6843,6843,11
6844,6844,11
6845,6845,11
6846,6846,11
6847,6847,11
6848,6848,11
6849,6849,11
6850,6850,11
6851,6851,11
6852,6852,11
6853,6853,11
6854,6854,11
6855,6855,11
6856,6856,12
6857,6857,11
6858,6858,11
6859,6859,11
6860,6860,11
6861,6861,11
6862,6862,11
6863,6863,11
6864,6864,11
6865,6865,11
6866,6866,11
6867,6867,11
6868,6868,12
6869,6869,11
6870,6870,36
6871,6871,11
6872,6872,11
6873,6873,11
6874,6874,11
6875,6875,11
6876,6876,11
6877,6877,11
6878,6878,11
6879,6879,11
6880,6880,11
6881,6881,11
6882,6882,11
6883,6883,11
6884,6884,11
6885,6885,11
6886,6886,11
6887,6887,11
6888,6888,11
6889,6889,12
6890,6890,11
6891,6891,11
6892,6892,11
6893,6893,11
6894,6894,11
6895,6895,11
6896,6896,11
6897,6897,11
6898,6898,11
6899,6899,11
6900,6900,11
6901,6901,13
6902,6902,11
6903,6903,11
6904,6904,11
6905,6905,11
6906,6906,11
6907,6907,11
6908,6908,11
6909,6909,11
6910,6910,11
6911,6911,11
6912,6912,11
6913,6913,11
6914,6914,19
6915,6915,13
6916,6916,12
6917,6917,11
6918,6918,11
6919,6919,11
6920,6920,11
6921,6921,11
6922,6922,11
6923,6923,11
6924,6924,11
6925,6925,11
6926,6926,11
6927,6927,11
6928,6928,11
6929,6929,11
6930,6930,11
6931,6931,11
6932,6932,11
6933,6933,11
6934,6934,11
6935,6935,11
6936,6936,11
6937,6937,12
6938,6938,11
6939,6939,11
6940,6940,11
6941,6941,11
6942,6942,11
6943,6943,11
6944,6944,11
6945,6945,11
6946,6946,11
6947,6947,11
6948,6948,11
6949,6949,11
6950,6950,11
6951,6951,11
6952,6952,11
6953,6953,11
6954,6954,11
6955,6955,11
6956,6956,11
6957,6957,11
6958,6958,11
6959,6959,11
6960,6960,11
6961,6961,11
6962,6962,11
6963,6963,11
6964,6964,11
6965,6965,12
6966,6966,22
6967,6967,11
6968,6968,11
6969,6969,11
6970,6970,11
6971,6971,11
6972,6972,13
6973,6973,11
6974,6974,11
6975,6975,11
6976,6976,11
6977,6977,13
6978,6978,11
6979,6979,11
6980,6980,11
6981,6981,11
6982,6982,11
6983,6983,11
6984,6984,11
6985,6985,11
6986,6986,11
6987,6987,11
6988,6988,11
6989,6989,11
6990,6990,12
6991,6991,11
6992,6992,11
6993,6993,11
6994,6994,11
6995,6995,11
6996,6996,11
6997,6997,11
6998,6998,15
6999,6999,11
7000,7000,11
7001,7001,11
7002,7002,11
7003,7003,11
7004,7004,11
7005,7005,11
7006,7006,11
7007,7007,11
7008,7008,11
7009,7009,11
7010,7010,11
7011,7011,11
7012,7012,11
7013,7013,11
7014,7014,11
7015,7015,11
7016,7016,11
7017,7017,11
7018,7018,18
7019,7019,11
7020,7020,11
7021,7021,11
7022,7022,11
7023,7023,21
7024,7024,11
7025,7025,11
7026,7026,11
7027,7027,11
7028,7028,12
7029,7029,11
7030,7030,11
7031,7031,11
7032,7032,11
7033,7033,11
7034,7034,15
7035,7035,11
7036,7036,11
7037,7037,11
7038,7038,11
7039,7039,12
7040,7040,11
7041,7041,11
7042,7042,11
7043,7043,11
7044,7044,11
7045,7045,11
7046,7046,11
7047,7047,11
7048,7048,11
7049,7049,11
7050,7050,11
7051,7051,11
7052,7052,11
7053,7053,11
7054,7054,11
7055,7055,11
7056,7056,11
7057,7057,11
7058,7058,11
7059,7059,12
7060,7060,11
7061,7061,11
7062,7062,15
7063,7063,11
7064,7064,11
7065,7065,11
7066,7066,11
7067,7067,11
7068,7068,11
7069,7069,11
7070,7070,11
7071,7071,11
7072,7072,11
7073,7073,13
7074,7074,11
7075,7075,11
7076,7076,11
7077,7077,12
7078,7078,11
7079,7079,11
7080,7080,11
7081,7081,11
7082,7082,11
7083,7083,11
7084,7084,11
7085,7085,11
7086,7086,11
7087,7087,11
7088,7088,11
7089,7089,11
7090,7090,11
7091,7091,11
7092,7092,11
7093,7093,11
7094,7094,11
7095,7095,11
7096,7096,11
7097,7097,11
7098,7098,11
7099,7099,11
7100,7100,11
7101,7101,11
7102,7102,11
7103,7103,11
7104,7104,11
7105,7105,11
7106,7106,11
7107,7107,11
7108,7108,11
7109,7109,11
7110,7110,11
7111,7111,11
7112,7112,11
7113,7113,13
7114,7114,11
7115,7115,11
7116,7116,16
7117,7117,11
7118,7118,11
7119,7119,11
7120,7120,11
7121,7121,11
7122,7122,11
7123,7123,11
7124,7124,11
7125,7125,11
7126,7126,14
7127,7127,11
7128,7128,12
7129,7129,11
7130,7130,11
7131,7131,11
7132,7132,12
7133,7133,12
7134,7134,11
7135,7135,11
7136,7136,11
7137,7137,11
7138,7138,11
7139,7139,13
7140,7140,11
7141,7141,11
7142,7142,11
7143,7143,11
7144,7144,11
7145,7145,11
7146,7146,11
7147,7147,11
7148,7148,11
7149,7149,11
7150,7150,11
7151,7151,11
7152,7152,12
7153,7153,11
7154,7154,11
7155,7155,11
7156,7156,11
7157,7157,11
7158,7158,11
7159,7159,11
7160,7160,11
7161,7161,11
7162,7162,11
7163,7163,29
7164,7164,11
7165,7165,12
7166,7166,11
7167,7167,11
7168,7168,11
7169,7169,11
7170,7170,11
7171,7171,11
7172,7172,11
7173,7173,11
7174,7174,11
7175,7175,11
7176,7176,11
7177,7177,11
7178,7178,11
7179,7179,11
7180,7180,11
7181,7181,11
7182,7182,11
7183,7183,11
7184,7184,11
7185,7185,11
7186,7186,11
7187,7187,11
7188,7188,11
7189,7189,11
7190,7190,11
7191,7191,11
7192,7192,11
7193,7193,11
7194,7194,12
7195,7195,14
7196,7196,11
7197,7197,11
7198,7198,11
7199,7199,11
7200,7200,11
7201,7201,11
7202,7202,11
7203,7203,11
7204,7204,11
7205,7205,11
7206,7206,11
7207,7207,11
7208,7208,12
7209,7209,11
7210,7210,11
7211,7211,12
7212,7212,11
7213,7213,12
7214,7214,11
7215,7215,11
7216,7216,11
7217,7217,11
7218,7218,11
7219,7219,11
7220,7220,11
7221,7221,11
7222,7222,11
7223,7223,11
7224,7224,12
7225,7225,12
7226,7226,11
7227,7227,11
7228,7228,11
7229,7229,11
7230,7230,11
7231,7231,11
7232,7232,11
7233,7233,11
7234,7234,11
7235,7235,11
7236,7236,11
7237,7237,11
7238,7238,13
7239,7239,11
7240,7240,11
7241,7241,11
7242,7242,11
7243,7243,11
7244,7244,11
7245,7245,11
7246,7246,11
7247,7247,11
7248,7248,11
7249,7249,11
7250,7250,11
7251,7251,11
7252,7252,11
7253,7253,11
7254,7254,11
7255,7255,11
7256,7256,11
7257,7257,11
7258,7258,12
7259,7259,13
7260,7260,11
7261,7261,13
7262,7262,11
7263,7263,11
7264,7264,11
7265,7265,11
7266,7266,11
7267,7267,11
7268,7268,11
7269,7269,11
7270,7270,11
7271,7271,11
7272,7272,11
7273,7273,11
7274,7274,11
7275,7275,11
7276,7276,11
7277,7277,11
7278,7278,11
7279,7279,12
7280,7280,12
7281,7281,18
7282,7282,11
7283,7283,11
7284,7284,11
7285,7285,11
7286,7286,11
7287,7287,11
7288,7288,11
7289,7289,11
7290,7290,11
7291,7291,11
7292,7292,11
7293,7293,11
7294,7294,11
7295,7295,11
7296,7296,11
7297,7297,11
7298,7298,11
7299,7299,11
7300,7300,11
7301,7301,11
7302,7302,11
7303,7303,11
7304,7304,11
7305,7305,11
7306,7306,11
7307,7307,11
7308,7308,13
7309,7309,11
7310,7310,21
7311,7311,11
7312,7312,11
7313,7313,11
7314,7314,11
7315,7315,11
7316,7316,11
7317,7317,11
7318,7318,11
7319,7319,11
7320,7320,12
7321,7321,11
7322,7322,11
7323,7323,11
7324,7324,11
7325,7325,11
7326,7326,11
7327,7327,11
7328,7328,11
7329,7329,11
7330,7330,11
7331,7331,11
7332,7332,11
7333,7333,11
7334,7334,11
7335,7335,11
7336,7336,12
7337,7337,11
7338,7338,11
7339,7339,11
7340,7340,11
7341,7341,11
7342,7342,11
7343,7343,11
7344,7344,11
7345,7345,11
7346,7346,33
7347,7347,11
7348,7348,11
7349,7349,11
7350,7350,11
7351,7351,11
7352,7352,11
7353,7353,11
7354,7354,11
7355,7355,11
7356,7356,11
7357,7357,11
7358,7358,11
7359,7359,13
7360,7360,11
7361,7361,11
7362,7362,11
7363,7363,11
7364,7364,11
7365,7365,11
7366,7366,11
7367,7367,11
7368,7368,11
7369,7369,11
7370,7370,11
7371,7371,11
7372,7372,11
7373,7373,11
7374,7374,11
7375,7375,11
7376,7376,11
7377,7377,11
7378,7378,11
7379,7379,11
7380,7380,11
7381,7381,11
7382,7382,11
7383,7383,11
7384,7384,11
7385,7385,11
7386,7386,11
7387,7387,11
7388,7388,11
7389,7389,11
7390,7390,11
7391,7391,11
7392,7392,11
7393,7393,11
7394,7394,11
7395,7395,11
7396,7396,11
7397,7397,11
7398,7398,13
7399,7399,11
7400,7400,11
7401,7401,11
7402,7402,11
7403,7403,12
7404,7404,11
7405,7405,11
7406,7406,12
7407,7407,11
7408,7408,11
7409,7409,11
7410,7410,11
7411,7411,12
7412,7412,11
7413,7413,11
7414,7414,11
7415,7415,11
7416,7416,11
7417,7417,11
7418,7418,11
7419,7419,11
7420,7420,11
7421,7421,11
7422,7422,11
7423,7423,11
7424,7424,11
7425,7425,11
7426,7426,11
7427,7427,11
7428,7428,11
7429,7429,11
7430,7430,11
7431,7431,11
7432,7432,11
7433,7433,11
7434,7434,11
7435,7435,11
7436,7436,11
7437,7437,11
7438,7438,11
7439,7439,11
7440,7440,11
7441,7441,11
7442,7442,11
7443,7443,11
7444,7444,11
7445,7445,11
7446,7446,11
7447,7447,11
7448,7448,11
7449,7449,11
7450,7450,11
7451,7451,11
7452,7452,12
7453,7453,11
7454,7454,11
7455,7455,11
7456,7456,11
7457,7457,11
7458,7458,11
7459,7459,11
7460,7460,17
7461,7461,11
7462,7462,11
7463,7463,11
7464,7464,11
7465,7465,11
7466,7466,11
7467,7467,11
7468,7468,11
7469,7469,11
7470,7470,11
7471,7471,11
7472,7472,11
7473,7473,11
7474,7474,11
7475,7475,18
7476,7476,12
7477,7477,11
7478,7478,11
7479,7479,11
7480,7480,11
7481,7481,11
7482,7482,11
7483,7483,11
7484,7484,11
7485,7485,11
7486,7486,11
7487,7487,11
7488,7488,11
7489,7489,11
7490,7490,11
7491,7491,11
7492,7492,11
7493,7493,11
7494,7494,11
7495,7495,11
7496,7496,11
7497,7497,11
7498,7498,11
7499,7499,11
7500,7500,11
7501,7501,11
7502,7502,11
7503,7503,11
7504,7504,11
7505,7505,11
7506,7506,11
7507,7507,11
7508,7508,11
7509,7509,12
7510,7510,11
7511,7511,11
7512,7512,11
7513,7513,11
7514,7514,11
7515,7515,11
7516,7516,11
7517,7517,11
7518,7518,11
7519,7519,11
7520,7520,11
7521,7521,11
7522,7522,11
7523,7523,11
7524,7524,11
7525,7525,11
7526,7526,11
7527,7527,11
7528,7528,11
7529,7529,15
7530,7530,11
7531,7531,11
7532,7532,11
7533,7533,11
7534,7534,11
7535,7535,11
7536,7536,11
7537,7537,11
7538,7538,11
7539,7539,11
7540,7540,11
7541,7541,11
7542,7542,11
7543,7543,11
7544,7544,11
7545,7545,11
7546,7546,11
7547,7547,11
7548,7548,11
7549,7549,11
7550,7550,11
7551,7551,11
7552,7552,11
7553,7553,11
7554,7554,11
7555,7555,11
7556,7556,11
7557,7557,11
7558,7558,11
7559,7559,11
7560,7560,11
7561,7561,12
7562,7562,11
7563,7563,11
7564,7564,11
7565,7565,11
7566,7566,11
7567,7567,11
7568,7568,11
7569,7569,11
7570,7570,11
7571,7571,11
7572,7572,11
7573,7573,11
7574,7574,11
7575,7575,11
7576,7576,11
7577,7577,11
7578,7578,11
7579,7579,11
7580,7580,13
7581,7581,11
7582,7582,11
7583,7583,11
7584,7584,11
7585,7585,11
7586,7586,11
7587,7587,11
7588,7588,11
7589,7589,11
7590,7590,11
7591,7591,11
7592,7592,11
7593,7593,11
7594,7594,11
7595,7595,11
7596,7596,11
7597,7597,11
7598,7598,11
7599,7599,35
7600,7600,11
7601,7601,11
7602,7602,11
7603,7603,11
7604,7604,11
7605,7605,11
7606,7606,11
7607,7607,11
7608,7608,11
7609,7609,11
7610,7610,11
7611,7611,11
7612,7612,11
7613,7613,11
7614,7614,11
7615,7615,11
7616,7616,11
7617,7617,12
7618,7618,11
7619,7619,12
7620,7620,11
7621,7621,11
7622,7622,11
7623,7623,11
7624,7624,11
7625,7625,11
7626,7626,11
7627,7627,11
7628,7628,12
7629,7629,11
7630,7630,11
7631,7631,11
7632,7632,11
7633,7633,11
7634,7634,11
7635,7635,11
7636,7636,11
7637,7637,11
7638,7638,11
7639,7639,11
7640,7640,11
7641,7641,11
7642,7642,11
7643,7643,11
7644,7644,11
7645,7645,11
7646,7646,11
7647,7647,11
7648,7648,11
7649,7649,11
7650,7650,11
7651,7651,11
7652,7652,12
7653,7653,11
7654,7654,11
7655,7655,11
7656,7656,11
7657,7657,11
7658,7658,11
7659,7659,11
7660,7660,14
7661,7661,11
7662,7662,11
7663,7663,11
7664,7664,11
7665,7665,11
7666,7666,11
7667,7667,11
7668,7668,11
7669,7669,12
7670,7670,11
7671,7671,11
7672,7672,24
7673,7673,11
7674,7674,11
7675,7675,11
7676,7676,11
7677,7677,11
7678,7678,12
7679,7679,13
7680,7680,11
7681,7681,11
7682,7682,11
7683,7683,11
7684,7684,11
7685,7685,11
7686,7686,11
7687,7687,12
7688,7688,11
7689,7689,11
7690,7690,11
7691,7691,11
7692,7692,11
7693,7693,11
7694,7694,11
7695,7695,11
7696,7696,11
7697,7697,11
7698,7698,11
7699,7699,11
7700,7700,11
7701,7701,11
7702,7702,14
7703,7703,11
7704,7704,12
7705,7705,11
7706,7706,11
7707,7707,12
7708,7708,11
7709,7709,11
7710,7710,11
7711,7711,12
7712,7712,14
7713,7713,11
7714,7714,11
7715,7715,13
7716,7716,11
7717,7717,11
7718,7718,12
7719,7719,11
7720,7720,11
7721,7721,11
7722,7722,11
7723,7723,11
7724,7724,11
7725,7725,11
7726,7726,14
7727,7727,11
7728,7728,12
7729,7729,11
7730,7730,11
7731,7731,11
7732,7732,11
7733,7733,11
7734,7734,11
7735,7735,11
7736,7736,11
7737,7737,11
7738,7738,11
7739,7739,14
7740,7740,11
7741,7741,11
7742,7742,11
7743,7743,11
7744,7744,11
7745,7745,11
7746,7746,11
7747,7747,11
7748,7748,11
7749,7749,11
7750,7750,11
7751,7751,11
7752,7752,11
7753,7753,11
7754,7754,11
7755,7755,11
7756,7756,11
7757,7757,11
7758,7758,11
7759,7759,13
7760,7760,13
7761,7761,11
7762,7762,11
7763,7763,11
7764,7764,11
7765,7765,11
7766,7766,11
7767,7767,11
7768,7768,11
7769,7769,11
7770,7770,11
7771,7771,11
7772,7772,11
7773,7773,11
7774,7774,12
7775,7775,11
7776,7776,11
7777,7777,11
7778,7778,11
7779,7779,11
7780,7780,11
7781,7781,11
7782,7782,11
7783,7783,11
7784,7784,11
7785,7785,11
7786,7786,11
7787,7787,11
7788,7788,11
7789,7789,11
7790,7790,11
7791,7791,11
7792,7792,11
7793,7793,11
7794,7794,11
7795,7795,11
7796,7796,11
7797,7797,11
7798,7798,11
7799,7799,11
7800,7800,11
7801,7801,11
7802,7802,11
7803,7803,11
7804,7804,11
7805,7805,11
7806,7806,11
7807,7807,11
7808,7808,11
7809,7809,11
7810,7810,11
7811,7811,11
7812,7812,11
7813,7813,11
7814,7814,11
7815,7815,11
7816,7816,11
7817,7817,11
7818,7818,11
7819,7819,14
7820,7820,11
7821,7821,11
7822,7822,11
7823,7823,11
7824,7824,11
7825,7825,14
7826,7826,11
7827,7827,11
7828,7828,11
7829,7829,11
7830,7830,11
7831,7831,11
7832,7832,11
7833,7833,11
7834,7834,11
7835,7835,11
7836,7836,11
7837,7837,11
7838,7838,11
7839,7839,11
7840,7840,11
7841,7841,11
7842,7842,12
7843,7843,11
7844,7844,11
7845,7845,11
7846,7846,11
7847,7847,11
7848,7848,11
7849,7849,11
7850,7850,11
7851,7851,11
7852,7852,12
7853,7853,11
7854,7854,11
7855,7855,11
7856,7856,11
7857,7857,11
7858,7858,11
7859,7859,11
7860,7860,11
7861,7861,11
7862,7862,11
7863,7863,11
7864,7864,11
7865,7865,11
7866,7866,12
7867,7867,11
7868,7868,11
7869,7869,11
7870,7870,11
7871,7871,11
7872,7872,11
7873,7873,11
7874,7874,11
7875,7875,11
7876,7876,11
7877,7877,11
7878,7878,11
7879,7879,11
7880,7880,11
7881,7881,11
7882,7882,11
7883,7883,11
7884,7884,11
7885,7885,11
7886,7886,11
7887,7887,11
7888,7888,11
7889,7889,11
7890,7890,11
7891,7891,11
7892,7892,11
7893,7893,13
7894,7894,11
7895,7895,11
7896,7896,11
7897,7897,11
7898,7898,11
7899,7899,11
7900,7900,11
7901,7901,11
7902,7902,11
7903,7903,11
7904,7904,11
7905,7905,11
7906,7906,11
7907,7907,12
7908,7908,12
7909,7909,11
7910,7910,11
7911,7911,11
7912,7912,11
7913,7913,11
7914,7914,11
7915,7915,11
7916,7916,11
7917,7917,11
7918,7918,11
7919,7919,11
7920,7920,11
7921,7921,11
7922,7922,11
7923,7923,11
7924,7924,11
7925,7925,11
7926,7926,11
7927,7927,11
7928,7928,11
7929,7929,11
7930,7930,11
7931,7931,11
7932,7932,11
7933,7933,12
7934,7934,11
7935,7935,11
7936,7936,11
7937,7937,11
7938,7938,11
7939,7939,12
7940,7940,11
7941,7941,12
7942,7942,11
7943,7943,11
7944,7944,11
7945,7945,11
7946,7946,11
7947,7947,11
7948,7948,12
7949,7949,11
7950,7950,11
7951,7951,11
7952,7952,11
7953,7953,11
7954,7954,11
7955,7955,11
7956,7956,11
7957,7957,11
7958,7958,11
7959,7959,11
7960,7960,11
7961,7961,11
7962,7962,11
7963,7963,12
7964,7964,11
7965,7965,11
7966,7966,11
7967,7967,11
7968,7968,11
7969,7969,11
7970,7970,11
7971,7971,11
7972,7972,11
7973,7973,14
7974,7974,11
7975,7975,11
7976,7976,12
7977,7977,11
7978,7978,11
7979,7979,11
7980,7980,11
7981,7981,12
7982,7982,11
7983,7983,11
7984,7984,12
7985,7985,11
7986,7986,11
7987,7987,11
7988,7988,11
7989,7989,11
7990,7990,11
7991,7991,11
7992,7992,11
7993,7993,11
7994,7994,11
7995,7995,11
7996,7996,11
7997,7997,11
7998,7998,11
7999,7999,11
8000,8000,11
8001,8001,11
8002,8002,11
8003,8003,11
8004,8004,11
8005,8005,11
8006,8006,11
8007,8007,11
8008,8008,11
8009,8009,11
8010,8010,11
8011,8011,12
8012,8012,11
8013,8013,11
8014,8014,12
8015,8015,11
8016,8016,11
8017,8017,11
8018,8018,11
8019,8019,11
8020,8020,11
8021,8021,13
8022,8022,11
8023,8023,11
8024,8024,11
8025,8025,11
8026,8026,11
8027,8027,11
8028,8028,11
8029,8029,11
8030,8030,11
8031,8031,11
8032,8032,11
8033,8033,12
8034,8034,11
8035,8035,11
8036,8036,12
8037,8037,11
8038,8038,11
8039,8039,11
8040,8040,11
8041,8041,11
8042,8042,12
8043,8043,11
8044,8044,11
8045,8045,11
8046,8046,11
8047,8047,11
8048,8048,11
8049,8049,11
8050,8050,11
8051,8051,11
8052,8052,11
8053,8053,11
8054,8054,11
8055,8055,11
8056,8056,11
8057,8057,12
8058,8058,11
8059,8059,11
8060,8060,11
8061,8061,11
8062,8062,11
8063,8063,11
8064,8064,11
8065,8065,11
8066,8066,11
8067,8067,11
8068,8068,11
8069,8069,11
8070,8070,11
8071,8071,11
8072,8072,11
8073,8073,11
8074,8074,11
8075,8075,12
8076,8076,11
8077,8077,11
8078,8078,11
8079,8079,13
8080,8080,11
8081,8081,12
8082,8082,11
8083,8083,11
8084,8084,11
8085,8085,11
8086,8086,11
8087,8087,11
8088,8088,11
8089,8089,11
8090,8090,11
8091,8091,11
8092,8092,11
8093,8093,11
8094,8094,11
8095,8095,12
8096,8096,11
8097,8097,12
8098,8098,11
8099,8099,11
8100,8100,11
8101,8101,11
8102,8102,11
8103,8103,11
8104,8104,11
8105,8105,11
8106,8106,12
8107,8107,11
8108,8108,11
8109,8109,11
8110,8110,11
8111,8111,11
8112,8112,11
8113,8113,11
8114,8114,11
8115,8115,11
8116,8116,11
8117,8117,13
8118,8118,12
8119,8119,11
8120,8120,14
8121,8121,11
8122,8122,11
8123,8123,11
8124,8124,11
8125,8125,11
8126,8126,11
8127,8127,11
8128,8128,11
8129,8129,11
8130,8130,11
8131,8131,11
8132,8132,11
8133,8133,11
8134,8134,11
8135,8135,11
8136,8136,11
8137,8137,11
8138,8138,11
8139,8139,14
8140,8140,11
8141,8141,11
8142,8142,11
8143,8143,15
8144,8144,11
8145,8145,11
8146,8146,11
8147,8147,11
8148,8148,11
8149,8149,11
8150,8150,13
8151,8151,11
8152,8152,11
8153,8153,11
8154,8154,11
8155,8155,11
8156,8156,11
8157,8157,11
8158,8158,11
8159,8159,11
8160,8160,11
8161,8161,11
8162,8162,11
8163,8163,11
8164,8164,11
8165,8165,11
8166,8166,11
8167,8167,11
8168,8168,11
8169,8169,11
8170,8170,11
8171,8171,11
8172,8172,11
8173,8173,11
8174,8174,11
8175,8175,11
8176,8176,12
8177,8177,11
8178,8178,11
8179,8179,11
8180,8180,11
8181,8181,11
8182,8182,11
8183,8183,11
8184,8184,11
8185,8185,11
8186,8186,11
8187,8187,11
8188,8188,11
8189,8189,11
8190,8190,11
8191,8191,11
8192,8192,11
8193,8193,11
8194,8194,11
8195,8195,11
8196,8196,11
8197,8197,11
8198,8198,11
8199,8199,11
8200,8200,11
8201,8201,11
8202,8202,11
8203,8203,11
8204,8204,14
8205,8205,11
8206,8206,29
8207,8207,11
8208,8208,11
8209,8209,11
8210,8210,11
8211,8211,11
8212,8212,11
8213,8213,11
8214,8214,17
8215,8215,11
8216,8216,11
8217,8217,11
8218,8218,11
8219,8219,11
8220,8220,11
8221,8221,11
8222,8222,11
8223,8223,11
8224,8224,11
8225,8225,12
8226,8226,11
8227,8227,11
8228,8228,11
8229,8229,11
8230,8230,11
8231,8231,11
8232,8232,11
8233,8233,11
8234,8234,11
8235,8235,11
8236,8236,13
8237,8237,11
8238,8238,11
8239,8239,11
8240,8240,11
8241,8241,17
8242,8242,11
8243,8243,11
8244,8244,11
8245,8245,11
8246,8246,11
8247,8247,11
8248,8248,11
8249,8249,11
8250,8250,11
8251,8251,11
8252,8252,11
8253,8253,11
8254,8254,11
8255,8255,11
8256,8256,11
8257,8257,11
8258,8258,12
8259,8259,11
8260,8260,11
8261,8261,11
8262,8262,11
8263,8263,11
8264,8264,11
8265,8265,11
8266,8266,11
8267,8267,11
8268,8268,11
8269,8269,12
8270,8270,11
8271,8271,11
8272,8272,11
8273,8273,11
8274,8274,11
8275,8275,11
8276,8276,11
8277,8277,11
8278,8278,11
8279,8279,11
8280,8280,11
8281,8281,11
8282,8282,12
8283,8283,11
8284,8284,11
8285,8285,11
8286,8286,11
8287,8287,11
8288,8288,11
8289,8289,11
8290,8290,11
8291,8291,79
8292,8292,12
8293,8293,11
8294,8294,11
8295,8295,11
8296,8296,11
8297,8297,11
8298,8298,11
8299,8299,11
8300,8300,11
8301,8301,11
8302,8302,11
8303,8303,11
8304,8304,11
8305,8305,11
8306,8306,11
8307,8307,11
8308,8308,11
8309,8309,11
8310,8310,11
8311,8311,11
8312,8312,11
8313,8313,11
8314,8314,11
8315,8315,11
8316,8316,12
8317,8317,11
8318,8318,11
8319,8319,11
8320,8320,11
8321,8321,11
8322,8322,11
8323,8323,12
8324,8324,11
8325,8325,11
8326,8326,11
8327,8327,11
8328,8328,11
8329,8329,11
8330,8330,11
8331,8331,12
8332,8332,11
8333,8333,11
8334,8334,14
8335,8335,11
8336,8336,11
8337,8337,11
8338,8338,11
8339,8339,11
8340,8340,11
8341,8341,11
8342,8342,11
8343,8343,11
8344,8344,11
8345,8345,11
8346,8346,11
8347,8347,17
8348,8348,11
8349,8349,11
8350,8350,11
8351,8351,11
8352,8352,11
8353,8353,11
8354,8354,11
8355,8355,11
8356,8356,11
8357,8357,12
8358,8358,11
8359,8359,11
8360,8360,11
8361,8361,12
8362,8362,16
8363,8363,11
8364,8364,11
8365,8365,11
8366,8366,11
8367,8367,11
8368,8368,13
8369,8369,11
8370,8370,11
8371,8371,11
8372,8372,11
8373,8373,11
8374,8374,11
8375,8375,11
8376,8376,11
8377,8377,11
8378,8378,11
8379,8379,11
8380,8380,11
8381,8381,11
8382,8382,11
8383,8383,11
8384,8384,11
8385,8385,11
8386,8386,11
8387,8387,11
8388,8388,11
8389,8389,13
8390,8390,11
8391,8391,11
8392,8392,11
8393,8393,11
8394,8394,11
8395,8395,11
8396,8396,11
8397,8397,11
8398,8398,11
8399,8399,11
8400,8400,11
8401,8401,11
8402,8402,11
8403,8403,11
8404,8404,11
8405,8405,11
8406,8406,11
8407,8407,11
8408,8408,11
8409,8409,11
8410,8410,11
8411,8411,11
8412,8412,11
8413,8413,11
8414,8414,11
8415,8415,11
8416,8416,11
8417,8417,11
8418,8418,11
8419,8419,11
8420,8420,11
8421,8421,14
8422,8422,11
8423,8423,11
8424,8424,11
8425,8425,12
8426,8426,11
8427,8427,11
8428,8428,11
8429,8429,11
8430,8430,13
8431,8431,12
8432,8432,11
8433,8433,14
8434,8434,11
8435,8435,11
8436,8436,12
8437,8437,11
8438,8438,11
8439,8439,11
8440,8440,11
8441,8441,11
8442,8442,11
8443,8443,11
8444,8444,11
8445,8445,11
8446,8446,11
8447,8447,11
8448,8448,11
8449,8449,11
8450,8450,11
8451,8451,11
8452,8452,11
8453,8453,11
8454,8454,11
8455,8455,11
8456,8456,11
8457,8457,11
8458,8458,11
8459,8459,11
8460,8460,12
8461,8461,11
8462,8462,11
8463,8463,20
8464,8464,11
8465,8465,11
8466,8466,11
8467,8467,11
8468,8468,11
8469,8469,11
8470,8470,11
8471,8471,11
8472,8472,11
8473,8473,11
8474,8474,11
8475,8475,11
8476,8476,11
8477,8477,11
8478,8478,11
8479,8479,16
8480,8480,11
8481,8481,11
8482,8482,11
8483,8483,11
8484,8484,11
8485,8485,12
8486,8486,11
8487,8487,11
8488,8488,11
8489,8489,11
8490,8490,11
8491,8491,12
8492,8492,11
8493,8493,11
8494,8494,11
8495,8495,12
8496,8496,11
8497,8497,11
8498,8498,11
8499,8499,11
8500,8500,11
8501,8501,11
8502,8502,11
8503,8503,11
8504,8504,11
8505,8505,11
8506,8506,11
8507,8507,12
8508,8508,11
8509,8509,11
8510,8510,11
8511,8511,14
8512,8512,11
8513,8513,13
8514,8514,11
8515,8515,11
8516,8516,11
8517,8517,12
8518,8518,11
8519,8519,11
8520,8520,11
8521,8521,11
8522,8522,11
8523,8523,11
8524,8524,12
8525,8525,11
8526,8526,11
8527,8527,11
8528,8528,11
8529,8529,11
8530,8530,11
8531,8531,15
8532,8532,11
8533,8533,11
8534,8534,12
8535,8535,11
8536,8536,11
8537,8537,11
8538,8538,11
8539,8539,11
8540,8540,11
8541,8541,11
8542,8542,11
8543,8543,11
8544,8544,13
8545,8545,11
8546,8546,12
8547,8547,11
8548,8548,11
8549,8549,11
8550,8550,11
8551,8551,11
8552,8552,11
8553,8553,11
8554,8554,11
8555,8555,11
8556,8556,11
8557,8557,11
8558,8558,11
8559,8559,11
8560,8560,11
8561,8561,11
8562,8562,11
8563,8563,11
8564,8564,11
8565,8565,11
8566,8566,21
8567,8567,11
8568,8568,11
8569,8569,12
8570,8570,11
8571,8571,11
8572,8572,11
8573,8573,11
8574,8574,12
8575,8575,11
8576,8576,11
8577,8577,11
8578,8578,11
8579,8579,11
8580,8580,11
8581,8581,14
8582,8582,11
8583,8583,12
8584,8584,11
8585,8585,11
8586,8586,15
8587,8587,11
8588,8588,11
8589,8589,11
8590,8590,11
8591,8591,11
8592,8592,11
8593,8593,14
8594,8594,11
8595,8595,11
8596,8596,11
8597,8597,11
8598,8598,11
8599,8599,11
8600,8600,11
8601,8601,11
8602,8602,11
8603,8603,11
8604,8604,11
8605,8605,11
8606,8606,11
8607,8607,11
8608,8608,11
8609,8609,11
8610,8610,11
8611,8611,11
8612,8612,11
8613,8613,11
8614,8614,11
8615,8615,11
8616,8616,11
8617,8617,11
8618,8618,11
8619,8619,11
8620,8620,11
8621,8621,11
8622,8622,11
8623,8623,11
8624,8624,11
8625,8625,12
8626,8626,11
8627,8627,11
8628,8628,11
8629,8629,11
8630,8630,11
8631,8631,11
8632,8632,11
8633,8633,11
8634,8634,12
8635,8635,13
8636,8636,11
8637,8637,11
8638,8638,11
8639,8639,11
8640,8640,11
8641,8641,11
8642,8642,11
8643,8643,11
8644,8644,11
8645,8645,14
8646,8646,11
8647,8647,11
8648,8648,11
8649,8649,11
8650,8650,11
8651,8651,14
8652,8652,11
8653,8653,11
8654,8654,11
8655,8655,11
8656,8656,11
8657,8657,12
8658,8658,11
8659,8659,13
8660,8660,11
8661,8661,11
8662,8662,11
8663,8663,16
8664,8664,12
8665,8665,11
8666,8666,11
8667,8667,11
8668,8668,11
8669,8669,11
8670,8670,11
8671,8671,11
8672,8672,11
8673,8673,11
8674,8674,12
8675,8675,11
8676,8676,11
8677,8677,11
8678,8678,11
8679,8679,11
8680,8680,11
8681,8681,12
8682,8682,11
8683,8683,11
8684,8684,11
8685,8685,12
8686,8686,11
8687,8687,11
8688,8688,11
8689,8689,11
8690,8690,11
8691,8691,11
8692,8692,11
8693,8693,11
8694,8694,11
8695,8695,11
8696,8696,11
8697,8697,11
8698,8698,11
8699,8699,11
8700,8700,11
8701,8701,11
8702,8702,11
8703,8703,11
8704,8704,11
8705,8705,11
8706,8706,11
8707,8707,11
8708,8708,11
8709,8709,11
8710,8710,11
8711,8711,11
8712,8712,14
8713,8713,11
8714,8714,11
8715,8715,11
8716,8716,11
8717,8717,11
8718,8718,11
8719,8719,11
8720,8720,11
8721,8721,11
8722,8722,11
8723,8723,11
8724,8724,21
8725,8725,11
8726,8726,11
8727,8727,12
8728,8728,12
8729,8729,11
8730,8730,11
8731,8731,11
8732,8732,11
8733,8733,11
8734,8734,11
8735,8735,11
8736,8736,11
8737,8737,11
8738,8738,11
8739,8739,11
8740,8740,12
8741,8741,11
8742,8742,12
8743,8743,11
8744,8744,11
8745,8745,11
8746,8746,11
8747,8747,13
8748,8748,11
8749,8749,11
8750,8750,11
8751,8751,11
8752,8752,11
8753,8753,11
8754,8754,11
8755,8755,11
8756,8756,11
8757,8757,11
8758,8758,11
8759,8759,12
8760,8760,11
8761,8761,11
8762,8762,11
8763,8763,11
8764,8764,14
8765,8765,11
8766,8766,11
8767,8767,11
8768,8768,11
8769,8769,12
8770,8770,11
8771,8771,11
8772,8772,11
8773,8773,11
8774,8774,11
8775,8775,11
8776,8776,11
8777,8777,11
8778,8778,11
8779,8779,12
8780,8780,11
8781,8781,11
8782,8782,11
8783,8783,11
8784,8784,13
8785,8785,11
8786,8786,11
8787,8787,11
8788,8788,11
8789,8789,11
8790,8790,11
8791,8791,11
8792,8792,11
8793,8793,11
8794,8794,11
8795,8795,11
8796,8796,11
8797,8797,11
8798,8798,11
8799,8799,11
8800,8800,12
8801,8801,11
8802,8802,11
8803,8803,11
8804,8804,11
8805,8805,11
8806,8806,11
8807,8807,11
8808,8808,11
8809,8809,11
8810,8810,11
8811,8811,11
8812,8812,11
8813,8813,11
8814,8814,11
8815,8815,11
8816,8816,11
8817,8817,11
8818,8818,11
8819,8819,12
8820,8820,11
8821,8821,11
8822,8822,11
8823,8823,11
8824,8824,11
8825,8825,11
8826,8826,11
8827,8827,11
8828,8828,11
8829,8829,11
8830,8830,11
8831,8831,17
8832,8832,13
8833,8833,11
8834,8834,11
8835,8835,11
8836,8836,11
8837,8837,11
8838,8838,11
8839,8839,11
8840,8840,11
8841,8841,11
8842,8842,11
8843,8843,11
8844,8844,11
8845,8845,11
8846,8846,11
8847,8847,11
8848,8848,13
8849,8849,12
8850,8850,11
8851,8851,11
8852,8852,11
8853,8853,11
8854,8854,11
8855,8855,11
8856,8856,11
8857,8857,11
8858,8858,11
8859,8859,12
8860,8860,12
8861,8861,11
8862,8862,11
8863,8863,13
8864,8864,11
8865,8865,11
8866,8866,11
8867,8867,11
8868,8868,11
8869,8869,11
8870,8870,11
8871,8871,13
8872,8872,11
8873,8873,11
8874,8874,11
8875,8875,11
8876,8876,11
8877,8877,11
8878,8878,11
8879,8879,11
8880,8880,11
8881,8881,11
8882,8882,11
8883,8883,11
8884,8884,11
8885,8885,11
8886,8886,11
8887,8887,18
8888,8888,11
8889,8889,11
8890,8890,11
8891,8891,11
8892,8892,11
8893,8893,11
8894,8894,13
8895,8895,11
8896,8896,11
8897,8897,13
8898,8898,11
8899,8899,11
8900,8900,11
8901,8901,11
8902,8902,11
8903,8903,11
8904,8904,11
8905,8905,11
8906,8906,11
8907,8907,11
8908,8908,11
8909,8909,11
8910,8910,13
8911,8911,11
8912,8912,11
8913,8913,11
8914,8914,11
8915,8915,11
8916,8916,11
8917,8917,11
8918,8918,11
8919,8919,11
8920,8920,12
8921,8921,11
8922,8922,12
8923,8923,11
8924,8924,11
8925,8925,11
8926,8926,11
8927,8927,11
8928,8928,11
8929,8929,11
8930,8930,11
8931,8931,11
8932,8932,11
8933,8933,11
8934,8934,11
8935,8935,11
8936,8936,11
8937,8937,11
8938,8938,11
8939,8939,11
8940,8940,11
8941,8941,11
8942,8942,11
8943,8943,11
8944,8944,11
8945,8945,11
8946,8946,11
8947,8947,11
8948,8948,11
8949,8949,11
8950,8950,11
8951,8951,11
8952,8952,11
8953,8953,11
8954,8954,14
8955,8955,16
8956,8956,11
8957,8957,11
8958,8958,11
8959,8959,11
8960,8960,11
8961,8961,11
8962,8962,11
8963,8963,11
8964,8964,21
8965,8965,11
8966,8966,11
8967,8967,11
8968,8968,11
8969,8969,11
8970,8970,11
8971,8971,11
8972,8972,11
8973,8973,11
8974,8974,11
8975,8975,11
8976,8976,11
8977,8977,11
8978,8978,11
8979,8979,11
8980,8980,11
8981,8981,11
8982,8982,11
8983,8983,14
8984,8984,11
8985,8985,11
8986,8986,12
8987,8987,11
8988,8988,11
8989,8989,11
8990,8990,11
8991,8991,12
8992,8992,11
8993,8993,11
8994,8994,11
8995,8995,11
8996,8996,11
8997,8997,11
8998,8998,12
8999,8999,11
9000,9000,11
9001,9001,11
9002,9002,11
9003,9003,11
9004,9004,12
9005,9005,12
9006,9006,12
9007,9007,12
9008,9008,11
9009,9009,11
9010,9010,11
9011,9011,11
9012,9012,11
9013,9013,11
9014,9014,12
9015,9015,11
9016,9016,11
9017,9017,11
9018,9018,12
9019,9019,11
9020,9020,12
9021,9021,11
9022,9022,11
9023,9023,11
9024,9024,12
9025,9025,11
9026,9026,11
9027,9027,11
9028,9028,11
9029,9029,11
9030,9030,13
9031,9031,11
9032,9032,11
9033,9033,11
9034,9034,12
9035,9035,11
9036,9036,11
9037,9037,11
9038,9038,11
9039,9039,11
9040,9040,11
9041,9041,11
9042,9042,11
9043,9043,11
9044,9044,12
9045,9045,11
9046,9046,11
9047,9047,11
9048,9048,11
9049,9049,11
9050,9050,11
9051,9051,11
9052,9052,11
9053,9053,11
9054,9054,11
9055,9055,11
9056,9056,11
9057,9057,11
9058,9058,11
9059,9059,11
9060,9060,11
9061,9061,11
9062,9062,11
9063,9063,12
9064,9064,11
9065,9065,11
9066,9066,11
9067,9067,11
9068,9068,13
9069,9069,11
9070,9070,11
9071,9071,11
9072,9072,11
9073,9073,11
9074,9074,13
9075,9075,11
9076,9076,11
9077,9077,11
9078,9078,11
9079,9079,12
9080,9080,11
9081,9081,11
9082,9082,11
9083,9083,11
9084,9084,11
9085,9085,11
9086,9086,11
9087,9087,11
9088,9088,12
9089,9089,11
9090,9090,11
9091,9091,11
9092,9092,11
9093,9093,11
9094,9094,11
9095,9095,11
9096,9096,11
9097,9097,11
9098,9098,11
9099,9099,11
9100,9100,11
9101,9101,11
9102,9102,11
9103,9103,11
9104,9104,12
9105,9105,11
9106,9106,11
9107,9107,11
9108,9108,11
9109,9109,11
9110,9110,11
9111,9111,11
9112,9112,11
9113,9113,11
9114,9114,11
9115,9115,11
9116,9116,11
9117,9117,12
9118,9118,12
9119,9119,11
9120,9120,11
9121,9121,11
9122,9122,11
9123,9123,11
9124,9124,11
9125,9125,11
9126,9126,11
9127,9127,11
9128,9128,11
9129,9129,11
9130,9130,11
9131,9131,11
9132,9132,11
9133,9133,11
9134,9134,11
9135,9135,12
9136,9136,11
9137,9137,11
9138,9138,11
9139,9139,11
9140,9140,11
9141,9141,11
9142,9142,11
9143,9143,11
9144,9144,11
9145,9145,11
9146,9146,11
9147,9147,11
9148,9148,11
9149,9149,11
9150,9150,11
9151,9151,11
9152,9152,12
9153,9153,11
9154,9154,11
9155,9155,11
9156,9156,11
9157,9157,11
9158,9158,11
9159,9159,11
9160,9160,16
9161,9161,12
9162,9162,11
9163,9163,11
9164,9164,11
9165,9165,11
9166,9166,11
9167,9167,11
9168,9168,11
9169,9169,11
9170,9170,11
9171,9171,11
9172,9172,11
9173,9173,11
9174,9174,11
9175,9175,11
9176,9176,11
9177,9177,12
9178,9178,11
9179,9179,11
9180,9180,11
9181,9181,13
9182,9182,11
9183,9183,11
9184,9184,11
9185,9185,11
9186,9186,11
9187,9187,11
9188,9188,11
9189,9189,11
9190,9190,11
9191,9191,11
9192,9192,11
9193,9193,11
9194,9194,11
9195,9195,11
9196,9196,15
9197,9197,12
9198,9198,11
9199,9199,11
9200,9200,11
9201,9201,12
9202,9202,11
9203,9203,11
9204,9204,11
9205,9205,11
9206,9206,11
9207,9207,11
9208,9208,11
9209,9209,11
9210,9210,11
9211,9211,11
9212,9212,11
9213,9213,11
9214,9214,11
9215,9215,11
9216,9216,38
9217,9217,11
9218,9218,11
9219,9219,11
9220,9220,12
9221,9221,11
9222,9222,11
9223,9223,12
9224,9224,11
9225,9225,11
9226,9226,12
9227,9227,11
9228,9228,11
9229,9229,12
9230,9230,11
9231,9231,11
9232,9232,11
9233,9233,16
9234,9234,11
9235,9235,12
9236,9236,14
9237,9237,11
9238,9238,12
9239,9239,11
9240,9240,11
9241,9241,11
9242,9242,11
9243,9243,11
9244,9244,11
9245,9245,11
9246,9246,11
9247,9247,11
9248,9248,11
9249,9249,11
9250,9250,11
9251,9251,11
9252,9252,11
9253,9253,11
9254,9254,11
9255,9255,11
9256,9256,11
9257,9257,11
9258,9258,13
9259,9259,11
9260,9260,11
9261,9261,11
9262,9262,11
9263,9263,11
9264,9264,11
9265,9265,11
9266,9266,11
9267,9267,12
9268,9268,11
9269,9269,11
9270,9270,11
9271,9271,11
9272,9272,11
9273,9273,12
9274,9274,11
9275,9275,11
9276,9276,11
9277,9277,11
9278,9278,11
9279,9279,11
9280,9280,11
9281,9281,11
9282,9282,11
9283,9283,11
9284,9284,11
9285,9285,11
9286,9286,11
9287,9287,11
9288,9288,16
9289,9289,11
9290,9290,11
9291,9291,11
9292,9292,11
9293,9293,11
9294,9294,11
9295,9295,11
9296,9296,11
9297,9297,12
9298,9298,11
9299,9299,11
9300,9300,11
9301,9301,11
9302,9302,11
9303,9303,11
9304,9304,11
9305,9305,21
9306,9306,16
9307,9307,12
9308,9308,11
9309,9309,11
9310,9310,11
9311,9311,11
9312,9312,11
9313,9313,11
9314,9314,11
9315,9315,11
9316,9316,11
9317,9317,11
9318,9318,11
9319,9319,11
9320,9320,12
9321,9321,16
9322,9322,11
9323,9323,11
9324,9324,11
9325,9325,11
9326,9326,11
9327,9327,11
9328,9328,13
9329,9329,11
9330,9330,11
9331,9331,11
9332,9332,11
9333,9333,11
9334,9334,11
9335,9335,11
9336,9336,11
9337,9337,11
9338,9338,11
9339,9339,11
9340,9340,11
9341,9341,11
9342,9342,11
9343,9343,11
9344,9344,11
9345,9345,11
9346,9346,11
9347,9347,11
9348,9348,11
9349,9349,11
9350,9350,11
9351,9351,11
9352,9352,11
9353,9353,11
9354,9354,11
9355,9355,12
9356,9356,11
9357,9357,11
9358,9358,11
9359,9359,11
9360,9360,11
9361,9361,11
9362,9362,11
9363,9363,11
9364,9364,11
9365,9365,11
9366,9366,11
9367,9367,11
9368,9368,19
9369,9369,11
9370,9370,11
9371,9371,11
9372,9372,11
9373,9373,11
9374,9374,11
9375,9375,11
9376,9376,11
9377,9377,11
9378,9378,11
9379,9379,11
9380,9380,11
9381,9381,11
9382,9382,11
9383,9383,11
9384,9384,11
9385,9385,11
9386,9386,11
9387,9387,12
9388,9388,11
9389,9389,11
9390,9390,13
9391,9391,11
9392,9392,11
9393,9393,11
9394,9394,11
9395,9395,11
9396,9396,11
9397,9397,11
9398,9398,11
9399,9399,11
9400,9400,11
9401,9401,11
9402,9402,11
9403,9403,11
9404,9404,11
9405,9405,11
9406,9406,11
9407,9407,11
9408,9408,12
9409,9409,11
9410,9410,11
9411,9411,11
9412,9412,11
9413,9413,11
9414,9414,11
9415,9415,11
9416,9416,11
9417,9417,11
9418,9418,11
9419,9419,11
9420,9420,11
9421,9421,11
9422,9422,11
9423,9423,11
9424,9424,15
9425,9425,11
9426,9426,12
9427,9427,11
9428,9428,11
9429,9429,11
9430,9430,11
9431,9431,11
9432,9432,11
9433,9433,11
9434,9434,11
9435,9435,11
9436,9436,11
9437,9437,11
9438,9438,11
9439,9439,11
9440,9440,11
9441,9441,11
9442,9442,11
9443,9443,11
9444,9444,11
9445,9445,12
9446,9446,11
9447,9447,11
9448,9448,11
9449,9449,11
9450,9450,11
9451,9451,11
9452,9452,11
9453,9453,11
9454,9454,11
9455,9455,11
9456,9456,11
9457,9457,11
9458,9458,11
9459,9459,11
9460,9460,11
9461,9461,11
9462,9462,11
9463,9463,11
9464,9464,11
9465,9465,11
9466,9466,12
9467,9467,11
9468,9468,11
9469,9469,11
9470,9470,11
9471,9471,11
9472,9472,11
9473,9473,11
9474,9474,11
9475,9475,11
9476,9476,11
9477,9477,11
9478,9478,12
9479,9479,11
9480,9480,11
9481,9481,11
9482,9482,11
9483,9483,11
9484,9484,17
9485,9485,11
9486,9486,11
9487,9487,11
9488,9488,11
9489,9489,11
9490,9490,11
9491,9491,11
9492,9492,11
9493,9493,11
9494,9494,11
9495,9495,11
9496,9496,11
9497,9497,11
9498,9498,11
9499,9499,11
9500,9500,11
9501,9501,11
9502,9502,11
9503,9503,11
9504,9504,11
9505,9505,11
9506,9506,12
9507,9507,11
9508,9508,11
9509,9509,11
9510,9510,11
9511,9511,11
9512,9512,11
9513,9513,11
9514,9514,11
9515,9515,11
9516,9516,12
9517,9517,11
9518,9518,11
9519,9519,11
9520,9520,11
9521,9521,11
9522,9522,11
9523,9523,11
9524,9524,11
9525,9525,11
9526,9526,11
9527,9527,12
9528,9528,11
9529,9529,11
9530,9530,11
9531,9531,11
9532,9532,13
9533,9533,11
9534,9534,11
9535,9535,11
9536,9536,11
9537,9537,11
9538,9538,11
9539,9539,11
9540,9540,11
9541,9541,11
9542,9542,11
9543,9543,11
9544,9544,11
9545,9545,11
9546,9546,11
9547,9547,11
9548,9548,11
9549,9549,11
9550,9550,11
9551,9551,11
9552,9552,11
9553,9553,11
9554,9554,11
9555,9555,11
9556,9556,11
9557,9557,11
9558,9558,11
9559,9559,13
9560,9560,14
9561,9561,23
9562,9562,11
9563,9563,11
9564,9564,11
9565,9565,11
9566,9566,11
9567,9567,12
9568,9568,14
9569,9569,11
9570,9570,11
9571,9571,13
9572,9572,11
9573,9573,11
9574,9574,11
9575,9575,11
9576,9576,11
9577,9577,11
9578,9578,12
9579,9579,11
9580,9580,11
9581,9581,11
9582,9582,11
9583,9583,11
9584,9584,11
9585,9585,11
9586,9586,12
9587,9587,11
9588,9588,11
9589,9589,11
9590,9590,11
9591,9591,11
9592,9592,11
9593,9593,11
9594,9594,11
9595,9595,12
9596,9596,11
9597,9597,11
9598,9598,11
9599,9599,11
9600,9600,11
9601,9601,11
9602,9602,12
9603,9603,11
9604,9604,11
9605,9605,11
9606,9606,11
9607,9607,12
9608,9608,11
9609,9609,11
9610,9610,11
9611,9611,11
9612,9612,11
9613,9613,11
9614,9614,11
9615,9615,11
9616,9616,11
9617,9617,11
9618,9618,11
9619,9619,11
9620,9620,11
9621,9621,11
9622,9622,11
9623,9623,11
9624,9624,11
9625,9625,11
9626,9626,11
9627,9627,11
9628,9628,11
9629,9629,11
9630,9630,12
9631,9631,11
9632,9632,11
9633,9633,11
9634,9634,11
9635,9635,11
9636,9636,11
9637,9637,11
9638,9638,11
9639,9639,11
9640,9640,11
9641,9641,11
9642,9642,11
9643,9643,11
9644,9644,11
9645,9645,11
9646,9646,11
9647,9647,13
9648,9648,14
9649,9649,11
9650,9650,11
9651,9651,11
9652,9652,11
9653,9653,11
9654,9654,12
9655,9655,11
9656,9656,11
9657,9657,11
9658,9658,11
9659,9659,11
9660,9660,11
9661,9661,11
9662,9662,108
9663,9663,11
9664,9664,11
9665,9665,11
9666,9666,11
9667,9667,11
9668,9668,11
9669,9669,11
9670,9670,11
9671,9671,11
9672,9672,11
9673,9673,11
9674,9674,11
9675,9675,11
9676,9676,11
9677,9677,11
9678,9678,11
9679,9679,11
9680,9680,11
9681,9681,11
9682,9682,11
9683,9683,11
9684,9684,11
9685,9685,11
9686,9686,11
9687,9687,11
9688,9688,11
9689,9689,11
9690,9690,11
9691,9691,13
9692,9692,13
9693,9693,11
9694,9694,11
9695,9695,11
9696,9696,11
9697,9697,11
9698,9698,11
9699,9699,11
9700,9700,11
9701,9701,11
9702,9702,11
9703,9703,11
9704,9704,11
9705,9705,11
9706,9706,11
9707,9707,11
9708,9708,11
9709,9709,11
9710,9710,11
9711,9711,11
9712,9712,11
9713,9713,11
9714,9714,11
9715,9715,11
9716,9716,11
9717,9717,11
9718,9718,12
9719,9719,11
9720,9720,11
9721,9721,11
9722,9722,11
9723,9723,14
9724,9724,11
9725,9725,12
9726,9726,11
9727,9727,11
9728,9728,11
9729,9729,11
9730,9730,11
9731,9731,11
9732,9732,11
9733,9733,13
9734,9734,11
9735,9735,11
9736,9736,11
9737,9737,11
9738,9738,11
9739,9739,11
9740,9740,11
9741,9741,11
9742,9742,11
9743,9743,12
9744,9744,11
9745,9745,11
9746,9746,11
9747,9747,11
9748,9748,12
9749,9749,11
9750,9750,11
9751,9751,11
9752,9752,11
9753,9753,11
9754,9754,11
9755,9755,11
9756,9756,11
9757,9757,11
9758,9758,12
9759,9759,11
9760,9760,11
9761,9761,11
9762,9762,11
9763,9763,11
9764,9764,12
9765,9765,12
9766,9766,11
9767,9767,11
9768,9768,11
9769,9769,11
9770,9770,11
9771,9771,11
9772,9772,11
9773,9773,11
9774,9774,11
9775,9775,11
9776,9776,11
9777,9777,11
9778,9778,11
9779,9779,11
9780,9780,11
9781,9781,11
9782,9782,11
9783,9783,11
9784,9784,11
9785,9785,11
9786,9786,11
9787,9787,11
9788,9788,11
9789,9789,11
9790,9790,11
9791,9791,12
9792,9792,11
9793,9793,11
9794,9794,11
9795,9795,18
9796,9796,11
9797,9797,11
9798,9798,11
9799,9799,12
9800,9800,11
9801,9801,11
9802,9802,11
9803,9803,11
9804,9804,11
9805,9805,11
9806,9806,11
9807,9807,11
9808,9808,11
9809,9809,11
9810,9810,12
9811,9811,11
9812,9812,12
9813,9813,11
9814,9814,11
9815,9815,12
9816,9816,11
9817,9817,11
9818,9818,11
9819,9819,11
9820,9820,11
9821,9821,11
9822,9822,12
9823,9823,11
9824,9824,11
9825,9825,11
9826,9826,11
9827,9827,12
9828,9828,11
9829,9829,11
9830,9830,11
9831,9831,11
9832,9832,11
9833,9833,11
9834,9834,11
9835,9835,11
9836,9836,12
9837,9837,11
9838,9838,11
9839,9839,11
9840,9840,11
9841,9841,11
9842,9842,11
9843,9843,11
9844,9844,11
9845,9845,11
9846,9846,11
9847,9847,11
9848,9848,11
9849,9849,11
9850,9850,11
9851,9851,11
9852,9852,11
9853,9853,11
9854,9854,12
9855,9855,11
9856,9856,11
9857,9857,11
9858,9858,11
9859,9859,11
9860,9860,11
9861,9861,11
9862,9862,11
9863,9863,11
9864,9864,11
9865,9865,11
9866,9866,11
9867,9867,11
9868,9868,11
9869,9869,11
9870,9870,11
9871,9871,11
9872,9872,11
9873,9873,11
9874,9874,11
9875,9875,11
9876,9876,11
9877,9877,12
9878,9878,11
9879,9879,11
9880,9880,11
9881,9881,11
9882,9882,12
9883,9883,13
9884,9884,11
9885,9885,11
9886,9886,11
9887,9887,11
9888,9888,11
9889,9889,11
9890,9890,11
9891,9891,11
9892,9892,11
9893,9893,11
9894,9894,11
9895,9895,11
9896,9896,11
9897,9897,11
9898,9898,11
9899,9899,11
9900,9900,11
9901,9901,11
9902,9902,11
9903,9903,11
9904,9904,12
9905,9905,11
9906,9906,11
9907,9907,11
9908,9908,11
9909,9909,11
9910,9910,11
9911,9911,15
9912,9912,12
9913,9913,11
9914,9914,11
9915,9915,13
9916,9916,11
9917,9917,11
9918,9918,11
9919,9919,11
9920,9920,11
9921,9921,11
9922,9922,11
9923,9923,11
9924,9924,12
9925,9925,11
9926,9926,11
9927,9927,11
9928,9928,11
9929,9929,11
9930,9930,11
9931,9931,11
9932,9932,11
9933,9933,12
9934,9934,11
9935,9935,11
9936,9936,11
9937,9937,11
9938,9938,11
9939,9939,11
9940,9940,11
9941,9941,11
9942,9942,11
9943,9943,11
9944,9944,11
9945,9945,13
9946,9946,11
9947,9947,11
9948,9948,11
9949,9949,11
9950,9950,11
9951,9951,11
9952,9952,11
9953,9953,11
9954,9954,11
9955,9955,11
9956,9956,11
9957,9957,11
9958,9958,11
9959,9959,11
9960,9960,11
9961,9961,11
9962,9962,11
9963,9963,11
9964,9964,11
9965,9965,11
9966,9966,12
9967,9967,11
9968,9968,11
9969,9969,11
9970,9970,11
9971,9971,11
9972,9972,11
9973,9973,11
9974,9974,11
9975,9975,11
9976,9976,11
9977,9977,13
9978,9978,11
9979,9979,13
9980,9980,11
9981,9981,11
9982,9982,15
9983,9983,11
9984,9984,11
9985,9985,11
9986,9986,11
9987,9987,11
9988,9988,11
9989,9989,11
9990,9990,11
9991,9991,11
9992,9992,11
9993,9993,11
9994,9994,11
9995,9995,11
9996,9996,11
9997,9997,11
9998,9998,12
9999,9999,11
10000,10000,11
10001,10001,11
10002,10002,11
10003,10003,11
10004,10004,11
10005,10005,11
10006,10006,11
10007,10007,11
10008,10008,11
10009,10009,11
10010,10010,11
10011,10011,11
10012,10012,12
10013,10013,11
10014,10014,11
10015,10015,11
10016,10016,11
10017,10017,11
10018,10018,11
10019,10019,11
10020,10020,11
10021,10021,11
10022,10022,11
10023,10023,11
10024,10024,11
10025,10025,12
10026,10026,17
10027,10027,11
10028,10028,11
10029,10029,11
10030,10030,11
10031,10031,11
10032,10032,12
10033,10033,11
10034,10034,11
10035,10035,11
10036,10036,12
10037,10037,11
10038,10038,11
10039,10039,11
10040,10040,11
10041,10041,11
10042,10042,11
10043,10043,11
10044,10044,14
10045,10045,11
10046,10046,11
10047,10047,11
10048,10048,11
10049,10049,11
10050,10050,11
10051,10051,11
10052,10052,12
10053,10053,11
10054,10054,11
10055,10055,17
10056,10056,11
10057,10057,11
10058,10058,11
10059,10059,11
10060,10060,11
10061,10061,11
10062,10062,11
10063,10063,11
10064,10064,12
10065,10065,11
10066,10066,11
10067,10067,15
10068,10068,11
10069,10069,11
10070,10070,11
10071,10071,11
10072,10072,11
10073,10073,13
10074,10074,11
10075,10075,12
10076,10076,11
10077,10077,11
10078,10078,11
10079,10079,11
10080,10080,11
10081,10081,12
10082,10082,11
10083,10083,11
10084,10084,11
10085,10085,11
10086,10086,11
10087,10087,11
10088,10088,11
10089,10089,11
10090,10090,11
10091,10091,11
10092,10092,11
10093,10093,11
10094,10094,11
10095,10095,11
10096,10096,11
10097,10097,11
10098,10098,11
10099,10099,11
10100,10100,11
10101,10101,11
10102,10102,11
10103,10103,11
10104,10104,11
10105,10105,14
10106,10106,11
10107,10107,11
10108,10108,12
10109,10109,16
10110,10110,11
10111,10111,11
10112,10112,11
10113,10113,11
10114,10114,11
10115,10115,12
10116,10116,11
10117,10117,11
10118,10118,11
10119,10119,11
10120,10120,11
10121,10121,11
10122,10122,11
10123,10123,11
10124,10124,11
10125,10125,11
10126,10126,11
10127,10127,11
10128,10128,14
10129,10129,11
10130,10130,11
10131,10131,11
10132,10132,11
10133,10133,11
10134,10134,12
10135,10135,11
10136,10136,11
10137,10137,15
10138,10138,11
10139,10139,11
10140,10140,14
10141,10141,14
10142,10142,11
10143,10143,11
10144,10144,11
10145,10145,11
10146,10146,11
10147,10147,11
10148,10148,11
10149,10149,11
10150,10150,11
10151,10151,11
10152,10152,11
10153,10153,11
10154,10154,12
10155,10155,11
10156,10156,11
10157,10157,11
10158,10158,11
10159,10159,11
10160,10160,11
10161,10161,11
10162,10162,12
10163,10163,11
10164,10164,11
10165,10165,11
10166,10166,11
10167,10167,11
10168,10168,11
10169,10169,11
10170,10170,11
10171,10171,11
10172,10172,11
10173,10173,11
10174,10174,11
10175,10175,12
10176,10176,19
10177,10177,11
10178,10178,11
10179,10179,11
10180,10180,11
10181,10181,11
10182,10182,11
10183,10183,11
10184,10184,11
10185,10185,11
10186,10186,11
10187,10187,11
10188,10188,11
10189,10189,11
10190,10190,11
10191,10191,11
10192,10192,11
10193,10193,11
10194,10194,11
10195,10195,11
10196,10196,11
10197,10197,11
10198,10198,12
10199,10199,11
10200,10200,11
10201,10201,11
10202,10202,11
10203,10203,11
10204,10204,11
10205,10205,11
10206,10206,11
10207,10207,11
10208,10208,11
10209,10209,11
10210,10210,11
10211,10211,11
10212,10212,11
10213,10213,11
10214,10214,11
10215,10215,12
10216,10216,11
10217,10217,11
10218,10218,11
10219,10219,11
10220,10220,11
10221,10221,11
10222,10222,11
10223,10223,11
10224,10224,11
10225,10225,11
10226,10226,11
10227,10227,12
10228,10228,11
10229,10229,11
10230,10230,11
10231,10231,11
10232,10232,11
10233,10233,11
10234,10234,11
10235,10235,11
10236,10236,11
10237,10237,11
10238,10238,11
10239,10239,11
10240,10240,17
10241,10241,11
10242,10242,11
10243,10243,11
10244,10244,11
10245,10245,11
10246,10246,11
10247,10247,11
10248,10248,11
10249,10249,11
10250,10250,11
10251,10251,11
10252,10252,11
10253,10253,11
10254,10254,12
10255,10255,11
10256,10256,11
10257,10257,11
10258,10258,11
10259,10259,11
10260,10260,11
10261,10261,11
10262,10262,11
10263,10263,12
10264,10264,11
10265,10265,11
10266,10266,13
10267,10267,11
10268,10268,11
10269,10269,11
10270,10270,11
10271,10271,11
10272,10272,11
10273,10273,11
10274,10274,11
10275,10275,11
10276,10276,11
10277,10277,11
10278,10278,11
10279,10279,11
10280,10280,11
10281,10281,11
10282,10282,11
10283,10283,11
10284,10284,11
10285,10285,11
10286,10286,11
10287,10287,13
10288,10288,11
10289,10289,11
10290,10290,13
10291,10291,11
10292,10292,11
10293,10293,11
10294,10294,11
10295,10295,11
10296,10296,11
10297,10297,11
10298,10298,11
10299,10299,11
10300,10300,13
10301,10301,11
10302,10302,11
10303,10303,11
10304,10304,11
10305,10305,11
10306,10306,11
10307,10307,11
10308,10308,11
10309,10309,11
10310,10310,11
10311,10311,11
10312,10312,11
10313,10313,11
10314,10314,11
10315,10315,11
10316,10316,11
10317,10317,11
10318,10318,11
10319,10319,11
10320,10320,11
10321,10321,11
10322,10322,11
10323,10323,11
10324,10324,11
10325,10325,11
10326,10326,11
10327,10327,11
10328,10328,13
10329,10329,11
10330,10330,11
10331,10331,12
10332,10332,11
10333,10333,11
10334,10334,11
10335,10335,11
10336,10336,11
10337,10337,11
10338,10338,11
10339,10339,11
10340,10340,11
10341,10341,11
10342,10342,11
10343,10343,11
10344,10344,11
10345,10345,11
10346,10346,11
10347,10347,11
10348,10348,11
10349,10349,11
10350,10350,12
10351,10351,11
10352,10352,11
10353,10353,11
10354,10354,11
10355,10355,11
10356,10356,11
10357,10357,11
10358,10358,11
10359,10359,11
10360,10360,11
10361,10361,11
10362,10362,11
10363,10363,11
10364,10364,11
10365,10365,11
10366,10366,14
10367,10367,11
10368,10368,12
10369,10369,11
10370,10370,11
10371,10371,11
10372,10372,11
10373,10373,11
10374,10374,11
10375,10375,11
10376,10376,11
10377,10377,11
10378,10378,11
10379,10379,11
10380,10380,11
10381,10381,11
10382,10382,11
10383,10383,11
10384,10384,13
10385,10385,11
10386,10386,11
10387,10387,11
10388,10388,11
10389,10389,11
10390,10390,11
10391,10391,11
10392,10392,11
10393,10393,11
10394,10394,11
10395,10395,11
10396,10396,11
10397,10397,11
10398,10398,11
10399,10399,11
10400,10400,11
10401,10401,11
10402,10402,11
10403,10403,11
10404,10404,19
10405,10405,11
10406,10406,11
10407,10407,11
10408,10408,11
10409,10409,11
10410,10410,12
10411,10411,11
10412,10412,11
10413,10413,11
10414,10414,11
10415,10415,11
10416,10416,11
10417,10417,12
10418,10418,11
10419,10419,11
10420,10420,11
10421,10421,11
10422,10422,11
10423,10423,11
10424,10424,11
10425,10425,11
10426,10426,11
10427,10427,11
10428,10428,11
10429,10429,11
10430,10430,11
10431,10431,11
10432,10432,11
10433,10433,12
10434,10434,11
10435,10435,11
10436,10436,11
10437,10437,11
10438,10438,20
10439,10439,11
10440,10440,12
10441,10441,11
10442,10442,11
10443,10443,11
10444,10444,11
10445,10445,11
10446,10446,11
10447,10447,11
10448,10448,11
10449,10449,11
10450,10450,11
10451,10451,11
10452,10452,11
10453,10453,11
10454,10454,11
10455,10455,11
10456,10456,11
10457,10457,13
10458,10458,11
10459,10459,11
10460,10460,11
10461,10461,11
10462,10462,11
10463,10463,12
10464,10464,12
10465,10465,11
10466,10466,11
10467,10467,12
10468,10468,12
10469,10469,11
10470,10470,11
10471,10471,11
10472,10472,11
10473,10473,11
10474,10474,11
10475,10475,13
10476,10476,11
10477,10477,11
10478,10478,11
10479,10479,11
10480,10480,11
10481,10481,11
10482,10482,11
10483,10483,11
10484,10484,11
10485,10485,11
10486,10486,11
10487,10487,11
10488,10488,11
10489,10489,14
10490,10490,11
10491,10491,11
10492,10492,11
10493,10493,11
10494,10494,11
10495,10495,11
10496,10496,11
10497,10497,11
10498,10498,17
10499,10499,11
10500,10500,11
10501,10501,11
10502,10502,11
10503,10503,11
10504,10504,11
10505,10505,11
10506,10506,12
10507,10507,11
10508,10508,12
10509,10509,11
10510,10510,11
10511,10511,11
10512,10512,13
10513,10513,12
10514,10514,11
10515,10515,11
10516,10516,11
10517,10517,11
10518,10518,11
10519,10519,11
10520,10520,11
10521,10521,11
10522,10522,11
10523,10523,11
10524,10524,11
10525,10525,11
10526,10526,11
10527,10527,11
10528,10528,11
10529,10529,12
10530,10530,11
10531,10531,11
10532,10532,11
10533,10533,12
10534,10534,11
10535,10535,11
10536,10536,11
10537,10537,11
10538,10538,11
10539,10539,11
10540,10540,11
10541,10541,11
10542,10542,11
10543,10543,11
10544,10544,11
10545,10545,12
10546,10546,12
10547,10547,11
10548,10548,11
10549,10549,11
10550,10550,11
10551,10551,11
10552,10552,12
10553,10553,11
10554,10554,11
10555,10555,11
10556,10556,11
10557,10557,11
10558,10558,11
10559,10559,11
10560,10560,11
10561,10561,11
10562,10562,11
10563,10563,11
10564,10564,12
10565,10565,11
10566,10566,11
10567,10567,11
10568,10568,11
10569,10569,11
10570,10570,12
10571,10571,11
10572,10572,11
10573,10573,11
10574,10574,12
10575,10575,11
10576,10576,11
10577,10577,13
10578,10578,11
10579,10579,11
10580,10580,12
10581,10581,11
10582,10582,11
10583,10583,11
10584,10584,11
10585,10585,11
10586,10586,11
10587,10587,11
10588,10588,11
10589,10589,11
10590,10590,11
10591,10591,11
10592,10592,11
10593,10593,11
10594,10594,11
10595,10595,11
10596,10596,11
10597,10597,11
10598,10598,11
10599,10599,11
10600,10600,12
10601,10601,11
10602,10602,11
10603,10603,11
10604,10604,11
10605,10605,11
10606,10606,11
10607,10607,11
10608,10608,12
10609,10609,12
10610,10610,11
10611,10611,11
10612,10612,11
10613,10613,11
10614,10614,11
10615,10615,11
10616,10616,11
10617,10617,11
10618,10618,11
10619,10619,11
10620,10620,11
10621,10621,11
10622,10622,12
10623,10623,11
10624,10624,11
10625,10625,11
10626,10626,11
10627,10627,11
10628,10628,11
10629,10629,11
10630,10630,11
10631,10631,11
10632,10632,11
10633,10633,11
10634,10634,11
10635,10635,11
10636,10636,11
10637,10637,11
10638,10638,19
10639,10639,11
10640,10640,11
10641,10641,11
10642,10642,28
10643,10643,11
10644,10644,11
10645,10645,11
10646,10646,11
10647,10647,11
10648,10648,11
10649,10649,11
10650,10650,14
10651,10651,11
10652,10652,11
10653,10653,11
10654,10654,11
10655,10655,11
10656,10656,12
10657,10657,11
10658,10658,11
10659,10659,11
10660,10660,12
10661,10661,11
10662,10662,11
10663,10663,11
10664,10664,11
10665,10665,11
10666,10666,11
10667,10667,11
10668,10668,11
10669,10669,11
10670,10670,12
10671,10671,11
10672,10672,11
10673,10673,11
10674,10674,12
10675,10675,11
10676,10676,11
10677,10677,11
10678,10678,11
10679,10679,11
10680,10680,11
10681,10681,11
10682,10682,11
10683,10683,11
10684,10684,11
10685,10685,11
10686,10686,11
10687,10687,11
10688,10688,11
10689,10689,11
10690,10690,11
10691,10691,11
10692,10692,11
10693,10693,20
10694,10694,11
10695,10695,11
10696,10696,11
10697,10697,11
10698,10698,11
10699,10699,11
10700,10700,11
10701,10701,11
10702,10702,11
10703,10703,11
10704,10704,11
10705,10705,11
10706,10706,11
10707,10707,11
10708,10708,11
10709,10709,11
10710,10710,11
10711,10711,11
10712,10712,11
10713,10713,11
10714,10714,11
10715,10715,11
10716,10716,11
10717,10717,11
10718,10718,11
10719,10719,14
10720,10720,11
10721,10721,11
10722,10722,12
10723,10723,11
10724,10724,11
10725,10725,11
10726,10726,12
10727,10727,11
10728,10728,11
10729,10729,11
10730,10730,12
10731,10731,11
10732,10732,11
10733,10733,11
10734,10734,11
10735,10735,11
10736,10736,11
10737,10737,11
10738,10738,11
10739,10739,11
10740,10740,11
10741,10741,11
10742,10742,12
10743,10743,11
10744,10744,12
10745,10745,11
10746,10746,11
10747,10747,11
10748,10748,11
10749,10749,11
10750,10750,11
10751,10751,13
10752,10752,11
10753,10753,11
10754,10754,11
10755,10755,12
10756,10756,11
10757,10757,11
10758,10758,11
10759,10759,11
10760,10760,11
10761,10761,11
10762,10762,11
10763,10763,11
10764,10764,11
10765,10765,11
10766,10766,11
10767,10767,11
10768,10768,11
10769,10769,11
10770,10770,11
10771,10771,11
10772,10772,11
10773,10773,11
10774,10774,11
10775,10775,11
10776,10776,11
10777,10777,11
10778,10778,11
10779,10779,11
10780,10780,11
10781,10781,11
10782,10782,11
10783,10783,11
10784,10784,11
10785,10785,11
10786,10786,11
10787,10787,11
10788,10788,11
10789,10789,16
10790,10790,11
10791,10791,11
10792,10792,11
10793,10793,11
10794,10794,12
10795,10795,12
10796,10796,11
10797,10797,11
10798,10798,11
10799,10799,11
10800,10800,11
10801,10801,11
10802,10802,11
10803,10803,11
10804,10804,11
10805,10805,11
10806,10806,11
10807,10807,11
10808,10808,11
10809,10809,12
10810,10810,12
10811,10811,11
10812,10812,11
10813,10813,11
10814,10814,11
10815,10815,11
10816,10816,11
10817,10817,11
10818,10818,11
10819,10819,11
10820,10820,12
10821,10821,11
10822,10822,11
10823,10823,11
10824,10824,14
10825,10825,11
10826,10826,11
10827,10827,12
10828,10828,11
10829,10829,11
10830,10830,11
10831,10831,11
10832,10832,11
10833,10833,11
10834,10834,11
10835,10835,11
10836,10836,11
10837,10837,11
10838,10838,11
10839,10839,11
10840,10840,11
10841,10841,11
10842,10842,11
10843,10843,11
10844,10844,11
10845,10845,11
10846,10846,11
10847,10847,11
10848,10848,11
10849,10849,14
10850,10850,11
10851,10851,11
10852,10852,11
10853,10853,11
10854,10854,11
10855,10855,11
10856,10856,14
10857,10857,11
10858,10858,11
10859,10859,11
10860,10860,11
10861,10861,11
10862,10862,12
10863,10863,11
10864,10864,11
10865,10865,11
10866,10866,11
10867,10867,11
10868,10868,11
10869,10869,11
10870,10870,11
10871,10871,11
10872,10872,11
10873,10873,11
10874,10874,11
10875,10875,11
10876,10876,11
10877,10877,11
10878,10878,11
10879,10879,11
10880,10880,11
10881,10881,11
10882,10882,12
10883,10883,11
10884,10884,11
10885,10885,11
10886,10886,11
10887,10887,11
10888,10888,19
10889,10889,11
10890,10890,11
10891,10891,11
10892,10892,11
10893,10893,11
10894,10894,12
10895,10895,11
10896,10896,11
10897,10897,11
10898,10898,11
10899,10899,12
10900,10900,12
10901,10901,11
10902,10902,11
10903,10903,11
10904,10904,12
10905,10905,11
10906,10906,11
10907,10907,11
10908,10908,11
10909,10909,11
10910,10910,11
10911,10911,11
10912,10912,11
10913,10913,11
10914,10914,11
10915,10915,11
10916,10916,12
10917,10917,11
10918,10918,11
10919,10919,11
10920,10920,11
10921,10921,11
10922,10922,11
10923,10923,11
10924,10924,11
10925,10925,11
10926,10926,11
10927,10927,11
10928,10928,11
10929,10929,11
10930,10930,11
10931,10931,11
10932,10932,13
10933,10933,11
10934,10934,11
10935,10935,11
10936,10936,11
10937,10937,11
10938,10938,11
10939,10939,11
10940,10940,11
10941,10941,11
10942,10942,11
10943,10943,11
10944,10944,19
10945,10945,11
10946,10946,11
10947,10947,12
10948,10948,11
10949,10949,11
10950,10950,11
10951,10951,11
10952,10952,11
10953,10953,11
10954,10954,19
10955,10955,11
10956,10956,11
10957,10957,11
10958,10958,11
10959,10959,11
10960,10960,11
10961,10961,11
10962,10962,11
10963,10963,11
10964,10964,31
10965,10965,11
10966,10966,19
10967,10967,11
10968,10968,11
10969,10969,11
10970,10970,11
10971,10971,11
10972,10972,11
10973,10973,11
10974,10974,11
10975,10975,11
10976,10976,11
10977,10977,11
10978,10978,11
10979,10979,11
10980,10980,11
10981,10981,11
10982,10982,11
10983,10983,11
10984,10984,11
10985,10985,11
10986,10986,11
10987,10987,12
10988,10988,11
10989,10989,11
10990,10990,11
10991,10991,11
10992,10992,11
10993,10993,12
10994,10994,11
10995,10995,11
10996,10996,11
10997,10997,11
10998,10998,11
10999,10999,11
11000,11000,11
11001,11001,11
11002,11002,11
11003,11003,11
11004,11004,11
11005,11005,11
11006,11006,11
11007,11007,11
11008,11008,11
11009,11009,11
11010,11010,11
11011,11011,11
11012,11012,11
11013,11013,11
11014,11014,11
11015,11015,11
11016,11016,11
11017,11017,11
11018,11018,11
11019,11019,12
11020,11020,12
11021,11021,11
11022,11022,11
11023,11023,11
11024,11024,11
11025,11025,33
11026,11026,11
11027,11027,11
11028,11028,11
11029,11029,11
11030,11030,11
11031,11031,11
11032,11032,11
11033,11033,13
11034,11034,11
11035,11035,11
11036,11036,11
11037,11037,11
11038,11038,11
11039,11039,11
11040,11040,11
11041,11041,12
11042,11042,11
11043,11043,21
11044,11044,11
11045,11045,11
11046,11046,11
11047,11047,11
11048,11048,11
11049,11049,11
11050,11050,11
11051,11051,11
11052,11052,11
11053,11053,11
11054,11054,17
11055,11055,11
11056,11056,11
11057,11057,11
11058,11058,11
11059,11059,11
11060,11060,11
11061,11061,11
11062,11062,11
11063,11063,11
11064,11064,11
11065,11065,11
11066,11066,11
11067,11067,11
11068,11068,11
11069,11069,11
11070,11070,11
11071,11071,12
11072,11072,11
11073,11073,11
11074,11074,11
11075,11075,11
11076,11076,12
11077,11077,11
11078,11078,11
11079,11079,11
11080,11080,11
11081,11081,11
11082,11082,11
11083,11083,11
11084,11084,11
11085,11085,11
11086,11086,11
11087,11087,11
11088,11088,11
11089,11089,11
11090,11090,11
11091,11091,11
11092,11092,11
11093,11093,11
11094,11094,11
11095,11095,11
11096,11096,11
11097,11097,11
11098,11098,11
11099,11099,11
11100,11100,11
11101,11101,11
11102,11102,11
11103,11103,11
11104,11104,11
11105,11105,11
11106,11106,12
11107,11107,11
11108,11108,11
11109,11109,11
11110,11110,11
11111,11111,11
11112,11112,11
11113,11113,11
11114,11114,11
11115,11115,12
11116,11116,11
11117,11117,12
11118,11118,11
11119,11119,11
11120,11120,13
11121,11121,11
11122,11122,11
11123,11123,11
11124,11124,11
11125,11125,15
11126,11126,11
11127,11127,11
11128,11128,11
11129,11129,11
11130,11130,11
11131,11131,11
11132,11132,11
11133,11133,11
11134,11134,11
11135,11135,11
11136,11136,11
11137,11137,11
11138,11138,11
11139,11139,11
11140,11140,11
11141,11141,11
11142,11142,11
11143,11143,11
11144,11144,11
11145,11145,11
11146,11146,11
11147,11147,11
11148,11148,11
11149,11149,11
11150,11150,11
11151,11151,11
11152,11152,11
11153,11153,11
11154,11154,11
11155,11155,11
11156,11156,11
11157,11157,11
11158,11158,12
11159,11159,11
11160,11160,11
11161,11161,11
11162,11162,11
11163,11163,13
11164,11164,12
11165,11165,11
11166,11166,11
11167,11167,11
11168,11168,11
11169,11169,11
11170,11170,11
11171,11171,12
11172,11172,11
11173,11173,11
11174,11174,12
11175,11175,11
11176,11176,11
11177,11177,11
11178,11178,11
11179,11179,11
11180,11180,11
11181,11181,11
11182,11182,11
11183,11183,11
11184,11184,11
11185,11185,11
11186,11186,11
11187,11187,11
11188,11188,11
11189,11189,11
11190,11190,11
11191,11191,11
11192,11192,11
11193,11193,11
11194,11194,11
11195,11195,11
11196,11196,11
11197,11197,11
11198,11198,11
11199,11199,11
11200,11200,12
11201,11201,11
11202,11202,11
11203,11203,11
11204,11204,11
11205,11205,11
11206,11206,11
11207,11207,11
11208,11208,11
11209,11209,11
11210,11210,11
11211,11211,11
11212,11212,11
11213,11213,11
11214,11214,11
11215,11215,11
11216,11216,11
11217,11217,11
11218,11218,11
11219,11219,11
11220,11220,11
11221,11221,12
11222,11222,11
11223,11223,11
11224,11224,11
11225,11225,11
11226,11226,11
11227,11227,12
11228,11228,11
11229,11229,11
11230,11230,11
11231,11231,12
11232,11232,11
11233,11233,11
11234,11234,11
11235,11235,11
11236,11236,11
11237,11237,11
11238,11238,11
11239,11239,11
11240,11240,11
11241,11241,11
11242,11242,32
11243,11243,11
11244,11244,11
11245,11245,11
11246,11246,11
11247,11247,11
11248,11248,11
11249,11249,12
11250,11250,11
11251,11251,11
11252,11252,11
11253,11253,12
11254,11254,12
11255,11255,11
11256,11256,11
11257,11257,11
11258,11258,11
11259,11259,11
11260,11260,11
11261,11261,11
11262,11262,11
11263,11263,11
11264,11264,11
11265,11265,12
11266,11266,11
11267,11267,11
11268,11268,11
11269,11269,11
11270,11270,11
11271,11271,11
11272,11272,11
11273,11273,11
11274,11274,11
11275,11275,12
11276,11276,11
11277,11277,11
11278,11278,11
11279,11279,11
11280,11280,11
11281,11281,11
11282,11282,11
11283,11283,11
11284,11284,15
11285,11285,11
11286,11286,11
11287,11287,11
11288,11288,11
11289,11289,11
11290,11290,11
11291,11291,11
11292,11292,11
11293,11293,11
11294,11294,11
11295,11295,11
11296,11296,11
11297,11297,11
11298,11298,11
11299,11299,11
11300,11300,11
11301,11301,11
11302,11302,11
11303,11303,11
11304,11304,11
11305,11305,11
11306,11306,11
11307,11307,11
11308,11308,11
11309,11309,11
11310,11310,11
11311,11311,11
11312,11312,11
11313,11313,11
11314,11314,12
11315,11315,11
11316,11316,11
11317,11317,11
11318,11318,11
11319,11319,11
11320,11320,11
11321,11321,12
11322,11322,11
11323,11323,11
11324,11324,11
11325,11325,11
11326,11326,11
11327,11327,11
11328,11328,11
11329,11329,11
11330,11330,11
11331,11331,11
11332,11332,11
11333,11333,11
11334,11334,11
11335,11335,11
11336,11336,12
11337,11337,11
11338,11338,11
11339,11339,11
11340,11340,11
11341,11341,11
11342,11342,11
11343,11343,11
11344,11344,11
11345,11345,11
11346,11346,11
11347,11347,11
11348,11348,11
11349,11349,11
11350,11350,12
11351,11351,11
11352,11352,11
11353,11353,22
11354,11354,11
11355,11355,11
11356,11356,11
11357,11357,11
11358,11358,11
11359,11359,11
11360,11360,11
11361,11361,11
11362,11362,11
11363,11363,11
11364,11364,11
11365,11365,11
11366,11366,14
11367,11367,11
11368,11368,11
11369,11369,11
11370,11370,11
11371,11371,11
11372,11372,11
11373,11373,11
11374,11374,11
11375,11375,11
11376,11376,11
11377,11377,11
11378,11378,11
11379,11379,12
11380,11380,11
11381,11381,11
11382,11382,11
11383,11383,11
11384,11384,13
11385,11385,11
11386,11386,11
11387,11387,11
11388,11388,11
11389,11389,11
11390,11390,11
11391,11391,11
11392,11392,15
11393,11393,11
11394,11394,11
11395,11395,11
11396,11396,11
11397,11397,11
11398,11398,12
11399,11399,11
11400,11400,11
11401,11401,11
11402,11402,13
11403,11403,11
11404,11404,11
11405,11405,11
11406,11406,11
11407,11407,11
11408,11408,11
11409,11409,11
11410,11410,12
11411,11411,11
11412,11412,11
11413,11413,11
11414,11414,11
11415,11415,11
11416,11416,11
11417,11417,11
11418,11418,11
11419,11419,11
11420,11420,11
11421,11421,11
11422,11422,11
11423,11423,11
11424,11424,11
11425,11425,11
11426,11426,11
11427,11427,11
11428,11428,11
11429,11429,11
11430,11430,11
11431,11431,11
11432,11432,11
11433,11433,11
11434,11434,11
11435,11435,11
11436,11436,11
11437,11437,11
11438,11438,11
11439,11439,11
11440,11440,11
11441,11441,11
11442,11442,11
11443,11443,11
11444,11444,11
11445,11445,11
11446,11446,11
11447,11447,11
11448,11448,11
11449,11449,11
11450,11450,11
11451,11451,11
11452,11452,11
11453,11453,11
11454,11454,11
11455,11455,11
11456,11456,12
11457,11457,11
11458,11458,11
11459,11459,11
11460,11460,11
11461,11461,11
11462,11462,11
11463,11463,11
11464,11464,13
11465,11465,11
11466,11466,11
11467,11467,11
11468,11468,11
11469,11469,15
11470,11470,12
11471,11471,11
11472,11472,11
11473,11473,11
11474,11474,11
11475,11475,11
11476,11476,11
11477,11477,11
11478,11478,11
11479,11479,11
11480,11480,11
11481,11481,11
11482,11482,16
11483,11483,11
11484,11484,11
11485,11485,11
11486,11486,11
11487,11487,11
11488,11488,11
11489,11489,11
11490,11490,11
11491,11491,11
11492,11492,11
11493,11493,49
11494,11494,11
11495,11495,11
11496,11496,11
11497,11497,11
11498,11498,11
11499,11499,11
11500,11500,11
11501,11501,11
11502,11502,11
11503,11503,11
11504,11504,11
11505,11505,11
11506,11506,11
11507,11507,11
11508,11508,11
11509,11509,11
11510,11510,11
11511,11511,11
11512,11512,11
11513,11513,11
11514,11514,11
11515,11515,12
11516,11516,11
11517,11517,11
11518,11518,11
11519,11519,11
11520,11520,12
11521,11521,11
11522,11522,11
11523,11523,11
11524,11524,11
11525,11525,11
11526,11526,11
11527,11527,11
11528,11528,11
11529,11529,11
11530,11530,11
11531,11531,11
11532,11532,11
11533,11533,11
11534,11534,22
11535,11535,14
11536,11536,11
11537,11537,11
11538,11538,11
11539,11539,11
11540,11540,11
11541,11541,11
11542,11542,11
11543,11543,11
11544,11544,11
11545,11545,12
11546,11546,11
11547,11547,11
11548,11548,16
11549,11549,11
11550,11550,11
11551,11551,11
11552,11552,11
11553,11553,11
11554,11554,11
11555,11555,11
11556,11556,11
11557,11557,11
11558,11558,11
11559,11559,13
11560,11560,12
11561,11561,11
11562,11562,11
11563,11563,11
11564,11564,11
11565,11565,14
11566,11566,11
11567,11567,11
11568,11568,11
11569,11569,11
11570,11570,11
11571,11571,11
11572,11572,11
11573,11573,11
11574,11574,11
11575,11575,11
11576,11576,11
11577,11577,11
11578,11578,11
11579,11579,13
11580,11580,13
11581,11581,11
11582,11582,11
11583,11583,11
11584,11584,11
11585,11585,11
11586,11586,11
11587,11587,11
11588,11588,11
11589,11589,11
11590,11590,11
11591,11591,11
11592,11592,11
11593,11593,11
11594,11594,11
11595,11595,11
11596,11596,11
11597,11597,11
11598,11598,13
11599,11599,11
11600,11600,11
11601,11601,11
11602,11602,11
11603,11603,11
11604,11604,11
11605,11605,11
11606,11606,11
11607,11607,12
11608,11608,11
11609,11609,14
11610,11610,13
11611,11611,12
11612,11612,11
11613,11613,11
11614,11614,11
11615,11615,11
11616,11616,11
11617,11617,11
11618,11618,11
11619,11619,11
11620,11620,11
11621,11621,11
11622,11622,11
11623,11623,11
11624,11624,12
11625,11625,11
11626,11626,11
11627,11627,11
11628,11628,11
11629,11629,11
11630,11630,12
11631,11631,13
11632,11632,11
11633,11633,11
11634,11634,11
11635,11635,11
11636,11636,11
11637,11637,11
11638,11638,11
11639,11639,11
11640,11640,11
11641,11641,11
11642,11642,11
11643,11643,11
11644,11644,11
11645,11645,11
11646,11646,11
11647,11647,11
11648,11648,11
11649,11649,11
11650,11650,11
11651,11651,11
11652,11652,11
11653,11653,11
11654,11654,11
11655,11655,11
11656,11656,11
11657,11657,11
11658,11658,11
11659,11659,11
11660,11660,11
11661,11661,11
11662,11662,11
11663,11663,11
11664,11664,11
11665,11665,11
11666,11666,11
11667,11667,11
11668,11668,11
11669,11669,12
11670,11670,11
11671,11671,11
11672,11672,11
11673,11673,11
11674,11674,11
11675,11675,11
11676,11676,11
11677,11677,11
11678,11678,11
11679,11679,11
11680,11680,11
11681,11681,11
11682,11682,11
11683,11683,11
11684,11684,11
11685,11685,12
11686,11686,11
11687,11687,11
11688,11688,11
11689,11689,13
11690,11690,11
11691,11691,11
11692,11692,11
11693,11693,11
11694,11694,11
11695,11695,11
11696,11696,11
11697,11697,11
11698,11698,11
11699,11699,11
11700,11700,11
11701,11701,11
11702,11702,11
11703,11703,11
11704,11704,11
11705,11705,11
11706,11706,11
11707,11707,13
11708,11708,11
11709,11709,11
11710,11710,11
11711,11711,11
11712,11712,11
11713,11713,11
11714,11714,11
11715,11715,16
11716,11716,11
11717,11717,11
11718,11718,11
11719,11719,12
11720,11720,11
11721,11721,11
11722,11722,11
11723,11723,11
11724,11724,11
11725,11725,11
11726,11726,11
11727,11727,12
11728,11728,11
11729,11729,11
11730,11730,11
11731,11731,11
11732,11732,11
11733,11733,11
11734,11734,12
11735,11735,12
11736,11736,11
11737,11737,11
11738,11738,12
11739,11739,11
11740,11740,11
11741,11741,11
11742,11742,12
11743,11743,11
11744,11744,11
11745,11745,11
11746,11746,11
11747,11747,11
11748,11748,11
11749,11749,11
11750,11750,11
11751,11751,11
11752,11752,11
11753,11753,11
11754,11754,11
11755,11755,11
11756,11756,11
11757,11757,11
11758,11758,11
11759,11759,11
11760,11760,11
11761,11761,11
11762,11762,12
11763,11763,11
11764,11764,11
11765,11765,11
11766,11766,11
11767,11767,11
11768,11768,11
11769,11769,12
11770,11770,11
11771,11771,11
11772,11772,11
11773,11773,12
11774,11774,11
11775,11775,11
11776,11776,11
11777,11777,11
11778,11778,11
11779,11779,11
11780,11780,11
11781,11781,11
11782,11782,11
11783,11783,11
11784,11784,11
11785,11785,11
11786,11786,11
11787,11787,11
11788,11788,11
11789,11789,11
11790,11790,11
11791,11791,11
11792,11792,11
11793,11793,20
11794,11794,11
11795,11795,11
11796,11796,11
11797,11797,11
11798,11798,11
11799,11799,11
11800,11800,11
11801,11801,11
11802,11802,11
11803,11803,11
11804,11804,11
11805,11805,11
11806,11806,11
11807,11807,11
11808,11808,11
11809,11809,11
11810,11810,11
11811,11811,11
11812,11812,11
11813,11813,11
11814,11814,11
11815,11815,11
11816,11816,11
11817,11817,11
11818,11818,11
11819,11819,11
11820,11820,11
11821,11821,11
11822,11822,11
11823,11823,11
11824,11824,11
11825,11825,14
11826,11826,11
11827,11827,11
11828,11828,11
11829,11829,11
11830,11830,15
11831,11831,11
11832,11832,11
11833,11833,11
11834,11834,11
11835,11835,11
11836,11836,11
11837,11837,11
11838,11838,11
11839,11839,11
11840,11840,11
11841,11841,11
11842,11842,11
11843,11843,11
11844,11844,11
11845,11845,11
11846,11846,11
11847,11847,11
11848,11848,11
11849,11849,11
11850,11850,11
11851,11851,11
11852,11852,11
11853,11853,11
11854,11854,11
11855,11855,11
11856,11856,12
11857,11857,11
11858,11858,11
11859,11859,11
11860,11860,11
11861,11861,11
11862,11862,11
11863,11863,11
11864,11864,12
11865,11865,11
11866,11866,11
11867,11867,11
11868,11868,11
11869,11869,11
11870,11870,11
11871,11871,11
11872,11872,11
11873,11873,11
11874,11874,11
11875,11875,11
11876,11876,11
11877,11877,11
11878,11878,11
11879,11879,11
11880,11880,11
11881,11881,11
11882,11882,11
11883,11883,11
11884,11884,11
11885,11885,14
11886,11886,11
11887,11887,11
11888,11888,11
11889,11889,11
11890,11890,11
11891,11891,11
11892,11892,11
11893,11893,13
11894,11894,11
11895,11895,11
11896,11896,11
11897,11897,11
11898,11898,11
11899,11899,11
11900,11900,11
11901,11901,18
11902,11902,11
11903,11903,11
11904,11904,11
11905,11905,11
11906,11906,11
11907,11907,11
11908,11908,11
11909,11909,11
11910,11910,11
11911,11911,11
11912,11912,11
11913,11913,11
11914,11914,11
11915,11915,11
11916,11916,11
11917,11917,11
11918,11918,11
11919,11919,22
11920,11920,11
11921,11921,11
11922,11922,11
11923,11923,11
11924,11924,11
11925,11925,11
11926,11926,11
11927,11927,11
11928,11928,11
11929,11929,11
11930,11930,11
11931,11931,11
11932,11932,11
11933,11933,13
11934,11934,11
11935,11935,11
11936,11936,11
11937,11937,11
11938,11938,11
11939,11939,11
11940,11940,11
11941,11941,11
11942,11942,11
11943,11943,13
11944,11944,11
11945,11945,11
11946,11946,11
11947,11947,11
11948,11948,11
11949,11949,11
11950,11950,11
11951,11951,12
11952,11952,11
11953,11953,11
11954,11954,11
11955,11955,11
11956,11956,11
11957,11957,11
11958,11958,11
11959,11959,11
11960,11960,11
11961,11961,11
11962,11962,11
11963,11963,12
11964,11964,11
11965,11965,11
11966,11966,11
11967,11967,11
11968,11968,11
11969,11969,12
11970,11970,11
11971,11971,11
11972,11972,12
11973,11973,11
11974,11974,11
11975,11975,11
11976,11976,11
11977,11977,11
11978,11978,11
11979,11979,11
11980,11980,11
11981,11981,11
11982,11982,11
11983,11983,11
11984,11984,11
11985,11985,11
11986,11986,12
11987,11987,11
11988,11988,11
11989,11989,11
11990,11990,11
11991,11991,11
11992,11992,11
11993,11993,11
11994,11994,11
11995,11995,11
11996,11996,11
11997,11997,11
11998,11998,11
11999,11999,11
12000,12000,11
12001,12001,11
12002,12002,11
12003,12003,11
12004,12004,11
12005,12005,11
12006,12006,11
12007,12007,11
12008,12008,11
12009,12009,11
12010,12010,11
12011,12011,11
12012,12012,11
12013,12013,12
12014,12014,11
12015,12015,11
12016,12016,12
12017,12017,11
12018,12018,11
12019,12019,11
12020,12020,11
12021,12021,11
12022,12022,11
12023,12023,11
12024,12024,13
12025,12025,11
12026,12026,15
12027,12027,11
12028,12028,11
12029,12029,11
12030,12030,11
12031,12031,11
12032,12032,12
12033,12033,11
12034,12034,12
12035,12035,11
12036,12036,11
12037,12037,11
12038,12038,11
12039,12039,11
12040,12040,11
12041,12041,11
12042,12042,11
12043,12043,11
12044,12044,14
12045,12045,11
12046,12046,11
12047,12047,11
12048,12048,11
12049,12049,11
12050,12050,11
12051,12051,11
12052,12052,11
12053,12053,11
12054,12054,11
12055,12055,12
12056,12056,11
12057,12057,12
12058,12058,11
12059,12059,11
12060,12060,11
12061,12061,11
12062,12062,11
12063,12063,12
12064,12064,11
12065,12065,11
12066,12066,11
12067,12067,11
12068,12068,12
12069,12069,11
12070,12070,11
12071,12071,11
12072,12072,11
12073,12073,16
12074,12074,11
12075,12075,11
12076,12076,11
12077,12077,11
12078,12078,11
12079,12079,11
12080,12080,11
12081,12081,11
12082,12082,11
12083,12083,17
12084,12084,11
12085,12085,11
12086,12086,11
12087,12087,16
12088,12088,11
12089,12089,11
12090,12090,11
12091,12091,11
12092,12092,11
12093,12093,12
12094,12094,11
12095,12095,11
12096,12096,11
12097,12097,11
12098,12098,11
12099,12099,12
12100,12100,11
12101,12101,11
12102,12102,11
12103,12103,11
12104,12104,11
12105,12105,12
12106,12106,11
12107,12107,11
12108,12108,11
12109,12109,11
12110,12110,13
12111,12111,11
12112,12112,12
12113,12113,11
12114,12114,11
12115,12115,11
12116,12116,11
12117,12117,11
12118,12118,11
12119,12119,11
12120,12120,11
12121,12121,11
12122,12122,11
12123,12123,11
12124,12124,13
12125,12125,11
12126,12126,11
12127,12127,11
12128,12128,11
12129,12129,11
12130,12130,11
12131,12131,11
12132,12132,11
12133,12133,11
12134,12134,12
12135,12135,11
12136,12136,11
12137,12137,11
12138,12138,11
12139,12139,11
12140,12140,11
12141,12141,11
12142,12142,11
12143,12143,11
12144,12144,11
12145,12145,11
12146,12146,11
12147,12147,11
12148,12148,11
12149,12149,12
12150,12150,11
12151,12151,11
12152,12152,11
12153,12153,11
12154,12154,11
12155,12155,11
12156,12156,11
12157,12157,11
12158,12158,11
12159,12159,11
12160,12160,11
12161,12161,11
12162,12162,11
12163,12163,11
12164,12164,11
12165,12165,11
12166,12166,11
12167,12167,11
12168,12168,11
12169,12169,12
12170,12170,14
12171,12171,11
12172,12172,11
12173,12173,11
12174,12174,11
12175,12175,11
12176,12176,11
12177,12177,11
12178,12178,11
12179,12179,11
12180,12180,11
12181,12181,11
12182,12182,11
12183,12183,11
12184,12184,11
12185,12185,11
12186,12186,15
12187,12187,11
12188,12188,11
12189,12189,18
12190,12190,11
12191,12191,11
12192,12192,11
12193,12193,11
12194,12194,11
12195,12195,11
12196,12196,11
12197,12197,11
12198,12198,11
12199,12199,11
12200,12200,11
12201,12201,15
12202,12202,11
12203,12203,11
12204,12204,11
12205,12205,11
12206,12206,11
12207,12207,11
12208,12208,11
12209,12209,39
12210,12210,11
12211,12211,11
12212,12212,11
12213,12213,11
12214,12214,12
12215,12215,11
12216,12216,11
12217,12217,11
12218,12218,11
12219,12219,11
12220,12220,11
12221,12221,11
12222,12222,11
12223,12223,11
12224,12224,11
12225,12225,11
12226,12226,11
12227,12227,11
12228,12228,11
12229,12229,11
12230,12230,11
12231,12231,11
12232,12232,11
12233,12233,12
12234,12234,12
12235,12235,11
12236,12236,13
12237,12237,11
12238,12238,11
12239,12239,11
12240,12240,11
12241,12241,11
12242,12242,11
12243,12243,11
12244,12244,11
12245,12245,11
12246,12246,11
12247,12247,11
12248,12248,11
12249,12249,11
12250,12250,11
12251,12251,11
12252,12252,12
12253,12253,11
12254,12254,11
12255,12255,11
12256,12256,11
12257,12257,11
12258,12258,11
12259,12259,11
12260,12260,11
12261,12261,12
12262,12262,11
12263,12263,11
12264,12264,11
12265,12265,11
12266,12266,11
12267,12267,11
12268,12268,11
12269,12269,11
12270,12270,11
12271,12271,12
12272,12272,11
12273,12273,11
12274,12274,11
12275,12275,11
12276,12276,11
12277,12277,11
12278,12278,11
12279,12279,11
12280,12280,11
12281,12281,11
12282,12282,11
12283,12283,12
12284,12284,11
12285,12285,11
12286,12286,11
12287,12287,11
12288,12288,11
12289,12289,11
12290,12290,11
12291,12291,11
12292,12292,11
12293,12293,11
12294,12294,13
12295,12295,11
12296,12296,12
12297,12297,11
12298,12298,11
12299,12299,11
12300,12300,11
12301,12301,11
12302,12302,11
12303,12303,11
12304,12304,11
12305,12305,11
12306,12306,14
12307,12307,11
12308,12308,12
12309,12309,11
12310,12310,11
12311,12311,11
12312,12312,11
12313,12313,11
12314,12314,11
12315,12315,11
12316,12316,11
12317,12317,11
12318,12318,11
12319,12319,11
12320,12320,11
12321,12321,11
12322,12322,11
12323,12323,11
12324,12324,13
12325,12325,11
12326,12326,11
12327,12327,11
12328,12328,12
12329,12329,11
12330,12330,11
12331,12331,11
12332,12332,11
12333,12333,11
12334,12334,11
12335,12335,11
12336,12336,11
12337,12337,11
12338,12338,11
12339,12339,11
12340,12340,11
12341,12341,11
12342,12342,11
12343,12343,11
12344,12344,11
12345,12345,15
12346,12346,11
12347,12347,11
12348,12348,11
12349,12349,11
12350,12350,11
12351,12351,11
12352,12352,11
12353,12353,11
12354,12354,11
12355,12355,11
12356,12356,11
12357,12357,11
12358,12358,11
12359,12359,11
12360,12360,11
12361,12361,11
12362,12362,11
12363,12363,11
12364,12364,11
12365,12365,17
12366,12366,11
12367,12367,11
12368,12368,11
12369,12369,13
12370,12370,11
12371,12371,11
12372,12372,14
12373,12373,11
12374,12374,11
12375,12375,11
12376,12376,11
12377,12377,11
12378,12378,12
12379,12379,11
12380,12380,11
12381,12381,11
12382,12382,11
12383,12383,11
12384,12384,11
12385,12385,11
12386,12386,11
12387,12387,11
12388,12388,11
12389,12389,11
12390,12390,11
12391,12391,11
12392,12392,11
12393,12393,11
12394,12394,11
12395,12395,11
12396,12396,12
12397,12397,11
12398,12398,12
12399,12399,11
12400,12400,11
12401,12401,11
12402,12402,11
12403,12403,11
12404,12404,11
12405,12405,11
12406,12406,11
12407,12407,11
12408,12408,11
12409,12409,11
12410,12410,11
12411,12411,11
12412,12412,11
12413,12413,11
12414,12414,11
12415,12415,11
12416,12416,12
12417,12417,11
12418,12418,11
12419,12419,11
12420,12420,11
12421,12421,11
12422,12422,11
12423,12423,11
12424,12424,12
12425,12425,11
12426,12426,11
12427,12427,11
12428,12428,11
12429,12429,11
12430,12430,11
12431,12431,11
12432,12432,11
12433,12433,11
12434,12434,11
12435,12435,11
12436,12436,11
12437,12437,11
12438,12438,11
12439,12439,11
12440,12440,11
12441,12441,11
12442,12442,11
12443,12443,11
12444,12444,11
12445,12445,11
12446,12446,11
12447,12447,11
12448,12448,11
12449,12449,11
12450,12450,11
12451,12451,11
12452,12452,11
12453,12453,11
12454,12454,11
12455,12455,11
12456,12456,11
12457,12457,11
12458,12458,11
12459,12459,11
12460,12460,11
12461,12461,11
12462,12462,11
12463,12463,11
12464,12464,11
12465,12465,11
12466,12466,11
12467,12467,11
12468,12468,11
12469,12469,11
12470,12470,11
12471,12471,11
12472,12472,11
12473,12473,11
12474,12474,11
12475,12475,11
12476,12476,11
12477,12477,11
12478,12478,11
12479,12479,11
12480,12480,12
12481,12481,11
12482,12482,11
12483,12483,11
12484,12484,11
12485,12485,11
12486,12486,11
12487,12487,11
12488,12488,11
12489,12489,12
12490,12490,11
12491,12491,11
12492,12492,11
12493,12493,11
12494,12494,11
12495,12495,11
12496,12496,12
12497,12497,11
12498,12498,11
12499,12499,11
12500,12500,11
12501,12501,11
12502,12502,12
12503,12503,12
12504,12504,11
12505,12505,13
12506,12506,11
12507,12507,11
12508,12508,11
12509,12509,11
12510,12510,11
12511,12511,11
12512,12512,11
12513,12513,11
12514,12514,11
12515,12515,11
12516,12516,12
12517,12517,11
12518,12518,11
12519,12519,11
12520,12520,11
12521,12521,11
12522,12522,11
12523,12523,15
12524,12524,13
12525,12525,11
12526,12526,13
12527,12527,11
12528,12528,11
12529,12529,11
12530,12530,11
12531,12531,11
12532,12532,11
12533,12533,11
12534,12534,11
12535,12535,11
12536,12536,11
12537,12537,12
12538,12538,11
12539,12539,11
12540,12540,11
12541,12541,11
12542,12542,11
12543,12543,11
12544,12544,11
12545,12545,12
12546,12546,11
12547,12547,11
12548,12548,11
12549,12549,11
12550,12550,11
12551,12551,11
12552,12552,11
12553,12553,11
12554,12554,11
12555,12555,11
12556,12556,11
12557,12557,11
12558,12558,11
12559,12559,12
12560,12560,12
12561,12561,11
12562,12562,11
12563,12563,11
12564,12564,11
12565,12565,11
12566,12566,11
12567,12567,11
12568,12568,12
12569,12569,11
12570,12570,11
12571,12571,11
12572,12572,12
12573,12573,11
12574,12574,11
12575,12575,12
12576,12576,11
12577,12577,12
12578,12578,11
12579,12579,12
12580,12580,12
12581,12581,11
12582,12582,11
12583,12583,11
12584,12584,11
12585,12585,13
12586,12586,11
12587,12587,11
12588,12588,11
12589,12589,11
12590,12590,11
12591,12591,11
12592,12592,11
12593,12593,11
12594,12594,11
12595,12595,11
12596,12596,11
12597,12597,11
12598,12598,11
12599,12599,11
12600,12600,12
12601,12601,25
12602,12602,11
12603,12603,11
12604,12604,11
12605,12605,11
12606,12606,11
12607,12607,11
12608,12608,11
12609,12609,11
12610,12610,11
12611,12611,11
12612,12612,11
12613,12613,12
12614,12614,11
12615,12615,14
12616,12616,11
12617,12617,11
12618,12618,11
12619,12619,11
12620,12620,11
12621,12621,11
12622,12622,11
12623,12623,11
12624,12624,11
12625,12625,11
12626,12626,14
12627,12627,11
12628,12628,11
12629,12629,12
12630,12630,28
12631,12631,11
12632,12632,11
12633,12633,11
12634,12634,11
12635,12635,11
12636,12636,11
12637,12637,11
12638,12638,11
12639,12639,11
12640,12640,11
12641,12641,11
12642,12642,11
12643,12643,11
12644,12644,12
12645,12645,11
12646,12646,11
12647,12647,12
12648,12648,11
12649,12649,13
12650,12650,11
12651,12651,13
12652,12652,11
12653,12653,11
12654,12654,11
12655,12655,11
12656,12656,11
12657,12657,11
12658,12658,11
12659,12659,11
12660,12660,11
12661,12661,11
12662,12662,12
12663,12663,11
12664,12664,12
12665,12665,11
12666,12666,11
12667,12667,11
12668,12668,12
12669,12669,14
12670,12670,11
12671,12671,11
12672,12672,11
12673,12673,11
12674,12674,11
12675,12675,11
12676,12676,11
12677,12677,11
12678,12678,11
12679,12679,11
12680,12680,11
12681,12681,13
12682,12682,11
12683,12683,11
12684,12684,11
12685,12685,11
12686,12686,11
12687,12687,11
12688,12688,11
12689,12689,11
12690,12690,11
12691,12691,11
12692,12692,11
12693,12693,11
12694,12694,11
12695,12695,11
12696,12696,11
12697,12697,11
12698,12698,11
12699,12699,11
12700,12700,11
12701,12701,11
12702,12702,11
12703,12703,11
12704,12704,11
12705,12705,11
12706,12706,11
12707,12707,11
12708,12708,11
12709,12709,11
12710,12710,11
12711,12711,11
12712,12712,11
12713,12713,13
12714,12714,11
12715,12715,11
12716,12716,11
12717,12717,11
12718,12718,11
12719,12719,12
12720,12720,11
12721,12721,12
12722,12722,11
12723,12723,12
12724,12724,11
12725,12725,11
12726,12726,11
12727,12727,11
12728,12728,11
12729,12729,11
12730,12730,11
12731,12731,11
12732,12732,11
12733,12733,11
12734,12734,11
12735,12735,11
12736,12736,11
12737,12737,11
12738,12738,11
12739,12739,11
12740,12740,11
12741,12741,11
12742,12742,11
12743,12743,11
12744,12744,11
12745,12745,11
12746,12746,11
12747,12747,12
12748,12748,11
12749,12749,11
12750,12750,11
12751,12751,12
12752,12752,11
12753,12753,11
12754,12754,12
12755,12755,11
12756,12756,11
12757,12757,11
12758,12758,11
12759,12759,11
12760,12760,11
12761,12761,13
12762,12762,11
12763,12763,11
12764,12764,11
12765,12765,11
12766,12766,11
12767,12767,11
12768,12768,11
12769,12769,11
12770,12770,11
12771,12771,11
12772,12772,11
12773,12773,11
12774,12774,11
12775,12775,11
12776,12776,11
12777,12777,11
12778,12778,11
12779,12779,11
12780,12780,11
12781,12781,11
12782,12782,11
12783,12783,12
12784,12784,11
12785,12785,11
12786,12786,11
12787,12787,11
12788,12788,11
12789,12789,11
12790,12790,11
12791,12791,11
12792,12792,11
12793,12793,11
12794,12794,11
12795,12795,11
12796,12796,11
12797,12797,11
12798,12798,11
12799,12799,12
12800,12800,11
12801,12801,11
12802,12802,11
12803,12803,11
12804,12804,11
12805,12805,11
12806,12806,12
12807,12807,11
12808,12808,11
12809,12809,11
12810,12810,15
12811,12811,11
12812,12812,11
12813,12813,11
12814,12814,11
12815,12815,11
12816,12816,11
12817,12817,11
12818,12818,11
12819,12819,11
12820,12820,11
12821,12821,11
12822,12822,11
12823,12823,12
12824,12824,11
12825,12825,11
12826,12826,11
12827,12827,12
12828,12828,11
12829,12829,11
12830,12830,11
12831,12831,11
12832,12832,11
12833,12833,11
12834,12834,11
12835,12835,11
12836,12836,11
12837,12837,11
12838,12838,11
12839,12839,11
12840,12840,11
12841,12841,11
12842,12842,11
12843,12843,11
12844,12844,11
12845,12845,11
12846,12846,11
12847,12847,11
12848,12848,11
12849,12849,13
12850,12850,11
12851,12851,11
12852,12852,11
12853,12853,11
12854,12854,11
12855,12855,11
12856,12856,12
12857,12857,11
12858,12858,11
12859,12859,11
12860,12860,11
12861,12861,11
12862,12862,12
12863,12863,11
12864,12864,14
12865,12865,11
12866,12866,11
12867,12867,11
12868,12868,11
12869,12869,11
12870,12870,11
12871,12871,11
12872,12872,22
12873,12873,11
12874,12874,11
12875,12875,11
12876,12876,11
12877,12877,11
12878,12878,11
12879,12879,11
12880,12880,11
12881,12881,11
12882,12882,11
12883,12883,11
12884,12884,11
12885,12885,11
12886,12886,11
12887,12887,11
12888,12888,11
12889,12889,11
12890,12890,11
12891,12891,11
12892,12892,11
12893,12893,11
12894,12894,11
12895,12895,11
12896,12896,11
12897,12897,11
12898,12898,15
12899,12899,11
12900,12900,11
12901,12901,11
12902,12902,11
12903,12903,11
12904,12904,15
12905,12905,11
12906,12906,11
12907,12907,12
12908,12908,11
12909,12909,11
12910,12910,11
12911,12911,14
12912,12912,11
12913,12913,11
12914,12914,11
12915,12915,11
12916,12916,11
12917,12917,11
12918,12918,11
12919,12919,11
12920,12920,11
12921,12921,11
12922,12922,11
12923,12923,11
12924,12924,11
12925,12925,11
12926,12926,11
12927,12927,11
12928,12928,11
12929,12929,11
12930,12930,11
12931,12931,11
12932,12932,11
12933,12933,11
12934,12934,11
12935,12935,11
12936,12936,11
12937,12937,13
12938,12938,11
12939,12939,11
12940,12940,11
12941,12941,13
12942,12942,11
12943,12943,11
12944,12944,11
12945,12945,11
12946,12946,11
12947,12947,11
12948,12948,11
12949,12949,11
12950,12950,11
12951,12951,11
12952,12952,12
12953,12953,18
12954,12954,12
12955,12955,11
12956,12956,11
12957,12957,11
12958,12958,11
12959,12959,11
12960,12960,11
12961,12961,11
12962,12962,11
12963,12963,11
12964,12964,11
12965,12965,11
12966,12966,11
12967,12967,11
12968,12968,11
12969,12969,11
12970,12970,11
12971,12971,11
12972,12972,11
12973,12973,11
12974,12974,11
12975,12975,11
12976,12976,11
12977,12977,12
12978,12978,11
12979,12979,11
12980,12980,11
12981,12981,11
12982,12982,11
12983,12983,11
12984,12984,11
12985,12985,11
12986,12986,11
12987,12987,11
12988,12988,11
12989,12989,11
12990,12990,11
12991,12991,11
12992,12992,11
12993,12993,12
12994,12994,11
12995,12995,11
12996,12996,11
12997,12997,11
12998,12998,12
12999,12999,11
13000,13000,11
13001,13001,11
13002,13002,11
13003,13003,11
13004,13004,11
13005,13005,11
13006,13006,11
13007,13007,11
13008,13008,11
13009,13009,11
13010,13010,11
13011,13011,11
13012,13012,11
13013,13013,11
13014,13014,11
13015,13015,11
13016,13016,11
13017,13017,11
13018,13018,11
13019,13019,12
13020,13020,11
13021,13021,11
13022,13022,12
13023,13023,11
13024,13024,11
13025,13025,11
13026,13026,11
13027,13027,11
13028,13028,11
13029,13029,11
13030,13030,11
13031,13031,11
13032,13032,11
13033,13033,11
13034,13034,11
13035,13035,11
13036,13036,11
13037,13037,11
13038,13038,11
13039,13039,11
13040,13040,11
13041,13041,11
13042,13042,11
13043,13043,11
13044,13044,11
13045,13045,11
13046,13046,11
13047,13047,11
13048,13048,11
13049,13049,12
13050,13050,11
13051,13051,11
13052,13052,11
13053,13053,11
13054,13054,11
13055,13055,11
13056,13056,12
13057,13057,11
13058,13058,11
13059,13059,11
13060,13060,12
13061,13061,12
13062,13062,11
13063,13063,11
13064,13064,11
13065,13065,11
13066,13066,11
13067,13067,11
13068,13068,11
13069,13069,11
13070,13070,11
13071,13071,11
13072,13072,11
13073,13073,11
13074,13074,11
13075,13075,11
13076,13076,12
13077,13077,11
13078,13078,11
13079,13079,11
13080,13080,11
13081,13081,12
13082,13082,11
13083,13083,11
13084,13084,11
13085,13085,13
13086,13086,12
13087,13087,11
13088,13088,11
13089,13089,19
13090,13090,11
13091,13091,11
13092,13092,11
13093,13093,11
13094,13094,11
13095,13095,11
13096,13096,11
13097,13097,11
13098,13098,11
13099,13099,11
13100,13100,11
13101,13101,11
13102,13102,11
13103,13103,11
13104,13104,11
13105,13105,11
13106,13106,11
13107,13107,11
13108,13108,11
13109,13109,11
13110,13110,11
13111,13111,11
13112,13112,11
13113,13113,11
13114,13114,12
13115,13115,11
13116,13116,11
13117,13117,12
13118,13118,11
13119,13119,11
13120,13120,11
13121,13121,11
13122,13122,11
13123,13123,11
13124,13124,11
13125,13125,11
13126,13126,11
13127,13127,11
13128,13128,11
13129,13129,11
13130,13130,11
13131,13131,11
13132,13132,12
13133,13133,11
13134,13134,11
13135,13135,12
13136,13136,12
13137,13137,11
13138,13138,11
13139,13139,11
13140,13140,11
13141,13141,11
13142,13142,11
13143,13143,12
13144,13144,13
13145,13145,11
13146,13146,11
13147,13147,11
13148,13148,11
13149,13149,11
13150,13150,11
13151,13151,11
13152,13152,11
13153,13153,17
13154,13154,11
13155,13155,11
13156,13156,11
13157,13157,11
13158,13158,11
13159,13159,11
13160,13160,11
13161,13161,11
13162,13162,12
13163,13163,11
13164,13164,16
13165,13165,11
13166,13166,11
13167,13167,11
13168,13168,14
13169,13169,11
13170,13170,11
13171,13171,11
13172,13172,11
13173,13173,11
13174,13174,11
13175,13175,11
13176,13176,11
13177,13177,39
13178,13178,11
13179,13179,11
13180,13180,11
13181,13181,11
13182,13182,11
13183,13183,11
13184,13184,11
13185,13185,12
13186,13186,12
13187,13187,11
13188,13188,11
13189,13189,11
13190,13190,11
13191,13191,11
13192,13192,13
13193,13193,11
13194,13194,11
13195,13195,11
13196,13196,11
13197,13197,12
13198,13198,13
13199,13199,11
13200,13200,11
13201,13201,11
13202,13202,14
13203,13203,11
13204,13204,13
13205,13205,11
13206,13206,13
13207,13207,11
13208,13208,11
13209,13209,11
13210,13210,11
13211,13211,11
13212,13212,11
13213,13213,11
13214,13214,11
13215,13215,11
13216,13216,12
13217,13217,11
13218,13218,11
13219,13219,11
13220,13220,11
13221,13221,11
13222,13222,11
13223,13223,11
13224,13224,11
13225,13225,11
13226,13226,11
13227,13227,11
13228,13228,12
13229,13229,11
13230,13230,11
13231,13231,12
13232,13232,11
13233,13233,12
13234,13234,14
13235,13235,11
13236,13236,11
13237,13237,11
13238,13238,11
13239,13239,11
13240,13240,12
13241,13241,14
13242,13242,11
13243,13243,11
13244,13244,11
13245,13245,11
13246,13246,11
13247,13247,14
13248,13248,11
13249,13249,11
13250,13250,14
13251,13251,11
13252,13252,12
13253,13253,11
13254,13254,12
13255,13255,11
13256,13256,11
13257,13257,11
13258,13258,11
13259,13259,11
13260,13260,11
13261,13261,11
13262,13262,11
13263,13263,11
13264,13264,11
13265,13265,11
13266,13266,11
13267,13267,11
13268,13268,11
13269,13269,11
13270,13270,11
13271,13271,13
13272,13272,11
13273,13273,11
13274,13274,11
13275,13275,11
13276,13276,12
13277,13277,12
13278,13278,11
13279,13279,11
13280,13280,11
13281,13281,11
13282,13282,11
13283,13283,14
13284,13284,11
13285,13285,11
13286,13286,11
13287,13287,11
13288,13288,11
13289,13289,11
13290,13290,11
13291,13291,11
13292,13292,11
13293,13293,11
13294,13294,11
13295,13295,11
13296,13296,11
13297,13297,11
13298,13298,11
13299,13299,11
13300,13300,11
13301,13301,11
13302,13302,11
13303,13303,11
13304,13304,11
13305,13305,11
13306,13306,11
13307,13307,11
13308,13308,11
13309,13309,11
13310,13310,12
13311,13311,11
13312,13312,11
13313,13313,11
13314,13314,11
13315,13315,11
13316,13316,11
13317,13317,11
13318,13318,11
13319,13319,11
13320,13320,11
13321,13321,12
13322,13322,11
13323,13323,11
13324,13324,11
13325,13325,11
13326,13326,11
13327,13327,11
13328,13328,11
13329,13329,12
13330,13330,12
13331,13331,11
13332,13332,11
13333,13333,11
13334,13334,11
13335,13335,12
13336,13336,11
13337,13337,11
13338,13338,11
13339,13339,11
13340,13340,11
13341,13341,11
13342,13342,11
13343,13343,11
13344,13344,12
13345,13345,11
13346,13346,13
13347,13347,11
13348,13348,11
13349,13349,11
13350,13350,11
13351,13351,11
13352,13352,12
13353,13353,12
13354,13354,11
13355,13355,11
13356,13356,11
13357,13357,11
13358,13358,12
13359,13359,11
13360,13360,11
13361,13361,11
13362,13362,11
13363,13363,11
13364,13364,11
13365,13365,11
13366,13366,11
13367,13367,13
13368,13368,11
13369,13369,11
13370,13370,11
13371,13371,11
13372,13372,11
13373,13373,11
13374,13374,13
13375,13375,11
13376,13376,11
13377,13377,12
13378,13378,11
13379,13379,11
13380,13380,11
13381,13381,11
13382,13382,11
13383,13383,11
13384,13384,11
13385,13385,11
13386,13386,11
13387,13387,11
13388,13388,11
13389,13389,11
13390,13390,11
13391,13391,11
13392,13392,11
13393,13393,11
13394,13394,11
13395,13395,11
13396,13396,12
13397,13397,11
13398,13398,11
13399,13399,12
13400,13400,11
13401,13401,11
13402,13402,11
13403,13403,11
13404,13404,11
13405,13405,12
13406,13406,11
13407,13407,11
13408,13408,12
13409,13409,11
13410,13410,11
13411,13411,12
13412,13412,11
13413,13413,11
13414,13414,11
13415,13415,11
13416,13416,16
13417,13417,11
13418,13418,11
13419,13419,11
13420,13420,11
13421,13421,12
13422,13422,11
13423,13423,11
13424,13424,11
13425,13425,11
13426,13426,11
13427,13427,11
13428,13428,11
13429,13429,11
13430,13430,11
13431,13431,116
13432,13432,11
13433,13433,11
13434,13434,14
13435,13435,11
13436,13436,11
13437,13437,11
13438,13438,11
13439,13439,13
13440,13440,13
13441,13441,12
13442,13442,11
13443,13443,11
13444,13444,12
13445,13445,15
13446,13446,11
13447,13447,11
13448,13448,12
13449,13449,11
13450,13450,11
13451,13451,11
13452,13452,11
13453,13453,11
13454,13454,12
13455,13455,11
13456,13456,11
13457,13457,11
13458,13458,11
13459,13459,11
13460,13460,11
13461,13461,11
13462,13462,11
13463,13463,11
13464,13464,11
13465,13465,11
13466,13466,11
13467,13467,11
13468,13468,11
13469,13469,11
13470,13470,11
13471,13471,11
13472,13472,11
13473,13473,12
13474,13474,11
13475,13475,11
13476,13476,11
13477,13477,11
13478,13478,11
13479,13479,11
13480,13480,11
13481,13481,11
13482,13482,11
13483,13483,11
13484,13484,12
13485,13485,11
13486,13486,11
13487,13487,11
13488,13488,11
13489,13489,11
13490,13490,11
13491,13491,11
13492,13492,11
13493,13493,11
13494,13494,11
13495,13495,17
13496,13496,11
13497,13497,11
13498,13498,11
13499,13499,11
13500,13500,11
13501,13501,11
13502,13502,11
13503,13503,11
13504,13504,11
13505,13505,11
13506,13506,11
13507,13507,11
13508,13508,11
13509,13509,11
13510,13510,11
13511,13511,11
13512,13512,11
13513,13513,11
13514,13514,11
13515,13515,11
13516,13516,11
13517,13517,11
13518,13518,11
13519,13519,11
13520,13520,11
13521,13521,11
13522,13522,12
13523,13523,11
13524,13524,11
13525,13525,11
13526,13526,11
13527,13527,11
13528,13528,11
13529,13529,11
13530,13530,11
13531,13531,11
13532,13532,11
13533,13533,11
13534,13534,11
13535,13535,12
13536,13536,11
13537,13537,11
13538,13538,11
13539,13539,11
13540,13540,11
13541,13541,11
13542,13542,11
13543,13543,11
13544,13544,11
13545,13545,11
13546,13546,11
13547,13547,11
13548,13548,11
13549,13549,11
13550,13550,11
13551,13551,11
13552,13552,11
13553,13553,11
13554,13554,11
13555,13555,11
13556,13556,11
13557,13557,11
13558,13558,16
13559,13559,11
13560,13560,12
13561,13561,11
13562,13562,11
13563,13563,11
13564,13564,11
13565,13565,11
13566,13566,11
13567,13567,12
13568,13568,11
13569,13569,14
13570,13570,11
13571,13571,24
13572,13572,11
13573,13573,24
13574,13574,11
13575,13575,11
13576,13576,11
13577,13577,11
13578,13578,11
13579,13579,11
13580,13580,11
13581,13581,11
13582,13582,11
13583,13583,11
13584,13584,11
13585,13585,11
13586,13586,11
13587,13587,11
13588,13588,11
13589,13589,11
13590,13590,11
13591,13591,11
13592,13592,11
13593,13593,11
13594,13594,11
13595,13595,11
13596,13596,11
13597,13597,11
13598,13598,11
13599,13599,11
13600,13600,11
13601,13601,11
13602,13602,11
13603,13603,11
13604,13604,11
13605,13605,11
13606,13606,11
13607,13607,12
13608,13608,11
13609,13609,11
13610,13610,11
13611,13611,11
13612,13612,11
13613,13613,11
13614,13614,11
13615,13615,11
13616,13616,11
13617,13617,11
13618,13618,11
13619,13619,11
13620,13620,11
13621,13621,11
13622,13622,11
13623,13623,11
13624,13624,11
13625,13625,12
13626,13626,11
13627,13627,11
13628,13628,11
13629,13629,11
13630,13630,11
13631,13631,11
13632,13632,11
13633,13633,11
13634,13634,11
13635,13635,11
13636,13636,11
13637,13637,11
13638,13638,11
13639,13639,12
13640,13640,11
13641,13641,11
13642,13642,11
13643,13643,11
13644,13644,11
13645,13645,11
13646,13646,11
13647,13647,11
13648,13648,11
13649,13649,11
13650,13650,11
13651,13651,11
13652,13652,11
13653,13653,11
13654,13654,12
13655,13655,12
13656,13656,11
13657,13657,11
13658,13658,11
13659,13659,11
13660,13660,11
13661,13661,11
13662,13662,11
13663,13663,11
13664,13664,11
13665,13665,11
13666,13666,13
13667,13667,11
13668,13668,12
13669,13669,11
13670,13670,11
13671,13671,11
13672,13672,11
13673,13673,11
13674,13674,11
13675,13675,11
13676,13676,11
13677,13677,19
13678,13678,11
13679,13679,11
13680,13680,12
13681,13681,11
13682,13682,11
13683,13683,12
13684,13684,11
13685,13685,11
13686,13686,11
13687,13687,11
13688,13688,11
13689,13689,11
13690,13690,11
13691,13691,11
13692,13692,11
13693,13693,11
13694,13694,11
13695,13695,11
13696,13696,11
13697,13697,11
13698,13698,11
13699,13699,11
13700,13700,11
13701,13701,14
13702,13702,11
13703,13703,11
13704,13704,11
13705,13705,14
13706,13706,11
13707,13707,11
13708,13708,11
13709,13709,11
13710,13710,11
13711,13711,11
13712,13712,11
13713,13713,11
13714,13714,11
13715,13715,11
13716,13716,11
13717,13717,11
13718,13718,11
13719,13719,11
13720,13720,11
13721,13721,11
13722,13722,11
13723,13723,11
13724,13724,11
13725,13725,11
13726,13726,11
13727,13727,11
13728,13728,11
13729,13729,12
13730,13730,11
13731,13731,12
13732,13732,11
13733,13733,12
13734,13734,11
13735,13735,15
13736,13736,11
13737,13737,11
13738,13738,12
13739,13739,11
13740,13740,11
13741,13741,11
13742,13742,11
13743,13743,11
13744,13744,11
13745,13745,11
13746,13746,11
13747,13747,11
13748,13748,11
13749,13749,11
13750,13750,11
13751,13751,11
13752,13752,11
13753,13753,11
13754,13754,11
13755,13755,11
13756,13756,11
13757,13757,12
13758,13758,11
13759,13759,11
13760,13760,11
13761,13761,11
13762,13762,11
13763,13763,11
13764,13764,11
13765,13765,11
13766,13766,12
13767,13767,11
13768,13768,11
13769,13769,11
13770,13770,13
13771,13771,11
13772,13772,11
13773,13773,11
13774,13774,11
13775,13775,11
13776,13776,11
13777,13777,11
13778,13778,11
13779,13779,11
13780,13780,11
13781,13781,11
13782,13782,11
13783,13783,11
13784,13784,11
13785,13785,11
13786,13786,11
13787,13787,11
13788,13788,11
13789,13789,11
13790,13790,11
13791,13791,11
13792,13792,11
13793,13793,11
13794,13794,11
13795,13795,11
13796,13796,11
13797,13797,11
13798,13798,11
13799,13799,11
13800,13800,11
13801,13801,11
13802,13802,12
13803,13803,11
13804,13804,12
13805,13805,11
13806,13806,11
13807,13807,11
13808,13808,14
13809,13809,12
13810,13810,11
13811,13811,15
13812,13812,11
13813,13813,11
13814,13814,11
13815,13815,11
13816,13816,11
13817,13817,11
13818,13818,11
13819,13819,11
13820,13820,11
13821,13821,11
13822,13822,11
13823,13823,11
13824,13824,11
13825,13825,11
13826,13826,11
13827,13827,11
13828,13828,11
13829,13829,11
13830,13830,11
13831,13831,11
13832,13832,11
13833,13833,11
13834,13834,11
13835,13835,11
13836,13836,11
13837,13837,11
13838,13838,11
13839,13839,11
13840,13840,11
13841,13841,11
13842,13842,11
13843,13843,11
13844,13844,11
13845,13845,11
13846,13846,11
13847,13847,11
13848,13848,11
13849,13849,11
13850,13850,11
13851,13851,11
13852,13852,11
13853,13853,11
13854,13854,11
13855,13855,11
13856,13856,11
13857,13857,11
13858,13858,11
13859,13859,11
13860,13860,11
13861,13861,11
13862,13862,11
13863,13863,13
13864,13864,11
13865,13865,11
13866,13866,11
13867,13867,11
13868,13868,12
13869,13869,11
13870,13870,11
13871,13871,11
13872,13872,11
13873,13873,11
13874,13874,11
13875,13875,12
13876,13876,32
13877,13877,11
13878,13878,11
13879,13879,11
13880,13880,11
13881,13881,11
13882,13882,11
13883,13883,11
13884,13884,11
13885,13885,11
13886,13886,11
13887,13887,11
13888,13888,11
13889,13889,11
13890,13890,11
13891,13891,11
13892,13892,11
13893,13893,11
13894,13894,18
13895,13895,15
13896,13896,11
13897,13897,11
13898,13898,11
13899,13899,11
13900,13900,11
13901,13901,11
13902,13902,11
13903,13903,11
13904,13904,11
13905,13905,11
13906,13906,11
13907,13907,11
13908,13908,11
13909,13909,11
13910,13910,11
13911,13911,11
13912,13912,11
13913,13913,11
13914,13914,11
13915,13915,11
13916,13916,11
13917,13917,11
13918,13918,12
13919,13919,11
13920,13920,11
13921,13921,11
13922,13922,11
13923,13923,11
13924,13924,11
13925,13925,11
13926,13926,11
13927,13927,11
13928,13928,11
13929,13929,12
13930,13930,11
13931,13931,11
13932,13932,11
13933,13933,21
13934,13934,11
13935,13935,11
13936,13936,11
13937,13937,11
13938,13938,11
13939,13939,11
13940,13940,11
13941,13941,11
13942,13942,11
13943,13943,11
13944,13944,11
13945,13945,11
13946,13946,11
13947,13947,11
13948,13948,11
13949,13949,12
13950,13950,11
13951,13951,11
13952,13952,11
13953,13953,11
13954,13954,12
13955,13955,11
13956,13956,11
13957,13957,11
13958,13958,11
13959,13959,11
13960,13960,11
13961,13961,11
13962,13962,11
13963,13963,11
13964,13964,11
13965,13965,11
13966,13966,14
13967,13967,11
13968,13968,11
13969,13969,11
13970,13970,11
13971,13971,11
13972,13972,11
13973,13973,11
13974,13974,15
13975,13975,11
13976,13976,11
13977,13977,11
13978,13978,11
13979,13979,11
13980,13980,11
13981,13981,11
13982,13982,12
13983,13983,11
13984,13984,11
13985,13985,40
13986,13986,11
13987,13987,11
13988,13988,11
13989,13989,11
13990,13990,11
13991,13991,11
13992,13992,11
13993,13993,11
13994,13994,11
13995,13995,11
13996,13996,11
13997,13997,11
13998,13998,12
13999,13999,11
14000,14000,11
14001,14001,11
14002,14002,11
14003,14003,11
14004,14004,11
14005,14005,11
14006,14006,11
14007,14007,11
14008,14008,11
14009,14009,11
14010,14010,11
14011,14011,11
14012,14012,11
14013,14013,13
14014,14014,11
14015,14015,11
14016,14016,11
14017,14017,11
14018,14018,11
14019,14019,11
14020,14020,12
14021,14021,11
14022,14022,11
14023,14023,11
14024,14024,11
14025,14025,11
14026,14026,11
14027,14027,11
14028,14028,11
14029,14029,11
14030,14030,11
14031,14031,11
14032,14032,11
14033,14033,11
14034,14034,11
14035,14035,12
14036,14036,11
14037,14037,11
14038,14038,11
14039,14039,11
14040,14040,11
14041,14041,11
14042,14042,11
14043,14043,11
14044,14044,11
14045,14045,11
14046,14046,11
14047,14047,11
14048,14048,11
14049,14049,11
14050,14050,11
14051,14051,11
14052,14052,107
14053,14053,11
14054,14054,11
14055,14055,11
14056,14056,11
14057,14057,11
14058,14058,13
14059,14059,11
14060,14060,11
14061,14061,11
14062,14062,11
14063,14063,11
14064,14064,12
14065,14065,11
14066,14066,11
14067,14067,11
14068,14068,11
14069,14069,11
14070,14070,11
14071,14071,11
14072,14072,11
14073,14073,11
14074,14074,12
14075,14075,11
14076,14076,13
14077,14077,12
14078,14078,11
14079,14079,11
14080,14080,11
14081,14081,11
14082,14082,11
14083,14083,11
14084,14084,11
14085,14085,11
14086,14086,11
14087,14087,11
14088,14088,11
14089,14089,12
14090,14090,11
14091,14091,11
14092,14092,11
14093,14093,11
14094,14094,11
14095,14095,11
14096,14096,11
14097,14097,11
14098,14098,12
14099,14099,11
14100,14100,11
14101,14101,11
14102,14102,13
14103,14103,11
14104,14104,11
14105,14105,11
14106,14106,11
14107,14107,11
14108,14108,12
14109,14109,11
14110,14110,11
14111,14111,20
14112,14112,11
14113,14113,11
14114,14114,11
14115,14115,11
14116,14116,11
14117,14117,11
14118,14118,11
14119,14119,11
14120,14120,11
14121,14121,11
14122,14122,11
14123,14123,11
14124,14124,11
14125,14125,11
14126,14126,11
14127,14127,11
14128,14128,11
14129,14129,11
14130,14130,11
14131,14131,11
14132,14132,11
14133,14133,12
14134,14134,11
14135,14135,11
14136,14136,11
14137,14137,11
14138,14138,11
14139,14139,20
14140,14140,11
14141,14141,11
14142,14142,12
14143,14143,11
14144,14144,11
14145,14145,11
14146,14146,11
14147,14147,11
14148,14148,11
14149,14149,11
14150,14150,11
14151,14151,12
14152,14152,11
14153,14153,11
14154,14154,11
14155,14155,11
14156,14156,12
14157,14157,11
14158,14158,11
14159,14159,11
14160,14160,11
14161,14161,11
14162,14162,11
14163,14163,11
14164,14164,11
14165,14165,11
14166,14166,13
14167,14167,11
14168,14168,12
14169,14169,11
14170,14170,11
14171,14171,11
14172,14172,12
14173,14173,11
14174,14174,13
14175,14175,11
14176,14176,11
14177,14177,11
14178,14178,11
14179,14179,11
14180,14180,11
14181,14181,11
14182,14182,11
14183,14183,11
14184,14184,11
14185,14185,11
14186,14186,11
14187,14187,11
14188,14188,11
14189,14189,11
14190,14190,11
14191,14191,12
14192,14192,14
14193,14193,11
14194,14194,13
14195,14195,11
14196,14196,11
14197,14197,11
14198,14198,11
14199,14199,11
14200,14200,13
14201,14201,11
14202,14202,14
14203,14203,11
14204,14204,11
14205,14205,13
14206,14206,15
14207,14207,11
14208,14208,11
14209,14209,11
14210,14210,11
14211,14211,11
14212,14212,11
14213,14213,11
14214,14214,11
14215,14215,11
14216,14216,11
14217,14217,13
14218,14218,15
14219,14219,11
14220,14220,11
14221,14221,11
14222,14222,11
14223,14223,11
14224,14224,11
14225,14225,11
14226,14226,11
14227,14227,11
14228,14228,14
14229,14229,11
14230,14230,11
14231,14231,11
14232,14232,11
14233,14233,11
14234,14234,11
14235,14235,11
14236,14236,11
14237,14237,11
14238,14238,11
14239,14239,11
14240,14240,11
14241,14241,11
14242,14242,11
14243,14243,11
14244,14244,12
14245,14245,13
14246,14246,11
14247,14247,11
14248,14248,11
14249,14249,11
14250,14250,11
14251,14251,12
14252,14252,11
14253,14253,11
14254,14254,11
14255,14255,11
14256,14256,11
14257,14257,11
14258,14258,11
14259,14259,11
14260,14260,13
14261,14261,11
14262,14262,11
14263,14263,11
14264,14264,13
14265,14265,11
14266,14266,11
14267,14267,11
14268,14268,11
14269,14269,11
14270,14270,11
14271,14271,11
14272,14272,11
14273,14273,11
14274,14274,11
14275,14275,11
14276,14276,11
14277,14277,11
14278,14278,11
14279,14279,11
14280,14280,11
14281,14281,11
14282,14282,11
14283,14283,11
14284,14284,11
14285,14285,12
14286,14286,11
14287,14287,11
14288,14288,11
14289,14289,11
14290,14290,11
14291,14291,11
14292,14292,11
14293,14293,11
14294,14294,11
14295,14295,11
14296,14296,11
14297,14297,11
14298,14298,11
14299,14299,11
14300,14300,11
14301,14301,12
14302,14302,12
14303,14303,11
14304,14304,11
14305,14305,11
14306,14306,14
14307,14307,11
14308,14308,11
14309,14309,11
14310,14310,13
14311,14311,11
14312,14312,11
14313,14313,11
14314,14314,11
14315,14315,11
14316,14316,11
14317,14317,11
14318,14318,11
14319,14319,11
14320,14320,11
14321,14321,11
14322,14322,11
14323,14323,11
14324,14324,11
14325,14325,11
14326,14326,11
14327,14327,12
14328,14328,11
14329,14329,11
14330,14330,11
14331,14331,11
14332,14332,11
14333,14333,11
14334,14334,11
14335,14335,11
14336,14336,11
14337,14337,11
14338,14338,11
14339,14339,11
14340,14340,11
14341,14341,11
14342,14342,11
14343,14343,11
14344,14344,11
14345,14345,11
14346,14346,29
14347,14347,11
14348,14348,11
14349,14349,11
14350,14350,11
14351,14351,12
14352,14352,11
14353,14353,11
14354,14354,11
14355,14355,11
14356,14356,11
14357,14357,11
14358,14358,17
14359,14359,11
14360,14360,11
14361,14361,11
14362,14362,11
14363,14363,11
14364,14364,11
14365,14365,11
14366,14366,11
14367,14367,11
14368,14368,11
14369,14369,11
14370,14370,11
14371,14371,11
14372,14372,11
14373,14373,11
14374,14374,11
14375,14375,11
14376,14376,11
14377,14377,11
14378,14378,11
14379,14379,11
14380,14380,11
14381,14381,11
14382,14382,11
14383,14383,11
14384,14384,11
14385,14385,11
14386,14386,11
14387,14387,11
14388,14388,11
14389,14389,11
14390,14390,11
14391,14391,11
14392,14392,11
14393,14393,14
14394,14394,12
14395,14395,21
14396,14396,11
14397,14397,11
14398,14398,11
14399,14399,11
14400,14400,11
14401,14401,11
14402,14402,11
14403,14403,13
14404,14404,11
14405,14405,11
14406,14406,11
14407,14407,11
14408,14408,11
14409,14409,11
14410,14410,11
14411,14411,11
14412,14412,11
14413,14413,11
14414,14414,11
14415,14415,11
14416,14416,11
14417,14417,11
14418,14418,11
14419,14419,11
14420,14420,11
14421,14421,11
14422,14422,11
14423,14423,11
14424,14424,11
14425,14425,12
14426,14426,11
14427,14427,11
14428,14428,11
14429,14429,11
14430,14430,11
14431,14431,11
14432,14432,11
14433,14433,11
14434,14434,16
14435,14435,11
14436,14436,11
14437,14437,11
14438,14438,11
14439,14439,11
14440,14440,11
14441,14441,11
14442,14442,11
14443,14443,11
14444,14444,11
14445,14445,11
14446,14446,11
14447,14447,11
14448,14448,11
14449,14449,11
14450,14450,11
14451,14451,11
14452,14452,12
14453,14453,11
14454,14454,11
14455,14455,11
14456,14456,11
14457,14457,11
14458,14458,39
14459,14459,12
14460,14460,12
14461,14461,11
14462,14462,11
14463,14463,11
14464,14464,11
14465,14465,11
14466,14466,11
14467,14467,11
14468,14468,11
14469,14469,11
14470,14470,11
14471,14471,11
14472,14472,11
14473,14473,11
14474,14474,11
14475,14475,11
14476,14476,11
14477,14477,11
14478,14478,11
14479,14479,12
14480,14480,14
14481,14481,11
14482,14482,11
14483,14483,11
14484,14484,11
14485,14485,11
14486,14486,11
14487,14487,11
14488,14488,11
14489,14489,11
14490,14490,11
14491,14491,11
14492,14492,11
14493,14493,11
14494,14494,11
14495,14495,11
14496,14496,11
14497,14497,11
14498,14498,11
14499,14499,11
14500,14500,11
14501,14501,12
14502,14502,11
14503,14503,11
14504,14504,11
14505,14505,11
14506,14506,11
14507,14507,11
14508,14508,11
14509,14509,11
14510,14510,11
14511,14511,11
14512,14512,13
14513,14513,13
14514,14514,11
14515,14515,11
14516,14516,11
14517,14517,11
14518,14518,11
14519,14519,11
14520,14520,11
14521,14521,11
14522,14522,11
14523,14523,11
14524,14524,11
14525,14525,11
14526,14526,11
14527,14527,11
14528,14528,13
14529,14529,12
14530,14530,11
14531,14531,11
14532,14532,11
14533,14533,18
14534,14534,11
14535,14535,11
14536,14536,11
14537,14537,11
14538,14538,11
14539,14539,11
14540,14540,11
14541,14541,11
14542,14542,11
14543,14543,11
14544,14544,11
14545,14545,11
14546,14546,11
14547,14547,12
14548,14548,11
14549,14549,11
14550,14550,11
14551,14551,11
14552,14552,11
14553,14553,11
14554,14554,17
14555,14555,11
14556,14556,11
14557,14557,11
14558,14558,11
14559,14559,11
14560,14560,11
14561,14561,11
14562,14562,11
14563,14563,11
14564,14564,11
14565,14565,12
14566,14566,14
14567,14567,11
14568,14568,11
14569,14569,19
14570,14570,11
14571,14571,11
14572,14572,11
14573,14573,11
14574,14574,11
14575,14575,11
14576,14576,11
14577,14577,11
14578,14578,11
14579,14579,11
14580,14580,11
14581,14581,11
14582,14582,11
14583,14583,11
14584,14584,11
14585,14585,11
14586,14586,11
14587,14587,11
14588,14588,11
14589,14589,11
14590,14590,11
14591,14591,11
14592,14592,11
14593,14593,11
14594,14594,11
14595,14595,12
14596,14596,11
14597,14597,12
14598,14598,11
14599,14599,11
14600,14600,11
14601,14601,11
14602,14602,11
14603,14603,12
14604,14604,11
14605,14605,12
14606,14606,11
14607,14607,11
14608,14608,11
14609,14609,12
14610,14610,11
14611,14611,11
14612,14612,11
14613,14613,12
14614,14614,11
14615,14615,11
14616,14616,11
14617,14617,12
14618,14618,11
14619,14619,11
14620,14620,11
14621,14621,12
14622,14622,11
14623,14623,11
14624,14624,11
14625,14625,11
14626,14626,11
14627,14627,11
14628,14628,11
14629,14629,11
14630,14630,11
14631,14631,11
14632,14632,11
14633,14633,12
14634,14634,11
14635,14635,11
14636,14636,11
14637,14637,11
14638,14638,11
14639,14639,11
14640,14640,11
14641,14641,11
14642,14642,11
14643,14643,11
14644,14644,11
14645,14645,11
14646,14646,11
14647,14647,11
14648,14648,11
14649,14649,11
14650,14650,11
14651,14651,11
14652,14652,11
14653,14653,11
14654,14654,11
14655,14655,11
14656,14656,11
14657,14657,11
14658,14658,11
14659,14659,11
14660,14660,11
14661,14661,11
14662,14662,11
14663,14663,23
14664,14664,11
14665,14665,11
14666,14666,11
14667,14667,11
14668,14668,11
14669,14669,11
14670,14670,11
14671,14671,12
14672,14672,11
14673,14673,11
14674,14674,11
14675,14675,11
14676,14676,12
14677,14677,11
14678,14678,11
14679,14679,11
14680,14680,11
14681,14681,11
14682,14682,11
14683,14683,11
14684,14684,13
14685,14685,11
14686,14686,11
14687,14687,13
14688,14688,11
14689,14689,11
14690,14690,11
14691,14691,11
14692,14692,11
14693,14693,11
14694,14694,12
14695,14695,11
14696,14696,12
14697,14697,11
14698,14698,11
14699,14699,11
14700,14700,11
14701,14701,11
14702,14702,11
14703,14703,11
14704,14704,11
14705,14705,11
14706,14706,11
14707,14707,11
14708,14708,11
14709,14709,11
14710,14710,11
14711,14711,11
14712,14712,11
14713,14713,11
14714,14714,11
14715,14715,11
14716,14716,11
14717,14717,11
14718,14718,11
14719,14719,11
14720,14720,11
14721,14721,11
14722,14722,11
14723,14723,15
14724,14724,11
14725,14725,11
14726,14726,12
14727,14727,11
14728,14728,11
14729,14729,11
14730,14730,11
14731,14731,11
14732,14732,11
14733,14733,11
14734,14734,11
14735,14735,11
14736,14736,11
14737,14737,11
14738,14738,11
14739,14739,11
14740,14740,11
14741,14741,11
14742,14742,12
14743,14743,11
14744,14744,11
14745,14745,11
14746,14746,11
14747,14747,11
14748,14748,11
14749,14749,11
14750,14750,11
14751,14751,11
14752,14752,11
14753,14753,11
14754,14754,11
14755,14755,17
14756,14756,11
14757,14757,17
14758,14758,11
14759,14759,11
14760,14760,11
14761,14761,11
14762,14762,11
14763,14763,11
14764,14764,11
14765,14765,12
14766,14766,12
14767,14767,11
14768,14768,11
14769,14769,11
14770,14770,13
14771,14771,11
14772,14772,11
14773,14773,11
14774,14774,11
14775,14775,11
14776,14776,11
14777,14777,11
14778,14778,11
14779,14779,11
14780,14780,11
14781,14781,11
14782,14782,12
14783,14783,12
14784,14784,11
14785,14785,11
14786,14786,11
14787,14787,11
14788,14788,11
14789,14789,11
14790,14790,11
14791,14791,11
14792,14792,11
14793,14793,20
14794,14794,11
14795,14795,11
14796,14796,11
14797,14797,11
14798,14798,11
14799,14799,11
14800,14800,12
14801,14801,11
14802,14802,11
14803,14803,11
14804,14804,11
14805,14805,11
14806,14806,11
14807,14807,11
14808,14808,11
14809,14809,11
14810,14810,11
14811,14811,11
14812,14812,11
14813,14813,11
14814,14814,11
14815,14815,11
14816,14816,11
14817,14817,11
14818,14818,11
14819,14819,11
14820,14820,11
14821,14821,11
14822,14822,11
14823,14823,13
14824,14824,11
14825,14825,11
14826,14826,11
14827,14827,11
14828,14828,11
14829,14829,11
14830,14830,11
14831,14831,11
14832,14832,11
14833,14833,11
14834,14834,11
14835,14835,12
14836,14836,11
14837,14837,11
14838,14838,11
14839,14839,11
14840,14840,11
14841,14841,11
14842,14842,11
14843,14843,13
14844,14844,11
14845,14845,11
14846,14846,11
14847,14847,11
14848,14848,11
14849,14849,11
14850,14850,11
14851,14851,11
14852,14852,12
14853,14853,11
14854,14854,11
14855,14855,11
14856,14856,11
14857,14857,11
14858,14858,12
14859,14859,11
14860,14860,11
14861,14861,13
14862,14862,11
14863,14863,11
14864,14864,11
14865,14865,11
14866,14866,11
14867,14867,11
14868,14868,11
14869,14869,11
14870,14870,11
14871,14871,11
14872,14872,11
14873,14873,11
14874,14874,11
14875,14875,11
14876,14876,11
14877,14877,11
14878,14878,11
14879,14879,11
14880,14880,11
14881,14881,11
14882,14882,11
14883,14883,11
14884,14884,12
14885,14885,11
14886,14886,11
14887,14887,11
14888,14888,11
14889,14889,12
14890,14890,11
14891,14891,11
14892,14892,11
14893,14893,11
14894,14894,11
14895,14895,11
14896,14896,11
14897,14897,11
14898,14898,13
14899,14899,11
14900,14900,11
14901,14901,11
14902,14902,11
14903,14903,11
14904,14904,11
14905,14905,11
14906,14906,18
14907,14907,11
14908,14908,11
14909,14909,11
14910,14910,11
14911,14911,11
14912,14912,11
14913,14913,14
14914,14914,11
14915,14915,11
14916,14916,11
14917,14917,11
14918,14918,11
14919,14919,11
14920,14920,11
14921,14921,11
14922,14922,11
14923,14923,11
14924,14924,11
14925,14925,11
14926,14926,12
14927,14927,11
14928,14928,11
14929,14929,11
14930,14930,11
14931,14931,11
14932,14932,11
14933,14933,11
14934,14934,11
14935,14935,11
14936,14936,11
14937,14937,11
14938,14938,11
14939,14939,11
14940,14940,12
14941,14941,11
14942,14942,11
14943,14943,11
14944,14944,11
14945,14945,11
14946,14946,11
14947,14947,12
14948,14948,11
14949,14949,11
14950,14950,11
14951,14951,11
14952,14952,12
14953,14953,12
14954,14954,11
14955,14955,12
14956,14956,11
14957,14957,11
14958,14958,11
14959,14959,11
14960,14960,11
14961,14961,11
14962,14962,13
14963,14963,11
14964,14964,11
14965,14965,11
14966,14966,11
14967,14967,11
14968,14968,11
14969,14969,11
14970,14970,11
14971,14971,11
14972,14972,11
14973,14973,11
14974,14974,11
14975,14975,12
14976,14976,11
14977,14977,11
14978,14978,11
14979,14979,11
14980,14980,11
14981,14981,11
14982,14982,11
14983,14983,11
14984,14984,11
14985,14985,11
14986,14986,11
14987,14987,11
14988,14988,11
14989,14989,11
14990,14990,11
14991,14991,11
14992,14992,11
14993,14993,11
14994,14994,11
14995,14995,13
14996,14996,11
14997,14997,11
14998,14998,11
14999,14999,11
15000,15000,11
15001,15001,11
15002,15002,11
15003,15003,11
15004,15004,11
15005,15005,11
15006,15006,11
15007,15007,13
15008,15008,12
15009,15009,11
15010,15010,11
15011,15011,11
15012,15012,11
15013,15013,18
15014,15014,11
15015,15015,11
15016,15016,11
15017,15017,11
15018,15018,12
15019,15019,15
15020,15020,11
15021,15021,11
15022,15022,11
15023,15023,13
15024,15024,11
15025,15025,11
15026,15026,11
15027,15027,11
15028,15028,11
15029,15029,11
15030,15030,11
15031,15031,12
15032,15032,11
15033,15033,11
15034,15034,11
15035,15035,27
15036,15036,12
15037,15037,11
15038,15038,11
15039,15039,11
15040,15040,11
15041,15041,11
15042,15042,13
15043,15043,11
15044,15044,11
15045,15045,14
15046,15046,11
15047,15047,11
15048,15048,11
15049,15049,11
15050,15050,11
15051,15051,11
15052,15052,11
15053,15053,11
15054,15054,11
15055,15055,14
15056,15056,11
15057,15057,12
15058,15058,11
15059,15059,11
15060,15060,12
15061,15061,11
15062,15062,11
15063,15063,11
15064,15064,11
15065,15065,11
15066,15066,11
15067,15067,11
15068,15068,11
15069,15069,11
15070,15070,11
15071,15071,11
15072,15072,11
15073,15073,11
15074,15074,11
15075,15075,11
15076,15076,11
15077,15077,11
15078,15078,11
15079,15079,11
15080,15080,11
15081,15081,11
15082,15082,11
15083,15083,11
15084,15084,11
15085,15085,11
15086,15086,11
15087,15087,11
15088,15088,11
15089,15089,11
15090,15090,11
15091,15091,11
15092,15092,11
15093,15093,11
15094,15094,11
15095,15095,11
15096,15096,11
15097,15097,11
15098,15098,11
15099,15099,11
15100,15100,11
15101,15101,11
15102,15102,11
15103,15103,11
15104,15104,11
15105,15105,11
15106,15106,11
15107,15107,11
15108,15108,11
15109,15109,11
15110,15110,11
15111,15111,11
15112,15112,11
15113,15113,11
15114,15114,44
15115,15115,11
15116,15116,11
15117,15117,11
15118,15118,11
15119,15119,11
15120,15120,11
15121,15121,11
15122,15122,11
15123,15123,11
15124,15124,11
15125,15125,11
15126,15126,11
15127,15127,11
15128,15128,13
15129,15129,12
15130,15130,12
15131,15131,11
15132,15132,11
15133,15133,11
15134,15134,11
15135,15135,11
15136,15136,11
15137,15137,11
15138,15138,11
15139,15139,11
15140,15140,11
15141,15141,12
15142,15142,11
15143,15143,11
15144,15144,11
15145,15145,11
15146,15146,11
15147,15147,12
15148,15148,11
15149,15149,11
15150,15150,12
15151,15151,11
15152,15152,11
15153,15153,11
15154,15154,11
15155,15155,12
15156,15156,11
15157,15157,11
15158,15158,11
15159,15159,11
15160,15160,11
15161,15161,11
15162,15162,11
15163,15163,11
15164,15164,11
15165,15165,11
15166,15166,11
15167,15167,11
15168,15168,11
15169,15169,11
15170,15170,11
15171,15171,11
15172,15172,11
15173,15173,11
15174,15174,13
15175,15175,11
15176,15176,11
15177,15177,11
15178,15178,11
15179,15179,11
15180,15180,11
15181,15181,12
15182,15182,12
15183,15183,11
15184,15184,11
15185,15185,13
15186,15186,12
15187,15187,11
15188,15188,11
15189,15189,11
15190,15190,11
15191,15191,11
15192,15192,11
15193,15193,11
15194,15194,11
15195,15195,11
15196,15196,11
15197,15197,11
15198,15198,11
15199,15199,11
15200,15200,11
15201,15201,12
15202,15202,11
15203,15203,11
15204,15204,11
15205,15205,11
15206,15206,11
15207,15207,11
15208,15208,13
15209,15209,11
15210,15210,11
15211,15211,11
15212,15212,11
15213,15213,11
15214,15214,11
15215,15215,11
15216,15216,11
15217,15217,11
15218,15218,11
15219,15219,11
15220,15220,11
15221,15221,11
15222,15222,11
15223,15223,11
15224,15224,12
15225,15225,11
15226,15226,11
15227,15227,14
15228,15228,11
15229,15229,11
15230,15230,11
15231,15231,11
15232,15232,11
15233,15233,11
15234,15234,11
15235,15235,11
15236,15236,11
15237,15237,11
15238,15238,11
15239,15239,11
15240,15240,11
15241,15241,11
15242,15242,11
15243,15243,11
15244,15244,11
15245,15245,11
15246,15246,11
15247,15247,11
15248,15248,11
15249,15249,12
15250,15250,11
15251,15251,12
15252,15252,11
15253,15253,11
15254,15254,13
15255,15255,12
15256,15256,11
15257,15257,12
15258,15258,11
15259,15259,11
15260,15260,11
15261,15261,11
15262,15262,12
15263,15263,11
15264,15264,11
15265,15265,11
15266,15266,22
15267,15267,11
15268,15268,11
15269,15269,11
15270,15270,11
15271,15271,11
15272,15272,11
15273,15273,11
15274,15274,11
15275,15275,11
15276,15276,11
15277,15277,11
15278,15278,11
15279,15279,11
15280,15280,11
15281,15281,13
15282,15282,11
15283,15283,11
15284,15284,11
15285,15285,11
15286,15286,11
15287,15287,11
15288,15288,14
15289,15289,11
15290,15290,11
15291,15291,12
15292,15292,15
15293,15293,11
15294,15294,11
15295,15295,11
15296,15296,11
15297,15297,11
15298,15298,11
15299,15299,11
15300,15300,12
15301,15301,11
15302,15302,16
15303,15303,11
15304,15304,12
15305,15305,11
15306,15306,11
15307,15307,12
15308,15308,11
15309,15309,11
15310,15310,11
15311,15311,11
15312,15312,11
15313,15313,11
15314,15314,11
15315,15315,12
15316,15316,11
15317,15317,14
15318,15318,11
15319,15319,11
15320,15320,11
15321,15321,11
15322,15322,22
15323,15323,11
15324,15324,11
15325,15325,11
15326,15326,11
15327,15327,11
15328,15328,11
15329,15329,11
15330,15330,11
15331,15331,11
15332,15332,11
15333,15333,11
15334,15334,11
15335,15335,11
15336,15336,11
15337,15337,11
15338,15338,11
15339,15339,11
15340,15340,11
15341,15341,12
15342,15342,11
15343,15343,11
15344,15344,11
15345,15345,11
15346,15346,11
15347,15347,11
15348,15348,11
15349,15349,11
15350,15350,11
15351,15351,11
15352,15352,11
15353,15353,11
15354,15354,11
15355,15355,12
15356,15356,11
15357,15357,11
15358,15358,11
15359,15359,11
15360,15360,11
15361,15361,11
15362,15362,11
15363,15363,11
15364,15364,11
15365,15365,11
15366,15366,11
15367,15367,11
15368,15368,15
15369,15369,11
15370,15370,11
15371,15371,11
15372,15372,13
15373,15373,11
15374,15374,11
15375,15375,11
15376,15376,11
15377,15377,12
15378,15378,11
15379,15379,11
15380,15380,11
15381,15381,11
15382,15382,11
15383,15383,11
15384,15384,11
15385,15385,11
15386,15386,11
15387,15387,11
15388,15388,11
15389,15389,11
15390,15390,11
15391,15391,11
15392,15392,11
15393,15393,11
15394,15394,11
15395,15395,16
15396,15396,11
15397,15397,11
15398,15398,11
15399,15399,12
15400,15400,11
15401,15401,11
15402,15402,11
15403,15403,11
15404,15404,11
15405,15405,11
15406,15406,13
15407,15407,11
15408,15408,11
15409,15409,11
15410,15410,11
15411,15411,11
15412,15412,11
15413,15413,11
15414,15414,11
15415,15415,11
15416,15416,11
15417,15417,11
15418,15418,11
15419,15419,11
15420,15420,12
15421,15421,11
15422,15422,11
15423,15423,11
15424,15424,11
15425,15425,12
15426,15426,11
15427,15427,11
15428,15428,11
15429,15429,12
15430,15430,11
15431,15431,11
15432,15432,11
15433,15433,11
15434,15434,11
15435,15435,11
15436,15436,11
15437,15437,11
15438,15438,11
15439,15439,11
15440,15440,11
15441,15441,11
15442,15442,11
15443,15443,11
15444,15444,11
15445,15445,11
15446,15446,11
15447,15447,11
15448,15448,11
15449,15449,11
15450,15450,11
15451,15451,12
15452,15452,11
15453,15453,11
15454,15454,11
15455,15455,11
15456,15456,11
15457,15457,11
15458,15458,11
15459,15459,11
15460,15460,11
15461,15461,11
15462,15462,11
15463,15463,11
15464,15464,11
15465,15465,11
15466,15466,11
15467,15467,11
15468,15468,11
15469,15469,11
15470,15470,11
15471,15471,11
15472,15472,11
15473,15473,11
15474,15474,11
15475,15475,11
15476,15476,11
15477,15477,11
15478,15478,11
15479,15479,11
15480,15480,11
15481,15481,11
15482,15482,11
15483,15483,11
15484,15484,11
15485,15485,11
15486,15486,11
15487,15487,11
15488,15488,11
15489,15489,11
15490,15490,11
15491,15491,11
15492,15492,15
15493,15493,11
15494,15494,11
15495,15495,11
15496,15496,12
15497,15497,11
15498,15498,11
15499,15499,11
15500,15500,11
15501,15501,11
15502,15502,11
15503,15503,11
15504,15504,11
15505,15505,11
15506,15506,11
15507,15507,11
15508,15508,11
15509,15509,11
15510,15510,11
15511,15511,11
15512,15512,11
15513,15513,11
15514,15514,13
15515,15515,11
15516,15516,12
15517,15517,11
15518,15518,11
15519,15519,11
15520,15520,11
15521,15521,11
15522,15522,13
15523,15523,11
15524,15524,11
15525,15525,11
15526,15526,12
15527,15527,11
15528,15528,11
15529,15529,15
15530,15530,11
15531,15531,11
15532,15532,11
15533,15533,11
15534,15534,11
15535,15535,11
15536,15536,11
15537,15537,11
15538,15538,11
15539,15539,12
15540,15540,11
15541,15541,11
15542,15542,11
15543,15543,12
15544,15544,11
15545,15545,11
15546,15546,14
15547,15547,11
15548,15548,11
15549,15549,11
15550,15550,11
15551,15551,12
15552,15552,11
15553,15553,11
15554,15554,11
15555,15555,11
15556,15556,11
15557,15557,11
15558,15558,11
15559,15559,11
15560,15560,11
15561,15561,14
15562,15562,11
15563,15563,11
15564,15564,17
15565,15565,11
15566,15566,11
15567,15567,11
15568,15568,11
15569,15569,12
15570,15570,17
15571,15571,11
15572,15572,11
15573,15573,11
15574,15574,11
15575,15575,11
15576,15576,11
15577,15577,11
15578,15578,11
15579,15579,11
15580,15580,11
15581,15581,11
15582,15582,11
15583,15583,11
15584,15584,11
15585,15585,11
15586,15586,11
15587,15587,11
15588,15588,11
15589,15589,11
15590,15590,11
15591,15591,11
15592,15592,11
15593,15593,11
15594,15594,11
15595,15595,11
15596,15596,11
15597,15597,26
15598,15598,11
15599,15599,11
15600,15600,11
15601,15601,11
15602,15602,11
15603,15603,11
15604,15604,11
15605,15605,11
15606,15606,11
15607,15607,11
15608,15608,11
15609,15609,12
15610,15610,11
15611,15611,11
15612,15612,11
15613,15613,11
15614,15614,11
15615,15615,11
15616,15616,11
15617,15617,11
15618,15618,11
15619,15619,11
15620,15620,11
15621,15621,11
15622,15622,11
15623,15623,11
15624,15624,12
15625,15625,11
15626,15626,11
15627,15627,11
15628,15628,11
15629,15629,11
15630,15630,11
15631,15631,11
15632,15632,11
15633,15633,11
15634,15634,11
15635,15635,11
15636,15636,12
15637,15637,12
15638,15638,11
15639,15639,11
15640,15640,11
15641,15641,11
15642,15642,12
15643,15643,12
15644,15644,11
15645,15645,11
15646,15646,11
15647,15647,11
15648,15648,12
15649,15649,11
15650,15650,11
15651,15651,12
15652,15652,11
15653,15653,11
15654,15654,11
15655,15655,11
15656,15656,11
15657,15657,11
15658,15658,11
15659,15659,11
15660,15660,11
15661,15661,11
15662,15662,11
15663,15663,11
15664,15664,11
15665,15665,11
15666,15666,11
15667,15667,11
15668,15668,11
15669,15669,29
15670,15670,11
15671,15671,11
15672,15672,11
15673,15673,29
15674,15674,11
15675,15675,11
15676,15676,11
15677,15677,11
15678,15678,11
15679,15679,11
15680,15680,11
15681,15681,11
15682,15682,11
15683,15683,11
15684,15684,11
15685,15685,11
15686,15686,11
15687,15687,11
15688,15688,11
15689,15689,12
15690,15690,11
15691,15691,11
15692,15692,11
15693,15693,11
15694,15694,11
15695,15695,11
15696,15696,11
15697,15697,11
15698,15698,11
15699,15699,11
15700,15700,11
15701,15701,11
15702,15702,17
15703,15703,11
15704,15704,11
15705,15705,11
15706,15706,12
15707,15707,12
15708,15708,11
15709,15709,11
15710,15710,11
15711,15711,11
15712,15712,11
15713,15713,14
15714,15714,11
15715,15715,11
15716,15716,11
15717,15717,11
15718,15718,15
15719,15719,11
15720,15720,11
15721,15721,11
15722,15722,11
15723,15723,11
15724,15724,11
15725,15725,11
15726,15726,11
15727,15727,11
15728,15728,15
15729,15729,11
15730,15730,11
15731,15731,11
15732,15732,11
15733,15733,11
15734,15734,12
15735,15735,11
15736,15736,11
15737,15737,11
15738,15738,11
15739,15739,11
15740,15740,11
15741,15741,11
15742,15742,11
15743,15743,11
15744,15744,11
15745,15745,11
15746,15746,11
15747,15747,11
15748,15748,11
15749,15749,11
15750,15750,11
15751,15751,11
15752,15752,11
15753,15753,11
15754,15754,11
15755,15755,14
15756,15756,11
15757,15757,13
15758,15758,11
15759,15759,11
15760,15760,11
15761,15761,11
15762,15762,14
15763,15763,11
15764,15764,11
15765,15765,11
15766,15766,13
15767,15767,11
15768,15768,11
15769,15769,15
15770,15770,11
15771,15771,11
15772,15772,11
15773,15773,11
15774,15774,11
15775,15775,11
15776,15776,12
15777,15777,11
15778,15778,11
15779,15779,11
15780,15780,11
15781,15781,11
15782,15782,11
15783,15783,11
15784,15784,11
15785,15785,11
15786,15786,11
15787,15787,11
15788,15788,11
15789,15789,11
15790,15790,11
15791,15791,11
15792,15792,11
15793,15793,11
15794,15794,11
15795,15795,11
15796,15796,11
15797,15797,11
15798,15798,12
15799,15799,11
15800,15800,13
15801,15801,13
15802,15802,12
15803,15803,11
15804,15804,11
15805,15805,12
15806,15806,11
15807,15807,11
15808,15808,11
15809,15809,12
15810,15810,11
15811,15811,11
15812,15812,11
15813,15813,11
15814,15814,11
15815,15815,11
15816,15816,11
15817,15817,11
15818,15818,11
15819,15819,11
15820,15820,11
15821,15821,11
15822,15822,11
15823,15823,11
15824,15824,11
15825,15825,11
15826,15826,11
15827,15827,11
15828,15828,11
15829,15829,11
15830,15830,11
15831,15831,12
15832,15832,11
15833,15833,11
15834,15834,13
15835,15835,11
15836,15836,12
15837,15837,11
15838,15838,14
15839,15839,11
15840,15840,14
15841,15841,11
15842,15842,11
15843,15843,11
15844,15844,11
15845,15845,12
15846,15846,11
15847,15847,16
15848,15848,11
15849,15849,11
15850,15850,11
15851,15851,12
15852,15852,11
15853,15853,11
15854,15854,11
15855,15855,11
15856,15856,11
15857,15857,11
15858,15858,11
15859,15859,11
15860,15860,11
15861,15861,11
15862,15862,11
15863,15863,11
15864,15864,11
15865,15865,11
15866,15866,11
15867,15867,11
15868,15868,11
15869,15869,12
15870,15870,11
15871,15871,11
15872,15872,11
15873,15873,11
15874,15874,11
15875,15875,11
15876,15876,11
15877,15877,11
15878,15878,11
15879,15879,11
15880,15880,11
15881,15881,11
15882,15882,11
15883,15883,11
15884,15884,11
15885,15885,11
15886,15886,11
15887,15887,11
15888,15888,11
15889,15889,11
15890,15890,11
15891,15891,11
15892,15892,11
15893,15893,11
15894,15894,14
15895,15895,11
15896,15896,11
15897,15897,11
15898,15898,11
15899,15899,11
15900,15900,11
15901,15901,11
15902,15902,11
15903,15903,11
15904,15904,11
15905,15905,11
15906,15906,12
15907,15907,11
15908,15908,11
15909,15909,11
15910,15910,11
15911,15911,15
15912,15912,11
15913,15913,11
15914,15914,15
15915,15915,11
15916,15916,11
15917,15917,11
15918,15918,11
15919,15919,18
15920,15920,11
15921,15921,11
15922,15922,11
15923,15923,12
15924,15924,11
15925,15925,11
15926,15926,11
15927,15927,11
15928,15928,11
15929,15929,12
15930,15930,11
15931,15931,11
15932,15932,11
15933,15933,26
15934,15934,11
15935,15935,11
15936,15936,12
15937,15937,11
15938,15938,11
15939,15939,11
15940,15940,11
15941,15941,11
15942,15942,11
15943,15943,11
15944,15944,11
15945,15945,11
15946,15946,11
15947,15947,11
15948,15948,11
15949,15949,11
15950,15950,11
15951,15951,11
15952,15952,11
15953,15953,11
15954,15954,11
15955,15955,11
15956,15956,11
15957,15957,11
15958,15958,11
15959,15959,11
15960,15960,11
15961,15961,11
15962,15962,11
15963,15963,11
15964,15964,11
15965,15965,11
15966,15966,11
15967,15967,11
15968,15968,11
15969,15969,11
15970,15970,11
15971,15971,11
15972,15972,11
15973,15973,11
15974,15974,11
15975,15975,11
15976,15976,11
15977,15977,11
15978,15978,11
15979,15979,11
15980,15980,11
15981,15981,11
15982,15982,11
15983,15983,11
15984,15984,11
15985,15985,14
15986,15986,11
15987,15987,11
15988,15988,12
15989,15989,11
15990,15990,11
15991,15991,11
15992,15992,11
15993,15993,11
15994,15994,11
15995,15995,11
15996,15996,11
15997,15997,11
15998,15998,11
15999,15999,11
16000,16000,11
16001,16001,11
16002,16002,11
16003,16003,11
16004,16004,14
16005,16005,11
16006,16006,11
16007,16007,11
16008,16008,11
16009,16009,12
16010,16010,13
16011,16011,11
16012,16012,11
16013,16013,11
16014,16014,11
16015,16015,11
16016,16016,11
16017,16017,11
16018,16018,11
16019,16019,11
16020,16020,11
16021,16021,11
16022,16022,11
16023,16023,11
16024,16024,11
16025,16025,12
16026,16026,11
16027,16027,11
16028,16028,11
16029,16029,11
16030,16030,11
16031,16031,11
16032,16032,11
16033,16033,11
16034,16034,11
16035,16035,11
16036,16036,11
16037,16037,11
16038,16038,11
16039,16039,11
16040,16040,11
16041,16041,12
16042,16042,12
16043,16043,12
16044,16044,11
16045,16045,11
16046,16046,11
16047,16047,11
16048,16048,11
16049,16049,11
16050,16050,11
16051,16051,11
16052,16052,11
16053,16053,11
16054,16054,13
16055,16055,11
16056,16056,11
16057,16057,11
16058,16058,11
16059,16059,11
16060,16060,11
16061,16061,11
16062,16062,11
16063,16063,11
16064,16064,13
16065,16065,11
16066,16066,11
16067,16067,12
16068,16068,11
16069,16069,11
16070,16070,11
16071,16071,13
16072,16072,11
16073,16073,11
16074,16074,11
16075,16075,11
16076,16076,11
16077,16077,11
16078,16078,11
16079,16079,11
16080,16080,11
16081,16081,11
16082,16082,11
16083,16083,11
16084,16084,14
16085,16085,11
16086,16086,11
16087,16087,11
16088,16088,11
16089,16089,11
16090,16090,11
16091,16091,11
16092,16092,11
16093,16093,11
16094,16094,11
16095,16095,11
16096,16096,11
16097,16097,11
16098,16098,11
16099,16099,11
16100,16100,11
16101,16101,11
16102,16102,11
16103,16103,11
16104,16104,11
16105,16105,11
16106,16106,11
16107,16107,11
16108,16108,11
16109,16109,11
16110,16110,11
16111,16111,13
16112,16112,11
16113,16113,11
16114,16114,11
16115,16115,11
16116,16116,11
16117,16117,11
16118,16118,15
16119,16119,11
16120,16120,11
16121,16121,11
16122,16122,11
16123,16123,12
16124,16124,12
16125,16125,11
16126,16126,11
16127,16127,11
16128,16128,11
16129,16129,11
16130,16130,11
16131,16131,11
16132,16132,11
16133,16133,11
16134,16134,11
16135,16135,11
16136,16136,11
16137,16137,11
16138,16138,11
16139,16139,11
16140,16140,11
16141,16141,11
16142,16142,11
16143,16143,11
16144,16144,11
16145,16145,11
16146,16146,11
16147,16147,11
16148,16148,16
16149,16149,11
16150,16150,11
16151,16151,11
16152,16152,49
16153,16153,11
16154,16154,11
16155,16155,11
16156,16156,11
16157,16157,11
16158,16158,11
16159,16159,16
16160,16160,12
16161,16161,11
16162,16162,11
16163,16163,15
16164,16164,11
16165,16165,11
16166,16166,11
16167,16167,11
16168,16168,11
16169,16169,11
16170,16170,11
16171,16171,11
16172,16172,11
16173,16173,11
16174,16174,11
16175,16175,11
16176,16176,11
16177,16177,11
16178,16178,11
16179,16179,11
16180,16180,13
16181,16181,11
16182,16182,11
16183,16183,11
16184,16184,11
16185,16185,11
16186,16186,11
16187,16187,11
16188,16188,11
16189,16189,11
16190,16190,11
16191,16191,11
16192,16192,11
16193,16193,12
16194,16194,11
16195,16195,11
16196,16196,11
16197,16197,11
16198,16198,11
16199,16199,11
16200,16200,11
16201,16201,11
16202,16202,11
16203,16203,11
16204,16204,11
16205,16205,11
16206,16206,11
16207,16207,11
16208,16208,11
16209,16209,11
16210,16210,11
16211,16211,11
16212,16212,14
16213,16213,11
16214,16214,11
16215,16215,11
16216,16216,11
16217,16217,12
16218,16218,12
16219,16219,12
16220,16220,11
16221,16221,11
16222,16222,11
16223,16223,11
16224,16224,11
16225,16225,11
16226,16226,11
16227,16227,11
16228,16228,11
16229,16229,11
16230,16230,11
16231,16231,11
16232,16232,11
16233,16233,11
16234,16234,11
16235,16235,11
16236,16236,11
16237,16237,11
16238,16238,11
16239,16239,11
16240,16240,12
16241,16241,11
16242,16242,11
16243,16243,11
16244,16244,11
16245,16245,11
16246,16246,11
16247,16247,11
16248,16248,11
16249,16249,11
16250,16250,11
16251,16251,11
16252,16252,11
16253,16253,11
16254,16254,11
16255,16255,11
16256,16256,11
16257,16257,11
16258,16258,11
16259,16259,11
16260,16260,11
16261,16261,11
16262,16262,11
16263,16263,11
16264,16264,11
16265,16265,11
16266,16266,13
16267,16267,11
16268,16268,11
16269,16269,11
16270,16270,11
16271,16271,11
16272,16272,11
16273,16273,11
16274,16274,11
16275,16275,13
16276,16276,11
16277,16277,11
16278,16278,11
16279,16279,11
16280,16280,11
16281,16281,11
16282,16282,11
16283,16283,11
16284,16284,11
16285,16285,11
16286,16286,11
16287,16287,11
16288,16288,11
16289,16289,11
16290,16290,11
16291,16291,11
16292,16292,11
16293,16293,11
16294,16294,11
16295,16295,11
16296,16296,12
16297,16297,11
16298,16298,11
16299,16299,13
16300,16300,11
16301,16301,11
16302,16302,12
16303,16303,11
16304,16304,11
16305,16305,11
16306,16306,11
16307,16307,11
16308,16308,11
16309,16309,11
16310,16310,11
16311,16311,11
16312,16312,12
16313,16313,11
16314,16314,11
16315,16315,11
16316,16316,11
16317,16317,11
16318,16318,11
16319,16319,11
16320,16320,11
16321,16321,11
16322,16322,11
16323,16323,11
16324,16324,11
16325,16325,12
16326,16326,11
16327,16327,11
16328,16328,11
16329,16329,11
16330,16330,11
16331,16331,11
16332,16332,11
16333,16333,11
16334,16334,11
16335,16335,11
16336,16336,11
16337,16337,11
16338,16338,11
16339,16339,11
16340,16340,14
16341,16341,11
16342,16342,11
16343,16343,11
16344,16344,11
16345,16345,11
16346,16346,11
16347,16347,11
16348,16348,11
16349,16349,11
16350,16350,11
16351,16351,11
16352,16352,11
16353,16353,11
16354,16354,11
16355,16355,11
16356,16356,11
16357,16357,11
16358,16358,11
16359,16359,11
16360,16360,11
16361,16361,11
16362,16362,13
16363,16363,12
16364,16364,13
16365,16365,11
16366,16366,11
16367,16367,11
16368,16368,11
16369,16369,11
16370,16370,11
16371,16371,11
16372,16372,11
16373,16373,11
16374,16374,11
16375,16375,11
16376,16376,12
16377,16377,11
16378,16378,11
16379,16379,11
16380,16380,11
16381,16381,11
16382,16382,11
16383,16383,11
16384,16384,11
16385,16385,11
16386,16386,11
16387,16387,11
16388,16388,11
16389,16389,11
16390,16390,11
16391,16391,11
16392,16392,11
16393,16393,11
16394,16394,11
16395,16395,11
16396,16396,11
16397,16397,11
16398,16398,11
16399,16399,11
16400,16400,11
16401,16401,11
16402,16402,13
16403,16403,11
16404,16404,11
16405,16405,11
16406,16406,11
16407,16407,11
16408,16408,11
16409,16409,11
16410,16410,13
16411,16411,11
16412,16412,11
16413,16413,11
16414,16414,11
16415,16415,11
16416,16416,11
16417,16417,11
16418,16418,11
16419,16419,11
16420,16420,11
16421,16421,11
16422,16422,11
16423,16423,11
16424,16424,11
16425,16425,11
16426,16426,11
16427,16427,11
16428,16428,11
16429,16429,11
16430,16430,11
16431,16431,11
16432,16432,11
16433,16433,11
16434,16434,11
16435,16435,12
16436,16436,11
16437,16437,11
16438,16438,11
16439,16439,11
16440,16440,11
16441,16441,16
16442,16442,11
16443,16443,11
16444,16444,12
16445,16445,11
16446,16446,11
16447,16447,11
16448,16448,11
16449,16449,11
16450,16450,11
16451,16451,11
16452,16452,11
16453,16453,11
16454,16454,11
16455,16455,11
16456,16456,11
16457,16457,11
16458,16458,11
16459,16459,11
16460,16460,12
16461,16461,11
16462,16462,11
16463,16463,11
16464,16464,13
16465,16465,11
16466,16466,11
16467,16467,11
16468,16468,11
16469,16469,12
16470,16470,11
16471,16471,11
16472,16472,11
16473,16473,11
16474,16474,11
16475,16475,17
16476,16476,11
16477,16477,11
16478,16478,11
16479,16479,11
16480,16480,11
16481,16481,11
16482,16482,11
16483,16483,11
16484,16484,11
16485,16485,11
16486,16486,11
16487,16487,11
16488,16488,16
16489,16489,11
16490,16490,11
16491,16491,11
16492,16492,11
16493,16493,11
16494,16494,12
16495,16495,11
16496,16496,11
16497,16497,15
16498,16498,11
16499,16499,11
16500,16500,11
16501,16501,12
16502,16502,11
16503,16503,11
16504,16504,11
16505,16505,11
16506,16506,11
16507,16507,12
16508,16508,11
16509,16509,11
16510,16510,11
16511,16511,11
16512,16512,11
16513,16513,11
16514,16514,11
16515,16515,11
16516,16516,11
16517,16517,11
16518,16518,13
16519,16519,11
16520,16520,11
16521,16521,11
16522,16522,11
16523,16523,12
16524,16524,11
16525,16525,11
16526,16526,11
16527,16527,11
16528,16528,11
16529,16529,11
16530,16530,11
16531,16531,11
16532,16532,11
16533,16533,11
16534,16534,12
16535,16535,11
16536,16536,11
16537,16537,11
16538,16538,11
16539,16539,11
16540,16540,11
16541,16541,11
16542,16542,11
16543,16543,11
16544,16544,11
16545,16545,11
16546,16546,11
16547,16547,11
16548,16548,11
16549,16549,11
16550,16550,11
16551,16551,11
16552,16552,11
16553,16553,11
16554,16554,11
16555,16555,11
16556,16556,11
16557,16557,11
16558,16558,12
16559,16559,11
16560,16560,11
16561,16561,11
16562,16562,11
16563,16563,11
16564,16564,11
16565,16565,11
16566,16566,11
16567,16567,11
16568,16568,20
16569,16569,11
16570,16570,11
16571,16571,11
16572,16572,13
16573,16573,11
16574,16574,11
16575,16575,11
16576,16576,11
16577,16577,12
16578,16578,11
16579,16579,11
16580,16580,18
16581,16581,11
16582,16582,11
16583,16583,11
16584,16584,11
16585,16585,11
16586,16586,11
16587,16587,11
16588,16588,11
16589,16589,11
16590,16590,11
16591,16591,11
16592,16592,11
16593,16593,11
16594,16594,11
16595,16595,11
16596,16596,11
16597,16597,11
16598,16598,11
16599,16599,11
16600,16600,11
16601,16601,11
16602,16602,11
16603,16603,11
16604,16604,11
16605,16605,12
16606,16606,11
16607,16607,11
16608,16608,15
16609,16609,11
16610,16610,11
16611,16611,12
16612,16612,11
16613,16613,11
16614,16614,11
16615,16615,11
16616,16616,11
16617,16617,11
16618,16618,11
16619,16619,11
16620,16620,11
16621,16621,11
16622,16622,11
16623,16623,11
16624,16624,11
16625,16625,12
16626,16626,11
16627,16627,11
16628,16628,11
16629,16629,14
16630,16630,11
16631,16631,11
16632,16632,11
16633,16633,11
16634,16634,11
16635,16635,11
16636,16636,11
16637,16637,11
16638,16638,11
16639,16639,11
16640,16640,11
16641,16641,11
16642,16642,11
16643,16643,11
16644,16644,11
16645,16645,11
16646,16646,11
16647,16647,11
16648,16648,11
16649,16649,11
16650,16650,11
16651,16651,11
16652,16652,11
16653,16653,11
16654,16654,11
16655,16655,11
16656,16656,11
16657,16657,11
16658,16658,11
16659,16659,11
16660,16660,11
16661,16661,11
16662,16662,11
16663,16663,12
16664,16664,11
16665,16665,11
16666,16666,11
16667,16667,11
16668,16668,11
16669,16669,11
16670,16670,11
16671,16671,11
16672,16672,11
16673,16673,11
16674,16674,11
16675,16675,11
16676,16676,11
16677,16677,14
16678,16678,11
16679,16679,12
16680,16680,12
16681,16681,11
16682,16682,11
16683,16683,11
16684,16684,11
16685,16685,11
16686,16686,11
16687,16687,12
16688,16688,11
16689,16689,11
16690,16690,11
16691,16691,12
16692,16692,11
16693,16693,11
16694,16694,11
16695,16695,11
16696,16696,11
16697,16697,11
16698,16698,11
16699,16699,11
16700,16700,11
16701,16701,11
16702,16702,11
16703,16703,11
16704,16704,11
16705,16705,11
16706,16706,11
16707,16707,11
16708,16708,11
16709,16709,11
16710,16710,11
16711,16711,11
16712,16712,11
16713,16713,11
16714,16714,11
16715,16715,11
16716,16716,11
16717,16717,11
16718,16718,11
16719,16719,11
16720,16720,11
16721,16721,11
16722,16722,11
16723,16723,11
16724,16724,11
16725,16725,11
16726,16726,11
16727,16727,13
16728,16728,11
16729,16729,11
16730,16730,11
16731,16731,11
16732,16732,11
16733,16733,11
16734,16734,11
16735,16735,11
16736,16736,11
16737,16737,11
16738,16738,11
16739,16739,11
16740,16740,11
16741,16741,11
16742,16742,11
16743,16743,11
16744,16744,12
16745,16745,11
16746,16746,11
16747,16747,11
16748,16748,11
16749,16749,18
16750,16750,11
16751,16751,11
16752,16752,11
16753,16753,15
16754,16754,11
16755,16755,11
16756,16756,11
16757,16757,11
16758,16758,11
16759,16759,11
16760,16760,11
16761,16761,11
16762,16762,11
16763,16763,11
16764,16764,11
16765,16765,11
16766,16766,11
16767,16767,11
16768,16768,11
16769,16769,11
16770,16770,11
16771,16771,11
16772,16772,11
16773,16773,11
16774,16774,11
16775,16775,11
16776,16776,11
16777,16777,11
16778,16778,11
16779,16779,11
16780,16780,11
16781,16781,11
16782,16782,11
16783,16783,11
16784,16784,11
16785,16785,11
16786,16786,12
16787,16787,11
16788,16788,11
16789,16789,11
16790,16790,14
16791,16791,11
16792,16792,11
16793,16793,11
16794,16794,11
16795,16795,11
16796,16796,11
16797,16797,11
16798,16798,11
16799,16799,11
16800,16800,11
16801,16801,11
16802,16802,11
16803,16803,11
16804,16804,11
16805,16805,13
16806,16806,11
16807,16807,11
16808,16808,11
16809,16809,11
16810,16810,11
16811,16811,12
16812,16812,11
16813,16813,11
16814,16814,14
16815,16815,11
16816,16816,11
16817,16817,11
16818,16818,11
16819,16819,11
16820,16820,11
16821,16821,11
16822,16822,11
16823,16823,11
16824,16824,11
16825,16825,11
16826,16826,11
16827,16827,11
16828,16828,12
16829,16829,11
16830,16830,11
16831,16831,11
16832,16832,11
16833,16833,11
16834,16834,11
16835,16835,22
16836,16836,11
16837,16837,11
16838,16838,11
16839,16839,11
16840,16840,11
16841,16841,11
16842,16842,11
16843,16843,11
16844,16844,16
16845,16845,11
16846,16846,11
16847,16847,11
16848,16848,11
16849,16849,11
16850,16850,11
16851,16851,11
16852,16852,11
16853,16853,11
16854,16854,11
16855,16855,11
16856,16856,11
16857,16857,11
16858,16858,11
16859,16859,11
16860,16860,11
16861,16861,11
16862,16862,13
16863,16863,11
16864,16864,15
16865,16865,11
16866,16866,11
16867,16867,11
16868,16868,11
16869,16869,11
16870,16870,11
16871,16871,12
16872,16872,11
16873,16873,11
16874,16874,11
16875,16875,11
16876,16876,11
16877,16877,11
16878,16878,11
16879,16879,11
16880,16880,11
16881,16881,11
16882,16882,11
16883,16883,11
16884,16884,11
16885,16885,11
16886,16886,11
16887,16887,11
16888,16888,11
16889,16889,11
16890,16890,12
16891,16891,11
16892,16892,11
16893,16893,11
16894,16894,11
16895,16895,11
16896,16896,11
16897,16897,11
16898,16898,11
16899,16899,11
16900,16900,11
16901,16901,11
16902,16902,11
16903,16903,11
16904,16904,11
16905,16905,11
16906,16906,11
16907,16907,11
16908,16908,11
16909,16909,11
16910,16910,11
16911,16911,11
16912,16912,11
16913,16913,11
16914,16914,11
16915,16915,11
16916,16916,11
16917,16917,11
16918,16918,11
16919,16919,11
16920,16920,12
16921,16921,11
16922,16922,12
16923,16923,11
16924,16924,11
16925,16925,11
16926,16926,11
16927,16927,11
16928,16928,11
16929,16929,11
16930,16930,11
16931,16931,11
16932,16932,11
16933,16933,12
16934,16934,11
16935,16935,11
16936,16936,11
16937,16937,11
16938,16938,11
16939,16939,11
16940,16940,11
16941,16941,11
16942,16942,15
16943,16943,11
16944,16944,12
16945,16945,11
16946,16946,11
16947,16947,11
16948,16948,11
16949,16949,11
16950,16950,11
16951,16951,12
16952,16952,12
16953,16953,11
16954,16954,11
16955,16955,11
16956,16956,11
16957,16957,11
16958,16958,12
16959,16959,11
16960,16960,11
16961,16961,11
16962,16962,11
16963,16963,11
16964,16964,11
16965,16965,19
16966,16966,12
16967,16967,11
16968,16968,12
16969,16969,11
16970,16970,11
16971,16971,11
16972,16972,11
16973,16973,11
16974,16974,11
16975,16975,11
16976,16976,11
16977,16977,12
16978,16978,11
16979,16979,11
16980,16980,11
16981,16981,11
16982,16982,11
16983,16983,11
16984,16984,11
16985,16985,11
16986,16986,11
16987,16987,11
16988,16988,11
16989,16989,11
16990,16990,11
16991,16991,11
16992,16992,12
16993,16993,11
16994,16994,11
16995,16995,11
16996,16996,11
16997,16997,14
16998,16998,11
16999,16999,11
17000,17000,11
17001,17001,11
17002,17002,11
17003,17003,11
17004,17004,11
17005,17005,11
17006,17006,11
17007,17007,11
17008,17008,11
17009,17009,11
17010,17010,11
17011,17011,11
17012,17012,11
17013,17013,11
17014,17014,11
17015,17015,11
17016,17016,11
17017,17017,11
17018,17018,11
17019,17019,11
17020,17020,11
17021,17021,11
17022,17022,11
17023,17023,11
17024,17024,11
17025,17025,11
17026,17026,11
17027,17027,12
17028,17028,11
17029,17029,11
17030,17030,11
17031,17031,11
17032,17032,11
17033,17033,11
17034,17034,11
17035,17035,11
17036,17036,11
17037,17037,11
17038,17038,11
17039,17039,11
17040,17040,11
17041,17041,11
17042,17042,11
17043,17043,11
17044,17044,11
17045,17045,11
17046,17046,11
17047,17047,12
17048,17048,11
17049,17049,11
17050,17050,12
17051,17051,11
17052,17052,11
17053,17053,11
17054,17054,11
17055,17055,11
17056,17056,11
17057,17057,11
17058,17058,11
17059,17059,11
17060,17060,11
17061,17061,11
17062,17062,11
17063,17063,11
17064,17064,11
17065,17065,11
17066,17066,11
17067,17067,11
17068,17068,11
17069,17069,11
17070,17070,11
17071,17071,11
17072,17072,11
17073,17073,11
17074,17074,11
17075,17075,11
17076,17076,15
17077,17077,14
17078,17078,11
17079,17079,11
17080,17080,11
17081,17081,11
17082,17082,11
17083,17083,11
17084,17084,11
17085,17085,12
17086,17086,11
17087,17087,11
17088,17088,11
17089,17089,11
17090,17090,14
17091,17091,14
17092,17092,11
17093,17093,11
17094,17094,11
17095,17095,11
17096,17096,11
17097,17097,11
17098,17098,11
17099,17099,11
17100,17100,11
17101,17101,11
17102,17102,11
17103,17103,12
17104,17104,11
17105,17105,11
17106,17106,11
17107,17107,11
17108,17108,11
17109,17109,11
17110,17110,11
17111,17111,11
17112,17112,11
17113,17113,11
17114,17114,11
17115,17115,12
17116,17116,11
17117,17117,11
17118,17118,14
17119,17119,11
17120,17120,11
17121,17121,11
17122,17122,11
17123,17123,11
17124,17124,11
17125,17125,11
17126,17126,11
17127,17127,11
17128,17128,11
17129,17129,11
17130,17130,11
17131,17131,11
17132,17132,11
17133,17133,11
17134,17134,11
17135,17135,11
17136,17136,11
17137,17137,11
17138,17138,11
17139,17139,11
17140,17140,11
17141,17141,11
17142,17142,11
17143,17143,11
17144,17144,11
17145,17145,11
17146,17146,11
17147,17147,11
17148,17148,13
17149,17149,11
17150,17150,11
17151,17151,12
17152,17152,14
17153,17153,11
17154,17154,11
17155,17155,11
17156,17156,11
17157,17157,12
17158,17158,11
17159,17159,11
17160,17160,11
17161,17161,11
17162,17162,11
17163,17163,11
17164,17164,11
17165,17165,11
17166,17166,11
17167,17167,11
17168,17168,11
17169,17169,11
17170,17170,12
17171,17171,12
17172,17172,11
17173,17173,12
17174,17174,11
17175,17175,11
17176,17176,11
17177,17177,12
17178,17178,11
17179,17179,11
17180,17180,11
17181,17181,11
17182,17182,11
17183,17183,11
17184,17184,11
17185,17185,15
17186,17186,11
17187,17187,11
17188,17188,11
17189,17189,12
17190,17190,11
17191,17191,11
17192,17192,11
17193,17193,11
17194,17194,11
17195,17195,11
17196,17196,11
17197,17197,11
17198,17198,11
17199,17199,11
17200,17200,13
17201,17201,11
17202,17202,12
17203,17203,11
17204,17204,11
17205,17205,11
17206,17206,11
17207,17207,11
17208,17208,11
17209,17209,11
17210,17210,11
17211,17211,11
17212,17212,12
17213,17213,11
17214,17214,12
17215,17215,12
17216,17216,11
17217,17217,11
17218,17218,11
17219,17219,11
17220,17220,11
17221,17221,11
17222,17222,11
17223,17223,11
17224,17224,11
17225,17225,11
17226,17226,12
17227,17227,11
17228,17228,11
17229,17229,11
17230,17230,15
17231,17231,11
17232,17232,11
17233,17233,11
17234,17234,11
17235,17235,12
17236,17236,11
17237,17237,11
17238,17238,11
17239,17239,11
17240,17240,11
17241,17241,11
17242,17242,11
17243,17243,11
17244,17244,11
17245,17245,11
17246,17246,11
17247,17247,12
17248,17248,11
17249,17249,12
17250,17250,11
17251,17251,11
17252,17252,11
17253,17253,11
17254,17254,11
17255,17255,20
17256,17256,11
17257,17257,11
17258,17258,11
17259,17259,11
17260,17260,11
17261,17261,11
17262,17262,11
17263,17263,11
17264,17264,11
17265,17265,12
17266,17266,11
17267,17267,11
17268,17268,11
17269,17269,11
17270,17270,11
17271,17271,11
17272,17272,11
17273,17273,13
17274,17274,11
17275,17275,11
17276,17276,11
17277,17277,11
17278,17278,11
17279,17279,11
17280,17280,11
17281,17281,11
17282,17282,11
17283,17283,12
17284,17284,12
17285,17285,11
17286,17286,11
17287,17287,11
17288,17288,11
17289,17289,11
17290,17290,11
17291,17291,11
17292,17292,11
17293,17293,11
17294,17294,11
17295,17295,11
17296,17296,11
17297,17297,11
17298,17298,11
17299,17299,11
17300,17300,11
17301,17301,11
17302,17302,11
17303,17303,11
17304,17304,11
17305,17305,12
17306,17306,11
17307,17307,11
17308,17308,11
17309,17309,11
17310,17310,11
17311,17311,11
17312,17312,11
17313,17313,13
17314,17314,11
17315,17315,11
17316,17316,11
17317,17317,11
17318,17318,11
17319,17319,11
17320,17320,11
17321,17321,11
17322,17322,11
17323,17323,11
17324,17324,11
17325,17325,11
17326,17326,11
17327,17327,11
17328,17328,11
17329,17329,11
17330,17330,11
17331,17331,11
17332,17332,11
17333,17333,12
17334,17334,12
17335,17335,11
17336,17336,11
17337,17337,12
17338,17338,13
17339,17339,15
17340,17340,13
17341,17341,11
17342,17342,11
17343,17343,11
17344,17344,11
17345,17345,11
17346,17346,11
17347,17347,11
17348,17348,11
17349,17349,11
17350,17350,11
17351,17351,11
17352,17352,11
17353,17353,11
17354,17354,11
17355,17355,11
17356,17356,11
17357,17357,11
17358,17358,11
17359,17359,11
17360,17360,12
17361,17361,11
17362,17362,11
17363,17363,11
17364,17364,11
17365,17365,11
17366,17366,11
17367,17367,11
17368,17368,11
17369,17369,11
17370,17370,11
17371,17371,11
17372,17372,11
17373,17373,11
17374,17374,11
17375,17375,11
17376,17376,11
17377,17377,11
17378,17378,11
17379,17379,11
17380,17380,11
17381,17381,11
17382,17382,13
17383,17383,11
17384,17384,11
17385,17385,11
17386,17386,11
17387,17387,11
17388,17388,11
17389,17389,12
17390,17390,12
17391,17391,11
17392,17392,11
17393,17393,11
17394,17394,11
17395,17395,11
17396,17396,11
17397,17397,11
17398,17398,11
17399,17399,11
17400,17400,11
17401,17401,11
17402,17402,11
17403,17403,11
17404,17404,11
17405,17405,11
17406,17406,11
17407,17407,11
17408,17408,11
17409,17409,11
17410,17410,11
17411,17411,11
17412,17412,11
17413,17413,11
17414,17414,11
17415,17415,11
17416,17416,11
17417,17417,12
17418,17418,11
17419,17419,11
17420,17420,11
17421,17421,11
17422,17422,15
17423,17423,11
17424,17424,11
17425,17425,11
17426,17426,11
17427,17427,28
17428,17428,12
17429,17429,11
17430,17430,11
17431,17431,11
17432,17432,11
17433,17433,12
17434,17434,11
17435,17435,11
17436,17436,11
17437,17437,11
17438,17438,11
17439,17439,11
17440,17440,11
17441,17441,11
17442,17442,11
17443,17443,11
17444,17444,11
17445,17445,11
17446,17446,11
17447,17447,11
17448,17448,11
17449,17449,11
17450,17450,11
17451,17451,11
17452,17452,11
17453,17453,11
17454,17454,11
17455,17455,11
17456,17456,11
17457,17457,11
17458,17458,13
17459,17459,11
17460,17460,11
17461,17461,11
17462,17462,11
17463,17463,11
17464,17464,12
17465,17465,11
17466,17466,11
17467,17467,11
17468,17468,11
17469,17469,11
17470,17470,11
17471,17471,11
17472,17472,11
17473,17473,11
17474,17474,11
17475,17475,11
17476,17476,11
17477,17477,11
17478,17478,11
17479,17479,11
17480,17480,11
17481,17481,11
17482,17482,11
17483,17483,12
17484,17484,16
17485,17485,11
17486,17486,11
17487,17487,11
17488,17488,11
17489,17489,11
17490,17490,12
17491,17491,11
17492,17492,11
17493,17493,11
17494,17494,11
17495,17495,11
17496,17496,11
17497,17497,11
17498,17498,11
17499,17499,11
17500,17500,11
17501,17501,12
17502,17502,12
17503,17503,14
17504,17504,11
17505,17505,11
17506,17506,11
17507,17507,11
17508,17508,11
17509,17509,11
17510,17510,11
17511,17511,12
17512,17512,11
17513,17513,11
17514,17514,11
17515,17515,11
17516,17516,11
17517,17517,11
17518,17518,11
17519,17519,11
17520,17520,11
17521,17521,11
17522,17522,11
17523,17523,12
17524,17524,11
17525,17525,11
17526,17526,11
17527,17527,12
17528,17528,12
17529,17529,11
17530,17530,11
17531,17531,11
17532,17532,11
17533,17533,11
17534,17534,11
17535,17535,11
17536,17536,11
17537,17537,12
17538,17538,11
17539,17539,11
17540,17540,11
17541,17541,11
17542,17542,11
17543,17543,11
17544,17544,13
17545,17545,11
17546,17546,11
17547,17547,11
17548,17548,12
17549,17549,11
17550,17550,11
17551,17551,11
17552,17552,11
17553,17553,11
17554,17554,11
17555,17555,11
17556,17556,11
17557,17557,11
17558,17558,12
17559,17559,11
17560,17560,11
17561,17561,11
17562,17562,17
17563,17563,11
17564,17564,11
17565,17565,11
17566,17566,11
17567,17567,11
17568,17568,11
17569,17569,11
17570,17570,11
17571,17571,11
17572,17572,11
17573,17573,11
17574,17574,11
17575,17575,11
17576,17576,11
17577,17577,11
17578,17578,11
17579,17579,11
17580,17580,11
17581,17581,11
17582,17582,11
17583,17583,11
17584,17584,11
17585,17585,15
17586,17586,11
17587,17587,11
17588,17588,11
17589,17589,11
17590,17590,11
17591,17591,11
17592,17592,11
17593,17593,11
17594,17594,11
17595,17595,12
17596,17596,11
17597,17597,11
17598,17598,11
17599,17599,11
17600,17600,11
17601,17601,11
17602,17602,11
17603,17603,11
17604,17604,11
17605,17605,11
17606,17606,11
17607,17607,11
17608,17608,11
17609,17609,11
17610,17610,11
17611,17611,11
17612,17612,11
17613,17613,14
17614,17614,11
17615,17615,11
17616,17616,11
17617,17617,11
17618,17618,12
17619,17619,11
17620,17620,11
17621,17621,13
17622,17622,13
17623,17623,11
17624,17624,11
17625,17625,11
17626,17626,11
17627,17627,11
17628,17628,11
17629,17629,11
17630,17630,13
17631,17631,11
17632,17632,11
17633,17633,11
17634,17634,11
17635,17635,11
17636,17636,11
17637,17637,11
17638,17638,11
17639,17639,11
17640,17640,11
17641,17641,11
17642,17642,11
17643,17643,11
17644,17644,11
17645,17645,11
17646,17646,11
17647,17647,11
17648,17648,12
17649,17649,11
17650,17650,11
17651,17651,11
17652,17652,11
17653,17653,11
17654,17654,11
17655,17655,11
17656,17656,11
17657,17657,11
17658,17658,11
17659,17659,11
17660,17660,11
17661,17661,11
17662,17662,11
17663,17663,11
17664,17664,11
17665,17665,11
17666,17666,11
17667,17667,11
17668,17668,11
17669,17669,11
17670,17670,11
17671,17671,11
17672,17672,11
17673,17673,11
17674,17674,11
17675,17675,11
17676,17676,11
17677,17677,11
17678,17678,11
17679,17679,11
17680,17680,11
17681,17681,11
17682,17682,11
17683,17683,11
17684,17684,11
17685,17685,11
17686,17686,11
17687,17687,11
17688,17688,11
17689,17689,11
17690,17690,11
17691,17691,11
17692,17692,11
17693,17693,11
17694,17694,11
17695,17695,11
17696,17696,18
17697,17697,11
17698,17698,11
17699,17699,11
17700,17700,11
17701,17701,12
17702,17702,11
17703,17703,11
17704,17704,11
17705,17705,11
17706,17706,11
17707,17707,11
17708,17708,11
17709,17709,11
17710,17710,11
17711,17711,11
17712,17712,11
17713,17713,12
17714,17714,11
17715,17715,11
17716,17716,11
17717,17717,11
17718,17718,11
17719,17719,11
17720,17720,11
17721,17721,11
17722,17722,11
17723,17723,11
17724,17724,11
17725,17725,11
17726,17726,11
17727,17727,11
17728,17728,11
17729,17729,14
17730,17730,11
17731,17731,11
17732,17732,11
17733,17733,11
17734,17734,11
17735,17735,11
17736,17736,11
17737,17737,11
17738,17738,11
17739,17739,11
17740,17740,20
17741,17741,12
17742,17742,11
17743,17743,11
17744,17744,11
17745,17745,11
17746,17746,18
17747,17747,11
17748,17748,11
17749,17749,11
17750,17750,11
17751,17751,11
17752,17752,11
17753,17753,11
17754,17754,11
17755,17755,11
17756,17756,11
17757,17757,11
17758,17758,11
17759,17759,11
17760,17760,11
17761,17761,17
17762,17762,11
17763,17763,11
17764,17764,11
17765,17765,11
17766,17766,11
17767,17767,12
17768,17768,11
17769,17769,11
17770,17770,11
17771,17771,11
17772,17772,11
17773,17773,11
17774,17774,11
17775,17775,11
17776,17776,11
17777,17777,11
17778,17778,11
17779,17779,12
17780,17780,11
17781,17781,11
17782,17782,11
17783,17783,11
17784,17784,11
17785,17785,11
17786,17786,12
17787,17787,11
17788,17788,11
17789,17789,11
17790,17790,13
17791,17791,11
17792,17792,11
17793,17793,11
17794,17794,11
17795,17795,11
17796,17796,11
17797,17797,11
17798,17798,11
17799,17799,11
17800,17800,11
17801,17801,11
17802,17802,11
17803,17803,12
17804,17804,11
17805,17805,11
17806,17806,11
17807,17807,11
17808,17808,11
17809,17809,11
17810,17810,11
17811,17811,11
17812,17812,14
17813,17813,11
17814,17814,11
17815,17815,11
17816,17816,11
17817,17817,11
17818,17818,11
17819,17819,11
17820,17820,11
17821,17821,11
17822,17822,11
17823,17823,11
17824,17824,13
17825,17825,11
17826,17826,11
17827,17827,12
17828,17828,11
17829,17829,11
17830,17830,11
17831,17831,12
17832,17832,11
17833,17833,13
17834,17834,11
17835,17835,11
17836,17836,11
17837,17837,11
17838,17838,11
17839,17839,11
17840,17840,11
17841,17841,11
17842,17842,11
17843,17843,11
17844,17844,11
17845,17845,11
17846,17846,13
17847,17847,13
17848,17848,11
17849,17849,11
17850,17850,12
17851,17851,11
17852,17852,11
17853,17853,11
17854,17854,11
17855,17855,11
17856,17856,11
17857,17857,11
17858,17858,11
17859,17859,11
17860,17860,11
17861,17861,11
17862,17862,11
17863,17863,11
17864,17864,11
17865,17865,11
17866,17866,11
17867,17867,12
17868,17868,13
17869,17869,11
17870,17870,11
17871,17871,11
17872,17872,11
17873,17873,11
17874,17874,11
17875,17875,11
17876,17876,11
17877,17877,11
17878,17878,12
17879,17879,11
17880,17880,11
17881,17881,11
17882,17882,11
17883,17883,11
17884,17884,12
17885,17885,11
17886,17886,11
17887,17887,11
17888,17888,11
17889,17889,11
17890,17890,11
17891,17891,11
17892,17892,11
17893,17893,11
17894,17894,12
17895,17895,11
17896,17896,11
17897,17897,11
17898,17898,11
17899,17899,11
17900,17900,11
17901,17901,11
17902,17902,12
17903,17903,11
17904,17904,11
17905,17905,11
17906,17906,11
17907,17907,11
17908,17908,11
17909,17909,11
17910,17910,11
17911,17911,11
17912,17912,11
17913,17913,11
17914,17914,11
17915,17915,11
17916,17916,11
17917,17917,11
17918,17918,13
17919,17919,11
17920,17920,11
17921,17921,11
17922,17922,11
17923,17923,11
17924,17924,11
17925,17925,11
17926,17926,11
17927,17927,11
17928,17928,11
17929,17929,11
17930,17930,11
17931,17931,11
17932,17932,11
17933,17933,11
17934,17934,11
17935,17935,11
17936,17936,11
17937,17937,11
17938,17938,11
17939,17939,11
17940,17940,19
17941,17941,11
17942,17942,11
17943,17943,11
17944,17944,11
17945,17945,11
17946,17946,11
17947,17947,11
17948,17948,11
17949,17949,11
17950,17950,11
17951,17951,11
17952,17952,11
17953,17953,11
17954,17954,11
17955,17955,11
17956,17956,11
17957,17957,11
17958,17958,11
17959,17959,11
17960,17960,11
17961,17961,11
17962,17962,11
17963,17963,11
17964,17964,11
17965,17965,12
17966,17966,11
17967,17967,11
17968,17968,11
17969,17969,11
17970,17970,11
17971,17971,11
17972,17972,11
17973,17973,11
17974,17974,11
17975,17975,11
17976,17976,11
17977,17977,11
17978,17978,11
17979,17979,11
17980,17980,11
17981,17981,11
17982,17982,11
17983,17983,11
17984,17984,11
17985,17985,11
17986,17986,11
17987,17987,11
17988,17988,11
17989,17989,11
17990,17990,11
17991,17991,11
17992,17992,11
17993,17993,11
17994,17994,11
17995,17995,11
17996,17996,11
17997,17997,11
17998,17998,11
17999,17999,11
18000,18000,11
18001,18001,12
18002,18002,11
18003,18003,11
18004,18004,11
18005,18005,11
18006,18006,11
18007,18007,11
18008,18008,14
18009,18009,11
18010,18010,11
18011,18011,11
18012,18012,11
18013,18013,11
18014,18014,21
18015,18015,11
18016,18016,11
18017,18017,12
18018,18018,11
18019,18019,11
18020,18020,11
18021,18021,11
18022,18022,12
18023,18023,11
18024,18024,11
18025,18025,11
18026,18026,13
18027,18027,11
18028,18028,11
18029,18029,11
18030,18030,11
18031,18031,11
18032,18032,11
18033,18033,12
18034,18034,12
18035,18035,14
18036,18036,11
18037,18037,11
18038,18038,11
18039,18039,11
18040,18040,11
18041,18041,11
18042,18042,11
18043,18043,11
18044,18044,11
18045,18045,12
18046,18046,11
18047,18047,11
18048,18048,11
18049,18049,14
18050,18050,11
18051,18051,11
18052,18052,11
18053,18053,11
18054,18054,12
18055,18055,11
18056,18056,13
18057,18057,12
18058,18058,11
18059,18059,11
18060,18060,11
18061,18061,11
18062,18062,11
18063,18063,11
18064,18064,11
18065,18065,11
18066,18066,11
18067,18067,11
18068,18068,13
18069,18069,11
18070,18070,11
18071,18071,11
18072,18072,11
18073,18073,11
18074,18074,11
18075,18075,11
18076,18076,11
18077,18077,11
18078,18078,11
18079,18079,11
18080,18080,11
18081,18081,11
18082,18082,11
18083,18083,11
18084,18084,11
18085,18085,11
18086,18086,11
18087,18087,11
18088,18088,12
18089,18089,11
18090,18090,11
18091,18091,11
18092,18092,11
18093,18093,11
18094,18094,11
18095,18095,11
18096,18096,11
18097,18097,11
18098,18098,11
18099,18099,11
18100,18100,11
18101,18101,11
18102,18102,12
18103,18103,11
18104,18104,12
18105,18105,11
18106,18106,11
18107,18107,11
18108,18108,11
18109,18109,13
18110,18110,11
18111,18111,11
18112,18112,11
18113,18113,11
18114,18114,11
18115,18115,11
18116,18116,11
18117,18117,11
18118,18118,11
18119,18119,11
18120,18120,11
18121,18121,11
18122,18122,11
18123,18123,12
18124,18124,11
18125,18125,11
18126,18126,11
18127,18127,11
18128,18128,11
18129,18129,13
18130,18130,11
18131,18131,18
18132,18132,11
18133,18133,11
18134,18134,11
18135,18135,11
18136,18136,12
18137,18137,11
18138,18138,11
18139,18139,11
18140,18140,11
18141,18141,11
18142,18142,13
18143,18143,11
18144,18144,11
18145,18145,11
18146,18146,11
18147,18147,11
18148,18148,11
18149,18149,11
18150,18150,11
18151,18151,11
18152,18152,11
18153,18153,11
18154,18154,11
18155,18155,11
18156,18156,13
18157,18157,11
18158,18158,11
18159,18159,11
18160,18160,11
18161,18161,11
18162,18162,11
18163,18163,11
18164,18164,11
18165,18165,11
18166,18166,11
18167,18167,11
18168,18168,11
18169,18169,12
18170,18170,11
18171,18171,11
18172,18172,11
18173,18173,11
18174,18174,11
18175,18175,11
18176,18176,11
18177,18177,11
18178,18178,11
18179,18179,11
18180,18180,12
18181,18181,11
18182,18182,13
18183,18183,11
18184,18184,11
18185,18185,11
18186,18186,11
18187,18187,11
18188,18188,11
18189,18189,11
18190,18190,13
18191,18191,12
18192,18192,12
18193,18193,11
18194,18194,11
18195,18195,14
18196,18196,11
18197,18197,11
18198,18198,11
18199,18199,11
18200,18200,12
18201,18201,11
18202,18202,11
18203,18203,11
18204,18204,11
18205,18205,12
18206,18206,11
18207,18207,11
18208,18208,11
18209,18209,11
18210,18210,12
18211,18211,11
18212,18212,11
18213,18213,11
18214,18214,11
18215,18215,11
18216,18216,11
18217,18217,11
18218,18218,11
18219,18219,11
18220,18220,18
18221,18221,11
18222,18222,11
18223,18223,11
18224,18224,11
18225,18225,11
18226,18226,11
18227,18227,12
18228,18228,11
18229,18229,11
18230,18230,11
18231,18231,11
18232,18232,11
18233,18233,11
18234,18234,11
18235,18235,11
18236,18236,11
18237,18237,11
18238,18238,11
18239,18239,11
18240,18240,11
18241,18241,11
18242,18242,11
18243,18243,11
18244,18244,11
18245,18245,11
18246,18246,11
18247,18247,11
18248,18248,11
18249,18249,11
18250,18250,11
18251,18251,11
18252,18252,11
18253,18253,11
18254,18254,11
18255,18255,11
18256,18256,11
18257,18257,11
18258,18258,11
18259,18259,11
18260,18260,11
18261,18261,11
18262,18262,11
18263,18263,11
18264,18264,11
18265,18265,11
18266,18266,12
18267,18267,11
18268,18268,11
18269,18269,11
18270,18270,12
18271,18271,11
18272,18272,11
18273,18273,11
18274,18274,11
18275,18275,11
18276,18276,11
18277,18277,11
18278,18278,11
18279,18279,11
18280,18280,11
18281,18281,11
18282,18282,11
18283,18283,11
18284,18284,11
18285,18285,11
18286,18286,11
18287,18287,11
18288,18288,11
18289,18289,11
18290,18290,11
18291,18291,11
18292,18292,11
18293,18293,13
18294,18294,11
18295,18295,11
18296,18296,12
18297,18297,11
18298,18298,11
18299,18299,13
18300,18300,12
18301,18301,11
18302,18302,11
18303,18303,11
18304,18304,11
18305,18305,11
18306,18306,12
18307,18307,11
18308,18308,11
18309,18309,11
18310,18310,11
18311,18311,12
18312,18312,12
18313,18313,11
18314,18314,11
18315,18315,11
18316,18316,11
18317,18317,11
18318,18318,12
18319,18319,11
18320,18320,11
18321,18321,11
18322,18322,11
18323,18323,11
18324,18324,11
18325,18325,12
18326,18326,11
18327,18327,11
18328,18328,11
18329,18329,11
18330,18330,12
18331,18331,11
18332,18332,11
18333,18333,11
18334,18334,11
18335,18335,11
18336,18336,11
18337,18337,11
18338,18338,11
18339,18339,11
18340,18340,11
18341,18341,11
18342,18342,11
18343,18343,11
18344,18344,14
18345,18345,11
18346,18346,11
18347,18347,11
18348,18348,11
18349,18349,11
18350,18350,11
18351,18351,11
18352,18352,11
18353,18353,11
18354,18354,11
18355,18355,11
18356,18356,11
18357,18357,11
18358,18358,13
18359,18359,15
18360,18360,11
18361,18361,11
18362,18362,12
18363,18363,11
18364,18364,11
18365,18365,11
18366,18366,11
18367,18367,11
18368,18368,11
18369,18369,11
18370,18370,11
18371,18371,11
18372,18372,11
18373,18373,11
18374,18374,11
18375,18375,11
18376,18376,12
18377,18377,11
18378,18378,11
18379,18379,11
18380,18380,11
18381,18381,11
18382,18382,11
18383,18383,11
18384,18384,11
18385,18385,11
18386,18386,11
18387,18387,11
18388,18388,11
18389,18389,11
18390,18390,11
18391,18391,11
18392,18392,11
18393,18393,11
18394,18394,12
18395,18395,11
18396,18396,11
18397,18397,11
18398,18398,11
18399,18399,11
18400,18400,11
18401,18401,11
18402,18402,11
18403,18403,11
18404,18404,11
18405,18405,11
18406,18406,11
18407,18407,11
18408,18408,11
18409,18409,11
18410,18410,12
18411,18411,11
18412,18412,11
18413,18413,12
18414,18414,11
18415,18415,11
18416,18416,11
18417,18417,11
18418,18418,11
18419,18419,11
18420,18420,13
18421,18421,11
18422,18422,11
18423,18423,11
18424,18424,11
18425,18425,11
18426,18426,11
18427,18427,11
18428,18428,11
18429,18429,11
18430,18430,12
18431,18431,11
18432,18432,11
18433,18433,11
18434,18434,11
18435,18435,11
18436,18436,11
18437,18437,11
18438,18438,12
18439,18439,11
18440,18440,11
18441,18441,13
18442,18442,11
18443,18443,11
18444,18444,11
18445,18445,11
18446,18446,11
18447,18447,11
18448,18448,11
18449,18449,11
18450,18450,16
18451,18451,11
18452,18452,11
18453,18453,11
18454,18454,11
18455,18455,11
18456,18456,11
18457,18457,11
18458,18458,12
18459,18459,12
18460,18460,11
18461,18461,11
18462,18462,11
18463,18463,11
18464,18464,11
18465,18465,11
18466,18466,11
18467,18467,11
18468,18468,11
18469,18469,11
18470,18470,16
18471,18471,11
18472,18472,11
18473,18473,11
18474,18474,11
18475,18475,11
18476,18476,18
18477,18477,15
18478,18478,11
18479,18479,11
18480,18480,11
18481,18481,11
18482,18482,11
18483,18483,11
18484,18484,12
18485,18485,11
18486,18486,11
18487,18487,11
18488,18488,11
18489,18489,11
18490,18490,18
18491,18491,11
18492,18492,11
18493,18493,11
18494,18494,11
18495,18495,11
18496,18496,12
18497,18497,11
18498,18498,11
18499,18499,11
18500,18500,12
18501,18501,11
18502,18502,11
18503,18503,11
18504,18504,11
18505,18505,11
18506,18506,11
18507,18507,12
18508,18508,11
18509,18509,11
18510,18510,11
18511,18511,11
18512,18512,11
18513,18513,11
18514,18514,11
18515,18515,11
18516,18516,11
18517,18517,11
18518,18518,11
18519,18519,11
18520,18520,11
18521,18521,11
18522,18522,11
18523,18523,11
18524,18524,11
18525,18525,11
18526,18526,11
18527,18527,11
18528,18528,11
18529,18529,11
18530,18530,11
18531,18531,11
18532,18532,11
18533,18533,11
18534,18534,11
18535,18535,11
18536,18536,11
18537,18537,11
18538,18538,11
18539,18539,11
18540,18540,14
18541,18541,11
18542,18542,23
18543,18543,11
18544,18544,11
18545,18545,11
18546,18546,11
18547,18547,11
18548,18548,11
18549,18549,11
18550,18550,11
18551,18551,11
18552,18552,11
18553,18553,12
18554,18554,11
18555,18555,11
18556,18556,11
18557,18557,11
18558,18558,12
18559,18559,11
18560,18560,11
18561,18561,11
18562,18562,11
18563,18563,11
18564,18564,11
18565,18565,12
18566,18566,11
18567,18567,11
18568,18568,11
18569,18569,11
18570,18570,12
18571,18571,12
18572,18572,11
18573,18573,11
18574,18574,11
18575,18575,12
18576,18576,11
18577,18577,12
18578,18578,14
18579,18579,11
18580,18580,11
18581,18581,12
18582,18582,11
18583,18583,11
18584,18584,11
18585,18585,11
18586,18586,11
18587,18587,11
18588,18588,11
18589,18589,11
18590,18590,11
18591,18591,11
18592,18592,11
18593,18593,15
18594,18594,11
18595,18595,11
18596,18596,11
18597,18597,11
18598,18598,11
18599,18599,11
18600,18600,11
18601,18601,11
18602,18602,12
18603,18603,11
18604,18604,11
18605,18605,11
18606,18606,11
18607,18607,11
18608,18608,11
18609,18609,12
18610,18610,11
18611,18611,11
18612,18612,11
18613,18613,11
18614,18614,11
18615,18615,12
18616,18616,11
18617,18617,11
18618,18618,15
18619,18619,11
18620,18620,11
18621,18621,11
18622,18622,12
18623,18623,11
18624,18624,11
18625,18625,11
18626,18626,18
18627,18627,11
18628,18628,11
18629,18629,11
18630,18630,11
18631,18631,11
18632,18632,11
18633,18633,11
18634,18634,11
18635,18635,19
18636,18636,11
18637,18637,11
18638,18638,11
18639,18639,11
18640,18640,11
18641,18641,11
18642,18642,11
18643,18643,11
18644,18644,11
18645,18645,12
18646,18646,11
18647,18647,11
18648,18648,11
18649,18649,11
18650,18650,14
18651,18651,11
18652,18652,11
18653,18653,11
18654,18654,11
18655,18655,11
18656,18656,11
18657,18657,11
18658,18658,12
18659,18659,11
18660,18660,11
18661,18661,11
18662,18662,11
18663,18663,12
18664,18664,11
18665,18665,11
18666,18666,11
18667,18667,11
18668,18668,11
18669,18669,11
18670,18670,11
18671,18671,11
18672,18672,11
18673,18673,12
18674,18674,11
18675,18675,11
18676,18676,11
18677,18677,11
18678,18678,11
18679,18679,11
18680,18680,11
18681,18681,11
18682,18682,12
18683,18683,11
18684,18684,11
18685,18685,11
18686,18686,11
18687,18687,11
18688,18688,11
18689,18689,11
18690,18690,11
18691,18691,11
18692,18692,11
18693,18693,11
18694,18694,11
18695,18695,11
18696,18696,11
18697,18697,30
18698,18698,11
18699,18699,11
18700,18700,11
18701,18701,11
18702,18702,11
18703,18703,11
18704,18704,11
18705,18705,11
18706,18706,16
18707,18707,11
18708,18708,11
18709,18709,12
18710,18710,11
18711,18711,11
18712,18712,11
18713,18713,17
18714,18714,11
18715,18715,11
18716,18716,11
18717,18717,11
18718,18718,11
18719,18719,11
18720,18720,12
18721,18721,11
18722,18722,11
18723,18723,11
18724,18724,11
18725,18725,11
18726,18726,11
18727,18727,12
18728,18728,11
18729,18729,11
18730,18730,11
18731,18731,11
18732,18732,11
18733,18733,11
18734,18734,11
18735,18735,11
18736,18736,11
18737,18737,11
18738,18738,11
18739,18739,11
18740,18740,12
18741,18741,11
18742,18742,11
18743,18743,11
18744,18744,11
18745,18745,11
18746,18746,11
18747,18747,13
18748,18748,11
18749,18749,11
18750,18750,11
18751,18751,11
18752,18752,11
18753,18753,11
18754,18754,11
18755,18755,11
18756,18756,11
18757,18757,11
18758,18758,11
18759,18759,11
18760,18760,11
18761,18761,11
18762,18762,11
18763,18763,11
18764,18764,11
18765,18765,11
18766,18766,11
18767,18767,11
18768,18768,11
18769,18769,11
18770,18770,11
18771,18771,11
18772,18772,11
18773,18773,11
18774,18774,11
18775,18775,11
18776,18776,11
18777,18777,11
18778,18778,11
18779,18779,11
18780,18780,11
18781,18781,11
18782,18782,11
18783,18783,11
18784,18784,11
18785,18785,11
18786,18786,11
18787,18787,13
18788,18788,11
18789,18789,11
18790,18790,11
18791,18791,11
18792,18792,11
18793,18793,11
18794,18794,11
18795,18795,11
18796,18796,11
18797,18797,11
18798,18798,11
18799,18799,11
18800,18800,14
18801,18801,11
18802,18802,11
18803,18803,11
18804,18804,11
18805,18805,11
18806,18806,11
18807,18807,11
18808,18808,11
18809,18809,11
18810,18810,11
18811,18811,11
18812,18812,17
18813,18813,11
18814,18814,11
18815,18815,11
18816,18816,11
18817,18817,11
18818,18818,13
18819,18819,13
18820,18820,11
18821,18821,11
18822,18822,14
18823,18823,11
18824,18824,11
18825,18825,11
18826,18826,11
18827,18827,11
18828,18828,11
18829,18829,13
18830,18830,11
18831,18831,11
18832,18832,11
18833,18833,11
18834,18834,11
18835,18835,11
18836,18836,11
18837,18837,11
18838,18838,12
18839,18839,11
18840,18840,11
18841,18841,11
18842,18842,11
18843,18843,11
18844,18844,11
18845,18845,11
18846,18846,11
18847,18847,11
18848,18848,11
18849,18849,11
18850,18850,11
18851,18851,11
18852,18852,14
18853,18853,11
18854,18854,11
18855,18855,11
18856,18856,11
18857,18857,12
18858,18858,11
18859,18859,11
18860,18860,11
18861,18861,12
18862,18862,12
18863,18863,11
18864,18864,11
18865,18865,11
18866,18866,11
18867,18867,11
18868,18868,11
18869,18869,13
18870,18870,11
18871,18871,11
18872,18872,11
18873,18873,11
18874,18874,11
18875,18875,12
18876,18876,11
18877,18877,11
18878,18878,11
18879,18879,11
18880,18880,11
18881,18881,11
18882,18882,11
18883,18883,11
18884,18884,11
18885,18885,11
18886,18886,11
18887,18887,11
18888,18888,11
18889,18889,11
18890,18890,11
18891,18891,11
18892,18892,11
18893,18893,11
18894,18894,11
18895,18895,11
18896,18896,11
18897,18897,11
18898,18898,11
18899,18899,11
18900,18900,11
18901,18901,11
18902,18902,11
18903,18903,11
18904,18904,11
18905,18905,11
18906,18906,11
18907,18907,11
18908,18908,11
18909,18909,11
18910,18910,20
18911,18911,11
18912,18912,11
18913,18913,12
18914,18914,11
18915,18915,11
18916,18916,11
18917,18917,11
18918,18918,11
18919,18919,11
18920,18920,13
18921,18921,11
18922,18922,11
18923,18923,11
18924,18924,11
18925,18925,11
18926,18926,11
18927,18927,11
18928,18928,11
18929,18929,11
18930,18930,11
18931,18931,18
18932,18932,11
18933,18933,11
18934,18934,11
18935,18935,11
18936,18936,12
18937,18937,11
18938,18938,11
18939,18939,11
18940,18940,11
18941,18941,11
18942,18942,11
18943,18943,11
18944,18944,11
18945,18945,12
18946,18946,11
18947,18947,11
18948,18948,11
18949,18949,11
18950,18950,11
18951,18951,11
18952,18952,11
18953,18953,12
18954,18954,11
18955,18955,11
18956,18956,11
18957,18957,11
18958,18958,11
18959,18959,11
18960,18960,11
18961,18961,11
18962,18962,11
18963,18963,11
18964,18964,11
18965,18965,14
18966,18966,12
18967,18967,11
18968,18968,11
18969,18969,11
18970,18970,12
18971,18971,11
18972,18972,11
18973,18973,11
18974,18974,11
18975,18975,12
18976,18976,11
18977,18977,11
18978,18978,11
18979,18979,11
18980,18980,11
18981,18981,11
18982,18982,11
18983,18983,11
18984,18984,11
18985,18985,11
18986,18986,11
18987,18987,11
18988,18988,12
18989,18989,11
18990,18990,11
18991,18991,11
18992,18992,11
18993,18993,11
18994,18994,11
18995,18995,11
18996,18996,11
18997,18997,11
18998,18998,11
18999,18999,11
19000,19000,11
19001,19001,11
19002,19002,11
19003,19003,11
19004,19004,11
19005,19005,11
19006,19006,11
19007,19007,11
19008,19008,11
19009,19009,11
19010,19010,11
19011,19011,11
19012,19012,11
19013,19013,11
19014,19014,11
19015,19015,11
19016,19016,11
19017,19017,11
19018,19018,11
19019,19019,11
19020,19020,11
19021,19021,11
19022,19022,11
19023,19023,11
19024,19024,11
19025,19025,11
19026,19026,11
19027,19027,11
19028,19028,11
19029,19029,11
19030,19030,11
19031,19031,11
19032,19032,11
19033,19033,11
19034,19034,11
19035,19035,11
19036,19036,11
19037,19037,11
19038,19038,11
19039,19039,11
19040,19040,11
19041,19041,11
19042,19042,11
19043,19043,15
19044,19044,11
19045,19045,11
19046,19046,11
19047,19047,11
19048,19048,11
19049,19049,11
19050,19050,11
19051,19051,11
19052,19052,11
19053,19053,42
19054,19054,11
19055,19055,11
19056,19056,11
19057,19057,11
19058,19058,11
19059,19059,11
19060,19060,11
19061,19061,11
19062,19062,11
19063,19063,11
19064,19064,11
19065,19065,11
19066,19066,11
19067,19067,13
19068,19068,11
19069,19069,11
19070,19070,11
19071,19071,11
19072,19072,11
19073,19073,11
19074,19074,11
19075,19075,11
19076,19076,11
19077,19077,11
19078,19078,11
19079,19079,11
19080,19080,11
19081,19081,11
19082,19082,11
19083,19083,11
19084,19084,11
19085,19085,11
19086,19086,11
19087,19087,11
19088,19088,11
19089,19089,11
19090,19090,11
19091,19091,11
19092,19092,11
19093,19093,11
19094,19094,11
19095,19095,11
19096,19096,11
19097,19097,11
19098,19098,11
19099,19099,11
19100,19100,11
19101,19101,11
19102,19102,11
19103,19103,11
19104,19104,11
19105,19105,11
19106,19106,11
19107,19107,12
19108,19108,15
19109,19109,11
19110,19110,11
19111,19111,11
19112,19112,11
19113,19113,11
19114,19114,11
19115,19115,11
19116,19116,11
19117,19117,11
19118,19118,11
19119,19119,11
19120,19120,11
19121,19121,11
19122,19122,11
19123,19123,11
19124,19124,11
19125,19125,11
19126,19126,11
19127,19127,11
19128,19128,11
19129,19129,11
19130,19130,11
19131,19131,11
19132,19132,11
19133,19133,11
19134,19134,11
19135,19135,12
19136,19136,11
19137,19137,11
19138,19138,11
19139,19139,11
19140,19140,11
19141,19141,11
19142,19142,11
19143,19143,11
19144,19144,11
19145,19145,11
19146,19146,11
19147,19147,11
19148,19148,12
19149,19149,11
19150,19150,11
19151,19151,11
19152,19152,11
19153,19153,11
19154,19154,11
19155,19155,11
19156,19156,12
19157,19157,12
19158,19158,11
19159,19159,11
19160,19160,11
19161,19161,11
19162,19162,11
19163,19163,11
19164,19164,11
19165,19165,11
19166,19166,11
19167,19167,12
19168,19168,11
19169,19169,11
19170,19170,11
19171,19171,11
19172,19172,11
19173,19173,11
19174,19174,11
19175,19175,11
19176,19176,11
19177,19177,11
19178,19178,11
19179,19179,11
19180,19180,11
19181,19181,11
19182,19182,11
19183,19183,15
19184,19184,11
19185,19185,11
19186,19186,11
19187,19187,11
19188,19188,11
19189,19189,11
19190,19190,11
19191,19191,11
19192,19192,11
19193,19193,11
19194,19194,11
19195,19195,11
19196,19196,11
19197,19197,15
19198,19198,11
19199,19199,11
19200,19200,11
19201,19201,11
19202,19202,11
19203,19203,11
19204,19204,11
19205,19205,19
19206,19206,12
19207,19207,11
19208,19208,11
19209,19209,11
19210,19210,11
19211,19211,11
19212,19212,11
19213,19213,11
19214,19214,11
19215,19215,13
19216,19216,12
19217,19217,11
19218,19218,11
19219,19219,11
19220,19220,11
19221,19221,11
19222,19222,11
19223,19223,11
19224,19224,12
19225,19225,11
19226,19226,11
19227,19227,11
19228,19228,11
19229,19229,11
19230,19230,11
19231,19231,11
19232,19232,11
19233,19233,11
19234,19234,11
19235,19235,11
19236,19236,11
19237,19237,11
19238,19238,11
19239,19239,11
19240,19240,11
19241,19241,11
19242,19242,11
19243,19243,11
19244,19244,11
19245,19245,11
19246,19246,11
19247,19247,11
19248,19248,12
19249,19249,11
19250,19250,11
19251,19251,11
19252,19252,11
19253,19253,11
19254,19254,11
19255,19255,11
19256,19256,11
19257,19257,11
19258,19258,12
19259,19259,11
19260,19260,11
19261,19261,11
19262,19262,11
19263,19263,11
19264,19264,12
19265,19265,11
19266,19266,11
19267,19267,11
19268,19268,11
19269,19269,11
19270,19270,11
19271,19271,12
19272,19272,11
19273,19273,11
19274,19274,14
19275,19275,11
19276,19276,13
19277,19277,11
19278,19278,11
19279,19279,11
19280,19280,11
19281,19281,11
19282,19282,12
19283,19283,11
19284,19284,11
19285,19285,11
19286,19286,11
19287,19287,11
19288,19288,11
19289,19289,11
19290,19290,11
19291,19291,11
19292,19292,11
19293,19293,11
19294,19294,11
19295,19295,14
19296,19296,12
19297,19297,11
19298,19298,11
19299,19299,11
19300,19300,11
19301,19301,11
19302,19302,11
19303,19303,18
19304,19304,11
19305,19305,11
19306,19306,11
19307,19307,11
19308,19308,11
19309,19309,16
19310,19310,11
19311,19311,11
19312,19312,11
19313,19313,11
19314,19314,11
19315,19315,11
19316,19316,12
19317,19317,11
19318,19318,11
19319,19319,11
19320,19320,11
19321,19321,11
19322,19322,11
19323,19323,30
19324,19324,11
19325,19325,11
19326,19326,11
19327,19327,11
19328,19328,11
19329,19329,11
19330,19330,11
19331,19331,11
19332,19332,11
19333,19333,11
19334,19334,11
19335,19335,11
19336,19336,13
19337,19337,12
19338,19338,11
19339,19339,28
19340,19340,11
19341,19341,16
19342,19342,11
19343,19343,11
19344,19344,11
19345,19345,11
19346,19346,11
19347,19347,11
19348,19348,11
19349,19349,11
19350,19350,12
19351,19351,11
19352,19352,11
19353,19353,11
19354,19354,11
19355,19355,12
19356,19356,11
19357,19357,11
19358,19358,12
19359,19359,11
19360,19360,11
19361,19361,17
19362,19362,11
19363,19363,11
19364,19364,11
19365,19365,13
19366,19366,11
19367,19367,11
19368,19368,11
19369,19369,11
19370,19370,11
19371,19371,11
19372,19372,11
19373,19373,12
19374,19374,11
19375,19375,11
19376,19376,11
19377,19377,11
19378,19378,11
19379,19379,11
19380,19380,11
19381,19381,11
19382,19382,11
19383,19383,14
19384,19384,11
19385,19385,11
19386,19386,11
19387,19387,13
19388,19388,25
19389,19389,11
19390,19390,11
19391,19391,11
19392,19392,11
19393,19393,11
19394,19394,11
19395,19395,11
19396,19396,11
19397,19397,11
19398,19398,12
19399,19399,11
19400,19400,13
19401,19401,11
19402,19402,11
19403,19403,11
19404,19404,11
19405,19405,12
19406,19406,11
19407,19407,11
19408,19408,11
19409,19409,11
19410,19410,11
19411,19411,11
19412,19412,11
19413,19413,11
19414,19414,11
19415,19415,11
19416,19416,11
19417,19417,16
19418,19418,11
19419,19419,11
19420,19420,11
19421,19421,11
19422,19422,11
19423,19423,11
19424,19424,11
19425,19425,11
19426,19426,11
19427,19427,11
19428,19428,11
19429,19429,11
19430,19430,11
19431,19431,11
19432,19432,11
19433,19433,11
19434,19434,11
19435,19435,11
19436,19436,11
19437,19437,11
19438,19438,13
19439,19439,11
19440,19440,11
19441,19441,11
19442,19442,11
19443,19443,12
19444,19444,11
19445,19445,11
19446,19446,12
19447,19447,14
19448,19448,11
19449,19449,40
19450,19450,11
19451,19451,11
19452,19452,16
19453,19453,11
19454,19454,11
19455,19455,11
19456,19456,11
19457,19457,11
19458,19458,11
19459,19459,11
19460,19460,11
19461,19461,11
19462,19462,11
19463,19463,11
19464,19464,11
19465,19465,11
19466,19466,11
19467,19467,15
19468,19468,11
19469,19469,11
19470,19470,11
19471,19471,11
19472,19472,11
19473,19473,11
19474,19474,11
19475,19475,11
19476,19476,11
19477,19477,11
19478,19478,11
19479,19479,12
19480,19480,15
19481,19481,11
19482,19482,11
19483,19483,11
19484,19484,11
19485,19485,11
19486,19486,11
19487,19487,11
19488,19488,11
19489,19489,12
19490,19490,11
19491,19491,11
19492,19492,11
19493,19493,11
19494,19494,11
19495,19495,11
19496,19496,11
19497,19497,11
19498,19498,11
19499,19499,11
19500,19500,11
19501,19501,11
19502,19502,11
19503,19503,11
19504,19504,11
19505,19505,11
19506,19506,11
19507,19507,11
19508,19508,11
19509,19509,12
19510,19510,11
19511,19511,11
19512,19512,11
19513,19513,11
19514,19514,11
19515,19515,11
19516,19516,11
19517,19517,11
19518,19518,11
19519,19519,11
19520,19520,11
19521,19521,11
19522,19522,11
19523,19523,11
19524,19524,11
19525,19525,11
19526,19526,11
19527,19527,11
19528,19528,11
19529,19529,11
19530,19530,11
19531,19531,11
19532,19532,11
19533,19533,11
19534,19534,11
19535,19535,11
19536,19536,11
19537,19537,12
19538,19538,11
19539,19539,11
19540,19540,11
19541,19541,11
19542,19542,11
19543,19543,11
19544,19544,11
19545,19545,11
19546,19546,11
19547,19547,12
19548,19548,11
19549,19549,11
19550,19550,11
19551,19551,11
19552,19552,12
19553,19553,11
19554,19554,11
19555,19555,12
19556,19556,11
19557,19557,11
19558,19558,11
19559,19559,12
19560,19560,11
19561,19561,11
19562,19562,11
19563,19563,12
19564,19564,13
19565,19565,11
19566,19566,11
19567,19567,14
19568,19568,12
19569,19569,11
19570,19570,11
19571,19571,11
19572,19572,11
19573,19573,11
19574,19574,11
19575,19575,11
19576,19576,13
19577,19577,11
19578,19578,11
19579,19579,11
19580,19580,11
19581,19581,11
19582,19582,12
19583,19583,11
19584,19584,11
19585,19585,11
19586,19586,11
19587,19587,11
19588,19588,11
19589,19589,11
19590,19590,11
19591,19591,19
19592,19592,11
19593,19593,11
19594,19594,11
19595,19595,11
19596,19596,11
19597,19597,11
19598,19598,11
19599,19599,11
19600,19600,11
19601,19601,11
19602,19602,11
19603,19603,11
19604,19604,11
19605,19605,11
19606,19606,11
19607,19607,11
19608,19608,11
19609,19609,11
19610,19610,11
19611,19611,11
19612,19612,11
19613,19613,11
19614,19614,11
19615,19615,11
19616,19616,11
19617,19617,11
19618,19618,11
19619,19619,11
19620,19620,11
19621,19621,11
19622,19622,11
19623,19623,11
19624,19624,12
19625,19625,11
19626,19626,11
19627,19627,13
19628,19628,11
19629,19629,11
19630,19630,11
19631,19631,11
19632,19632,11
19633,19633,11
19634,19634,11
19635,19635,11
19636,19636,11
19637,19637,11
19638,19638,11
19639,19639,11
19640,19640,11
19641,19641,11
19642,19642,11
19643,19643,11
19644,19644,11
19645,19645,11
19646,19646,11
19647,19647,11
19648,19648,11
19649,19649,11
19650,19650,11
19651,19651,11
19652,19652,11
19653,19653,11
19654,19654,11
19655,19655,11
19656,19656,11
19657,19657,11
19658,19658,12
19659,19659,11
19660,19660,11
19661,19661,11
19662,19662,11
19663,19663,11
19664,19664,11
19665,19665,11
19666,19666,11
19667,19667,11
19668,19668,11
19669,19669,11
19670,19670,11
19671,19671,11
19672,19672,11
19673,19673,12
19674,19674,11
19675,19675,11
19676,19676,11
19677,19677,11
19678,19678,11
19679,19679,11
19680,19680,11
19681,19681,11
19682,19682,11
19683,19683,11
19684,19684,11
19685,19685,11
19686,19686,11
19687,19687,11
19688,19688,11
19689,19689,11
19690,19690,11
19691,19691,11
19692,19692,11
19693,19693,11
19694,19694,11
19695,19695,11
19696,19696,11
19697,19697,11
19698,19698,11
19699,19699,11
19700,19700,11
19701,19701,11
19702,19702,11
19703,19703,11
19704,19704,11
19705,19705,11
19706,19706,11
19707,19707,11
19708,19708,11
19709,19709,11
19710,19710,11
19711,19711,11
19712,19712,11
19713,19713,11
19714,19714,11
19715,19715,11
19716,19716,11
19717,19717,11
19718,19718,11
19719,19719,11
19720,19720,11
19721,19721,11
19722,19722,11
19723,19723,11
19724,19724,11
19725,19725,11
19726,19726,11
19727,19727,11
19728,19728,11
19729,19729,11
19730,19730,11
19731,19731,11
19732,19732,11
19733,19733,11
19734,19734,11
19735,19735,11
19736,19736,11
19737,19737,11
19738,19738,11
19739,19739,11
19740,19740,11
19741,19741,11
19742,19742,11
19743,19743,11
19744,19744,14
19745,19745,11
19746,19746,12
19747,19747,11
19748,19748,22
19749,19749,12
19750,19750,11
19751,19751,11
19752,19752,11
19753,19753,12
19754,19754,11
19755,19755,11
19756,19756,11
19757,19757,11
19758,19758,11
19759,19759,11
19760,19760,11
19761,19761,11
19762,19762,11
19763,19763,11
19764,19764,11
19765,19765,11
19766,19766,11
19767,19767,11
19768,19768,11
19769,19769,12
19770,19770,11
19771,19771,11
19772,19772,11
19773,19773,28
19774,19774,11
19775,19775,11
19776,19776,15
19777,19777,14
19778,19778,11
19779,19779,11
19780,19780,11
19781,19781,11
19782,19782,11
19783,19783,11
19784,19784,11
19785,19785,11
19786,19786,12
19787,19787,11
19788,19788,11
19789,19789,11
19790,19790,11
19791,19791,11
19792,19792,12
19793,19793,11
19794,19794,11
19795,19795,11
19796,19796,11
19797,19797,11
19798,19798,15
19799,19799,11
19800,19800,12
19801,19801,11
19802,19802,11
19803,19803,13
19804,19804,11
19805,19805,11
19806,19806,11
19807,19807,11
19808,19808,12
19809,19809,11
19810,19810,11
19811,19811,11
19812,19812,11
19813,19813,12
19814,19814,30
19815,19815,11
19816,19816,11
19817,19817,11
19818,19818,11
19819,19819,13
19820,19820,11
19821,19821,11
19822,19822,11
19823,19823,11
19824,19824,11
19825,19825,11
19826,19826,11
19827,19827,11
19828,19828,11
19829,19829,11
19830,19830,11
19831,19831,11
19832,19832,11
19833,19833,11
19834,19834,11
19835,19835,12
19836,19836,11
19837,19837,11
19838,19838,11
19839,19839,11
19840,19840,17
19841,19841,11
19842,19842,11
19843,19843,11
19844,19844,11
19845,19845,11
19846,19846,11
19847,19847,11
19848,19848,12
19849,19849,11
19850,19850,11
19851,19851,11
19852,19852,11
19853,19853,12
19854,19854,11
19855,19855,11
19856,19856,11
19857,19857,11
19858,19858,11
19859,19859,11
19860,19860,16
19861,19861,12
19862,19862,18
19863,19863,11
19864,19864,11
19865,19865,11
19866,19866,11
19867,19867,11
19868,19868,11
19869,19869,11
19870,19870,11
19871,19871,11
19872,19872,11
19873,19873,11
19874,19874,11
19875,19875,11
19876,19876,11
19877,19877,12
19878,19878,11
19879,19879,11
19880,19880,11
19881,19881,11
19882,19882,11
19883,19883,11
19884,19884,12
19885,19885,11
19886,19886,11
19887,19887,11
19888,19888,11
19889,19889,11
19890,19890,11
19891,19891,11
19892,19892,11
19893,19893,11
19894,19894,11
19895,19895,11
19896,19896,11
19897,19897,11
19898,19898,11
19899,19899,11
19900,19900,11
19901,19901,11
19902,19902,11
19903,19903,11
19904,19904,11
19905,19905,18
19906,19906,11
19907,19907,11
19908,19908,11
19909,19909,11
19910,19910,11
19911,19911,11
19912,19912,11
19913,19913,11
19914,19914,11
19915,19915,11
19916,19916,11
19917,19917,11
19918,19918,11
19919,19919,11
19920,19920,11
19921,19921,18
19922,19922,11
19923,19923,11
19924,19924,11
19925,19925,11
19926,19926,11
19927,19927,11
19928,19928,11
19929,19929,11
19930,19930,11
19931,19931,11
19932,19932,11
19933,19933,11
19934,19934,11
19935,19935,11
19936,19936,11
19937,19937,11
19938,19938,11
19939,19939,11
19940,19940,12
19941,19941,11
19942,19942,11
19943,19943,11
19944,19944,11
19945,19945,19
19946,19946,11
19947,19947,11
19948,19948,11
19949,19949,11
19950,19950,11
19951,19951,11
19952,19952,11
19953,19953,11
19954,19954,16
19955,19955,11
19956,19956,11
19957,19957,11
19958,19958,12
19959,19959,11
19960,19960,14
19961,19961,11
19962,19962,11
19963,19963,11
19964,19964,11
19965,19965,11
19966,19966,11
19967,19967,11
19968,19968,12
19969,19969,11
19970,19970,11
19971,19971,11
19972,19972,11
19973,19973,11
19974,19974,11
19975,19975,11
19976,19976,11
19977,19977,11
19978,19978,11
19979,19979,11
19980,19980,11
19981,19981,11
19982,19982,11
19983,19983,11
19984,19984,11
19985,19985,11
19986,19986,11
19987,19987,11
19988,19988,11
19989,19989,12
19990,19990,11
19991,19991,11
19992,19992,11
19993,19993,11
19994,19994,11
19995,19995,11
19996,19996,11
19997,19997,11
19998,19998,11
19999,19999,11
20000,20000,11
20001,20001,11
20002,20002,11
20003,20003,12
20004,20004,11
20005,20005,11
20006,20006,11
20007,20007,11
20008,20008,11
20009,20009,11
20010,20010,11
20011,20011,11
20012,20012,11
20013,20013,11
20014,20014,11
20015,20015,11
20016,20016,11
20017,20017,11
20018,20018,11
20019,20019,12
20020,20020,11
20021,20021,11
20022,20022,11
20023,20023,11
20024,20024,11
20025,20025,11
20026,20026,11
20027,20027,11
20028,20028,11
20029,20029,11
20030,20030,12
20031,20031,11
20032,20032,11
20033,20033,11
20034,20034,11
20035,20035,11
20036,20036,11
20037,20037,11
20038,20038,11
20039,20039,11
20040,20040,11
20041,20041,11
20042,20042,11
20043,20043,11
20044,20044,12
20045,20045,11
20046,20046,11
20047,20047,11
20048,20048,11
20049,20049,11
20050,20050,11
20051,20051,11
20052,20052,11
20053,20053,12
20054,20054,11
20055,20055,11
20056,20056,11
20057,20057,11
20058,20058,13
20059,20059,11
20060,20060,12
20061,20061,11
20062,20062,11
20063,20063,11
20064,20064,11
20065,20065,11
20066,20066,11
20067,20067,11
20068,20068,12
20069,20069,11
20070,20070,11
20071,20071,11
20072,20072,11
20073,20073,11
20074,20074,11
20075,20075,11
20076,20076,11
20077,20077,11
20078,20078,11
20079,20079,11
20080,20080,11
20081,20081,11
20082,20082,11
20083,20083,11
20084,20084,11
20085,20085,11
20086,20086,11
20087,20087,11
20088,20088,11
20089,20089,11
20090,20090,11
20091,20091,11
20092,20092,11
20093,20093,11
20094,20094,11
20095,20095,11
20096,20096,11
20097,20097,11
20098,20098,12
20099,20099,11
20100,20100,11
20101,20101,11
20102,20102,11
20103,20103,11
20104,20104,11
20105,20105,11
20106,20106,11
20107,20107,11
20108,20108,12
20109,20109,11
20110,20110,11
20111,20111,13
20112,20112,11
20113,20113,11
20114,20114,12
20115,20115,11
20116,20116,12
20117,20117,11
20118,20118,11
20119,20119,11
20120,20120,11
20121,20121,11
20122,20122,11
20123,20123,11
20124,20124,11
20125,20125,11
20126,20126,11
20127,20127,11
20128,20128,11
20129,20129,11
20130,20130,11
20131,20131,11
20132,20132,11
20133,20133,11
20134,20134,11
20135,20135,11
20136,20136,11
20137,20137,11
20138,20138,11
20139,20139,11
20140,20140,11
20141,20141,11
20142,20142,11
20143,20143,11
20144,20144,11
20145,20145,11
20146,20146,11
20147,20147,11
20148,20148,11
20149,20149,11
20150,20150,11
20151,20151,11
20152,20152,11
20153,20153,11
20154,20154,11
20155,20155,11
20156,20156,11
20157,20157,11
20158,20158,11
20159,20159,11
20160,20160,11
20161,20161,11
20162,20162,11
20163,20163,11
20164,20164,11
20165,20165,11
20166,20166,11
20167,20167,11
20168,20168,11
20169,20169,11
20170,20170,12
20171,20171,11
20172,20172,11
20173,20173,17
20174,20174,11
20175,20175,11
20176,20176,11
20177,20177,11
20178,20178,11
20179,20179,11
20180,20180,11
20181,20181,11
20182,20182,11
20183,20183,11
20184,20184,15
20185,20185,11
20186,20186,11
20187,20187,11
20188,20188,11
20189,20189,12
20190,20190,11
20191,20191,12
20192,20192,11
20193,20193,11
20194,20194,11
20195,20195,11
20196,20196,11
20197,20197,11
20198,20198,11
20199,20199,11
20200,20200,12
20201,20201,11
20202,20202,11
20203,20203,11
20204,20204,11
20205,20205,12
20206,20206,11
20207,20207,11
20208,20208,11
20209,20209,11
20210,20210,11
20211,20211,11
20212,20212,12
20213,20213,11
20214,20214,11
20215,20215,11
20216,20216,11
20217,20217,11
20218,20218,12
20219,20219,11
20220,20220,11
20221,20221,11
20222,20222,13
20223,20223,11
20224,20224,11
20225,20225,11
20226,20226,11
20227,20227,11
20228,20228,13
20229,20229,11
20230,20230,11
20231,20231,11
20232,20232,11
20233,20233,11
20234,20234,11
20235,20235,11
20236,20236,11
20237,20237,11
20238,20238,11
20239,20239,13
20240,20240,19
20241,20241,11
20242,20242,25
20243,20243,11
20244,20244,11
20245,20245,11
20246,20246,11
20247,20247,11
20248,20248,11
20249,20249,11
20250,20250,11
20251,20251,11
20252,20252,11
20253,20253,11
20254,20254,11
20255,20255,11
20256,20256,11
20257,20257,11
20258,20258,11
20259,20259,11
20260,20260,11
20261,20261,11
20262,20262,11
20263,20263,11
20264,20264,11
20265,20265,11
20266,20266,11
20267,20267,11
20268,20268,11
20269,20269,11
20270,20270,11
20271,20271,11
20272,20272,11
20273,20273,11
20274,20274,11
20275,20275,14
20276,20276,11
20277,20277,11
20278,20278,11
20279,20279,11
20280,20280,11
20281,20281,11
20282,20282,11
20283,20283,12
20284,20284,12
20285,20285,11
20286,20286,11
20287,20287,11
20288,20288,11
20289,20289,11
20290,20290,11
20291,20291,11
20292,20292,13
20293,20293,11
20294,20294,12
20295,20295,11
20296,20296,12
20297,20297,13
20298,20298,11
20299,20299,16
20300,20300,11
20301,20301,11
20302,20302,11
20303,20303,11
20304,20304,11
20305,20305,11
20306,20306,11
20307,20307,11
20308,20308,11
20309,20309,11
20310,20310,11
20311,20311,11
20312,20312,11
20313,20313,12
20314,20314,11
20315,20315,11
20316,20316,11
20317,20317,11
20318,20318,11
20319,20319,11
20320,20320,11
20321,20321,11
20322,20322,11
20323,20323,12
20324,20324,11
20325,20325,11
20326,20326,11
20327,20327,11
20328,20328,11
20329,20329,11
20330,20330,11
20331,20331,11
20332,20332,11
20333,20333,11
20334,20334,12
20335,20335,11
20336,20336,11
20337,20337,11
20338,20338,11
20339,20339,11
20340,20340,13
20341,20341,12
20342,20342,11
20343,20343,11
20344,20344,11
20345,20345,11
20346,20346,11
20347,20347,11
20348,20348,11
20349,20349,11
20350,20350,11
20351,20351,11
20352,20352,11
20353,20353,11
20354,20354,11
20355,20355,11
20356,20356,11
20357,20357,11
20358,20358,11
20359,20359,11
20360,20360,11
20361,20361,11
20362,20362,11
20363,20363,11
20364,20364,11
20365,20365,11
20366,20366,11
20367,20367,11
20368,20368,11
20369,20369,11
20370,20370,11
20371,20371,11
20372,20372,11
20373,20373,11
20374,20374,11
20375,20375,11
20376,20376,11
20377,20377,11
20378,20378,11
20379,20379,11
20380,20380,11
20381,20381,11
20382,20382,11
20383,20383,11
20384,20384,11
20385,20385,11
20386,20386,12
20387,20387,11
20388,20388,11
20389,20389,12
20390,20390,11
20391,20391,11
20392,20392,11
20393,20393,11
20394,20394,11
20395,20395,13
20396,20396,12
20397,20397,11
20398,20398,11
20399,20399,11
20400,20400,11
20401,20401,11
20402,20402,11
20403,20403,11
20404,20404,11
20405,20405,11
20406,20406,11
20407,20407,11
20408,20408,11
20409,20409,11
20410,20410,13
20411,20411,12
20412,20412,11
20413,20413,11
20414,20414,11
20415,20415,11
20416,20416,13
20417,20417,11
20418,20418,12
20419,20419,11
20420,20420,11
20421,20421,11
20422,20422,11
20423,20423,11
20424,20424,12
20425,20425,11
20426,20426,11
20427,20427,11
20428,20428,11
20429,20429,11
20430,20430,11
20431,20431,11
20432,20432,11
20433,20433,11
20434,20434,11
20435,20435,11
20436,20436,11
20437,20437,19
20438,20438,11
20439,20439,11
20440,20440,11
20441,20441,11
20442,20442,11
20443,20443,11
20444,20444,11
20445,20445,12
20446,20446,11
20447,20447,11
20448,20448,11
20449,20449,11
20450,20450,11
20451,20451,11
20452,20452,13
20453,20453,22
20454,20454,11
20455,20455,11
20456,20456,11
20457,20457,11
20458,20458,11
20459,20459,11
20460,20460,11
20461,20461,11
20462,20462,11
20463,20463,11
20464,20464,11
20465,20465,11
20466,20466,11
20467,20467,11
20468,20468,11
20469,20469,11
20470,20470,11
20471,20471,11
20472,20472,11
20473,20473,11
20474,20474,11
20475,20475,11
20476,20476,11
20477,20477,11
20478,20478,11
20479,20479,11
20480,20480,11
20481,20481,11
20482,20482,11
20483,20483,11
20484,20484,11
20485,20485,11
20486,20486,11
20487,20487,12
20488,20488,11
20489,20489,12
20490,20490,11
20491,20491,28
20492,20492,12
20493,20493,11
20494,20494,11
20495,20495,12
20496,20496,11
20497,20497,11
20498,20498,11
20499,20499,11
20500,20500,11
20501,20501,12
20502,20502,11
20503,20503,11
20504,20504,11
20505,20505,11
20506,20506,11
20507,20507,11
20508,20508,11
20509,20509,11
20510,20510,11
20511,20511,12
20512,20512,11
20513,20513,11
20514,20514,11
20515,20515,11
20516,20516,12
20517,20517,11
20518,20518,11
20519,20519,11
20520,20520,11
20521,20521,12
20522,20522,11
20523,20523,11
20524,20524,11
20525,20525,11
20526,20526,11
20527,20527,11
20528,20528,11
20529,20529,12
20530,20530,11
20531,20531,11
20532,20532,11
20533,20533,27
20534,20534,11
20535,20535,11
20536,20536,11
20537,20537,12
20538,20538,11
20539,20539,11
20540,20540,11
20541,20541,11
20542,20542,11
20543,20543,11
20544,20544,11
20545,20545,11
20546,20546,11
20547,20547,11
20548,20548,11
20549,20549,11
20550,20550,11
20551,20551,32
20552,20552,11
20553,20553,11
20554,20554,11
20555,20555,11
20556,20556,11
20557,20557,11
20558,20558,11
20559,20559,11
20560,20560,11
20561,20561,11
20562,20562,11
20563,20563,11
20564,20564,12
20565,20565,11
20566,20566,11
20567,20567,11
20568,20568,11
20569,20569,11
20570,20570,11
20571,20571,11
20572,20572,42
20573,20573,11
20574,20574,11
20575,20575,11
20576,20576,11
20577,20577,11
20578,20578,11
20579,20579,11
20580,20580,11
20581,20581,14
20582,20582,11
20583,20583,11
20584,20584,11
20585,20585,11
20586,20586,11
20587,20587,11
20588,20588,11
20589,20589,11
20590,20590,11
20591,20591,11
20592,20592,11
20593,20593,11
20594,20594,11
20595,20595,11
20596,20596,11
20597,20597,11
20598,20598,11
20599,20599,11
20600,20600,11
20601,20601,11
20602,20602,11
20603,20603,11
20604,20604,11
20605,20605,11
20606,20606,11
20607,20607,12
20608,20608,13
20609,20609,11
20610,20610,11
20611,20611,12
20612,20612,11
20613,20613,11
20614,20614,11
20615,20615,11
20616,20616,11
20617,20617,11
20618,20618,15
20619,20619,11
20620,20620,11
20621,20621,11
20622,20622,11
20623,20623,11
20624,20624,11
20625,20625,11
20626,20626,11
20627,20627,11
20628,20628,11
20629,20629,11
20630,20630,11
20631,20631,11
20632,20632,11
20633,20633,11
20634,20634,11
20635,20635,11
20636,20636,11
20637,20637,11
20638,20638,11
20639,20639,11
20640,20640,11
20641,20641,11
20642,20642,11
20643,20643,11
20644,20644,11
20645,20645,11
20646,20646,11
20647,20647,11
20648,20648,11
20649,20649,11
20650,20650,11
20651,20651,11
20652,20652,12
20653,20653,11
20654,20654,11
20655,20655,11
20656,20656,11
20657,20657,11
20658,20658,11
20659,20659,11
20660,20660,11
20661,20661,11
20662,20662,11
20663,20663,17
20664,20664,11
20665,20665,11
20666,20666,11
20667,20667,11
20668,20668,12
20669,20669,11
20670,20670,11
20671,20671,11
20672,20672,11
20673,20673,11
20674,20674,11
20675,20675,11
20676,20676,11
20677,20677,11
20678,20678,12
20679,20679,11
20680,20680,11
20681,20681,11
20682,20682,11
20683,20683,11
20684,20684,11
20685,20685,11
20686,20686,16
20687,20687,11
20688,20688,11
20689,20689,11
20690,20690,11
20691,20691,11
20692,20692,11
20693,20693,14
20694,20694,11
20695,20695,11
20696,20696,11
20697,20697,12
20698,20698,11
20699,20699,11
20700,20700,11
20701,20701,11
20702,20702,17
20703,20703,11
20704,20704,11
20705,20705,11
20706,20706,11
20707,20707,11
20708,20708,11
20709,20709,11
20710,20710,11
20711,20711,12
20712,20712,12
20713,20713,11
20714,20714,11
20715,20715,11
20716,20716,11
20717,20717,11
20718,20718,11
20719,20719,11
20720,20720,11
20721,20721,11
20722,20722,11
20723,20723,11
20724,20724,11
20725,20725,11
20726,20726,12
20727,20727,11
20728,20728,11
20729,20729,11
20730,20730,11
20731,20731,11
20732,20732,11
20733,20733,11
20734,20734,11
20735,20735,11
20736,20736,11
20737,20737,11
20738,20738,11
20739,20739,11
20740,20740,11
20741,20741,11
20742,20742,11
20743,20743,11
20744,20744,11
20745,20745,11
20746,20746,11
20747,20747,11
20748,20748,11
20749,20749,11
20750,20750,11
20751,20751,11
20752,20752,11
20753,20753,11
20754,20754,11
20755,20755,11
20756,20756,11
20757,20757,11
20758,20758,11
20759,20759,11
20760,20760,12
20761,20761,11
20762,20762,11
20763,20763,11
20764,20764,11
20765,20765,11
20766,20766,11
20767,20767,11
20768,20768,11
20769,20769,11
20770,20770,11
20771,20771,11
20772,20772,11
20773,20773,11
20774,20774,11
20775,20775,11
20776,20776,11
20777,20777,11
20778,20778,11
20779,20779,11
20780,20780,11
20781,20781,11
20782,20782,11
20783,20783,11
20784,20784,11
20785,20785,11
20786,20786,11
20787,20787,11
20788,20788,11
20789,20789,12
20790,20790,11
20791,20791,11
20792,20792,11
20793,20793,12
20794,20794,13
20795,20795,11
20796,20796,11
20797,20797,11
20798,20798,11
20799,20799,11
20800,20800,11
20801,20801,11
20802,20802,11
20803,20803,11
20804,20804,11
20805,20805,11
20806,20806,11
20807,20807,11
20808,20808,11
20809,20809,11
20810,20810,11
20811,20811,11
20812,20812,11
20813,20813,11
20814,20814,11
20815,20815,11
20816,20816,12
20817,20817,12
20818,20818,11
20819,20819,12
20820,20820,11
20821,20821,11
20822,20822,11
20823,20823,11
20824,20824,11
20825,20825,11
20826,20826,11
20827,20827,11
20828,20828,11
20829,20829,11
20830,20830,11
20831,20831,11
20832,20832,11
20833,20833,11
20834,20834,11
20835,20835,11
20836,20836,14
20837,20837,11
20838,20838,12
20839,20839,11
20840,20840,13
20841,20841,11
20842,20842,11
20843,20843,11
20844,20844,11
20845,20845,11
20846,20846,11
20847,20847,11
20848,20848,11
20849,20849,11
20850,20850,11
20851,20851,11
20852,20852,11
20853,20853,11
20854,20854,11
20855,20855,11
20856,20856,12
20857,20857,11
20858,20858,11
20859,20859,11
20860,20860,11
20861,20861,11
20862,20862,11
20863,20863,12
20864,20864,11
20865,20865,11
20866,20866,11
20867,20867,11
20868,20868,11
20869,20869,11
20870,20870,11
20871,20871,11
20872,20872,11
20873,20873,11
20874,20874,11
20875,20875,11
20876,20876,11
20877,20877,12
20878,20878,11
20879,20879,14
20880,20880,11
20881,20881,11
20882,20882,11
20883,20883,11
20884,20884,11
20885,20885,11
20886,20886,11
20887,20887,11
20888,20888,11
20889,20889,11
20890,20890,11
20891,20891,22
20892,20892,12
20893,20893,11
20894,20894,11
20895,20895,13
20896,20896,11
20897,20897,11
20898,20898,11
20899,20899,11
20900,20900,11
20901,20901,11
20902,20902,11
20903,20903,11
20904,20904,11
20905,20905,11
20906,20906,11
20907,20907,11
20908,20908,11
20909,20909,11
20910,20910,11
20911,20911,11
20912,20912,11
20913,20913,11
20914,20914,11
20915,20915,11
20916,20916,11
20917,20917,11
20918,20918,11
20919,20919,11
20920,20920,11
20921,20921,11
20922,20922,11
20923,20923,11
20924,20924,11
20925,20925,11
20926,20926,11
20927,20927,11
20928,20928,11
20929,20929,11
20930,20930,11
20931,20931,11
20932,20932,11
20933,20933,11
20934,20934,11
20935,20935,11
20936,20936,12
20937,20937,11
20938,20938,11
20939,20939,11
20940,20940,11
20941,20941,11
20942,20942,11
20943,20943,11
20944,20944,11
20945,20945,11
20946,20946,12
20947,20947,11
20948,20948,11
20949,20949,11
20950,20950,11
20951,20951,11
20952,20952,11
20953,20953,11
20954,20954,11
20955,20955,11
20956,20956,11
20957,20957,13
20958,20958,11
20959,20959,11
20960,20960,11
20961,20961,11
20962,20962,11
20963,20963,11
20964,20964,11
20965,20965,11
20966,20966,11
20967,20967,15
20968,20968,11
20969,20969,11
20970,20970,11
20971,20971,11
20972,20972,11
20973,20973,11
20974,20974,12
20975,20975,11
20976,20976,11
20977,20977,13
20978,20978,11
20979,20979,11
20980,20980,12
20981,20981,11
20982,20982,11
20983,20983,11
20984,20984,11
20985,20985,11
20986,20986,11
20987,20987,11
20988,20988,12
20989,20989,11
20990,20990,11
20991,20991,11
20992,20992,11
20993,20993,11
20994,20994,11
20995,20995,11
20996,20996,11
20997,20997,11
20998,20998,11
20999,20999,11
21000,21000,11
21001,21001,11
21002,21002,11
21003,21003,11
21004,21004,11
21005,21005,11
21006,21006,11
21007,21007,11
21008,21008,11
21009,21009,11
21010,21010,11
21011,21011,11
21012,21012,11
21013,21013,11
21014,21014,11
21015,21015,11
21016,21016,11
21017,21017,11
21018,21018,11
21019,21019,11
21020,21020,11
21021,21021,11
21022,21022,14
21023,21023,11
21024,21024,11
21025,21025,11
21026,21026,11
21027,21027,11
21028,21028,11
21029,21029,11
21030,21030,11
21031,21031,11
21032,21032,11
21033,21033,11
21034,21034,11
21035,21035,11
21036,21036,11
21037,21037,11
21038,21038,16
21039,21039,11
21040,21040,11
21041,21041,12
21042,21042,11
21043,21043,11
21044,21044,11
21045,21045,11
21046,21046,11
21047,21047,11
21048,21048,11
21049,21049,11
21050,21050,11
21051,21051,11
21052,21052,11
21053,21053,11
21054,21054,11
21055,21055,11
21056,21056,11
21057,21057,11
21058,21058,11
21059,21059,11
21060,21060,11
21061,21061,11
21062,21062,11
21063,21063,11
21064,21064,11
21065,21065,11
21066,21066,11
21067,21067,11
21068,21068,12
21069,21069,11
21070,21070,11
21071,21071,11
21072,21072,16
21073,21073,11
21074,21074,11
21075,21075,11
21076,21076,12
21077,21077,11
21078,21078,12
21079,21079,11
21080,21080,11
21081,21081,11
21082,21082,11
21083,21083,11
21084,21084,12
21085,21085,11
21086,21086,11
21087,21087,12
21088,21088,11
21089,21089,11
21090,21090,23
21091,21091,11
21092,21092,11
21093,21093,11
21094,21094,11
21095,21095,11
21096,21096,11
21097,21097,11
21098,21098,11
21099,21099,11
21100,21100,11
21101,21101,11
21102,21102,11
21103,21103,11
21104,21104,11
21105,21105,11
21106,21106,12
21107,21107,11
21108,21108,11
21109,21109,15
21110,21110,11
21111,21111,11
21112,21112,11
21113,21113,11
21114,21114,11
21115,21115,11
21116,21116,11
21117,21117,11
21118,21118,11
21119,21119,11
21120,21120,11
21121,21121,11
21122,21122,12
21123,21123,11
21124,21124,11
21125,21125,11
21126,21126,11
21127,21127,11
21128,21128,11
21129,21129,11
21130,21130,11
21131,21131,11
21132,21132,11
21133,21133,11
21134,21134,11
21135,21135,11
21136,21136,11
21137,21137,11
21138,21138,11
21139,21139,11
21140,21140,11
21141,21141,11
21142,21142,11
21143,21143,11
21144,21144,11
21145,21145,11
21146,21146,11
21147,21147,11
21148,21148,11
21149,21149,11
21150,21150,11
21151,21151,11
21152,21152,11
21153,21153,11
21154,21154,11
21155,21155,11
21156,21156,12
21157,21157,12
21158,21158,11
21159,21159,11
21160,21160,11
21161,21161,11
21162,21162,11
21163,21163,11
21164,21164,11
21165,21165,13
21166,21166,11
21167,21167,11
21168,21168,11
21169,21169,11
21170,21170,12
21171,21171,12
21172,21172,11
21173,21173,11
21174,21174,11
21175,21175,12
21176,21176,11
21177,21177,11
21178,21178,11
21179,21179,11
21180,21180,11
21181,21181,11
21182,21182,11
21183,21183,11
21184,21184,11
21185,21185,11
21186,21186,11
21187,21187,11
21188,21188,11
21189,21189,11
21190,21190,11
21191,21191,11
21192,21192,11
21193,21193,11
21194,21194,11
21195,21195,11
21196,21196,11
21197,21197,11
21198,21198,11
21199,21199,11
21200,21200,11
21201,21201,12
21202,21202,11
21203,21203,11
21204,21204,11
21205,21205,11
21206,21206,11
21207,21207,11
21208,21208,11
21209,21209,11
21210,21210,11
21211,21211,11
21212,21212,11
21213,21213,11
21214,21214,11
21215,21215,11
21216,21216,11
21217,21217,11
21218,21218,11
21219,21219,11
21220,21220,14
21221,21221,11
21222,21222,11
21223,21223,11
21224,21224,11
21225,21225,11
21226,21226,11
21227,21227,11
21228,21228,11
21229,21229,11
21230,21230,12
21231,21231,11
21232,21232,11
21233,21233,11
21234,21234,11
21235,21235,11
21236,21236,11
21237,21237,11
21238,21238,11
21239,21239,11
21240,21240,11
21241,21241,15
21242,21242,11
21243,21243,11
21244,21244,11
21245,21245,11
21246,21246,11
21247,21247,11
21248,21248,11
21249,21249,13
21250,21250,11
21251,21251,11
21252,21252,11
21253,21253,11
21254,21254,11
21255,21255,11
21256,21256,11
21257,21257,11
21258,21258,11
21259,21259,11
21260,21260,11
21261,21261,11
21262,21262,11
21263,21263,11
21264,21264,11
21265,21265,11
21266,21266,11
21267,21267,11
21268,21268,11
21269,21269,11
21270,21270,11
21271,21271,11
21272,21272,11
21273,21273,11
21274,21274,11
21275,21275,11
21276,21276,11
21277,21277,11
21278,21278,11
21279,21279,11
21280,21280,11
21281,21281,11
21282,21282,11
21283,21283,11
21284,21284,11
21285,21285,11
21286,21286,11
21287,21287,11
21288,21288,11
21289,21289,11
21290,21290,14
21291,21291,12
21292,21292,11
21293,21293,11
21294,21294,11
21295,21295,11
21296,21296,11
21297,21297,11
21298,21298,11
21299,21299,14
21300,21300,11
21301,21301,11
21302,21302,11
21303,21303,11
21304,21304,11
21305,21305,11
21306,21306,11
21307,21307,11
21308,21308,11
21309,21309,11
21310,21310,11
21311,21311,11
21312,21312,11
21313,21313,11
21314,21314,11
21315,21315,11
21316,21316,14
21317,21317,11
21318,21318,11
21319,21319,11
21320,21320,11
21321,21321,11
21322,21322,11
21323,21323,11
21324,21324,11
21325,21325,11
21326,21326,11
21327,21327,11
21328,21328,11
21329,21329,11
21330,21330,11
21331,21331,11
21332,21332,11
21333,21333,11
21334,21334,11
21335,21335,11
21336,21336,11
21337,21337,12
21338,21338,11
21339,21339,12
21340,21340,11
21341,21341,11
21342,21342,17
21343,21343,11
21344,21344,11
21345,21345,11
21346,21346,11
21347,21347,11
21348,21348,11
21349,21349,12
21350,21350,11
21351,21351,11
21352,21352,11
21353,21353,11
21354,21354,11
21355,21355,11
21356,21356,11
21357,21357,11
21358,21358,11
21359,21359,13
21360,21360,13
21361,21361,11
21362,21362,26
21363,21363,11
21364,21364,11
21365,21365,11
21366,21366,11
21367,21367,12
21368,21368,11
21369,21369,11
21370,21370,11
21371,21371,11
21372,21372,11
21373,21373,11
21374,21374,11
21375,21375,11
21376,21376,11
21377,21377,13
21378,21378,13
21379,21379,11
21380,21380,11
21381,21381,11
21382,21382,11
21383,21383,11
21384,21384,11
21385,21385,11
21386,21386,11
21387,21387,11
21388,21388,11
21389,21389,11
21390,21390,11
21391,21391,11
21392,21392,12
21393,21393,11
21394,21394,12
21395,21395,12
21396,21396,47
21397,21397,11
21398,21398,11
21399,21399,11
21400,21400,11
21401,21401,11
21402,21402,11
21403,21403,11
21404,21404,11
21405,21405,11
21406,21406,11
21407,21407,11
21408,21408,11
21409,21409,11
21410,21410,11
21411,21411,11
21412,21412,11
21413,21413,11
21414,21414,11
21415,21415,11
21416,21416,12
21417,21417,11
21418,21418,11
21419,21419,13
21420,21420,11
21421,21421,11
21422,21422,11
21423,21423,11
21424,21424,11
21425,21425,11
21426,21426,11
21427,21427,11
21428,21428,12
21429,21429,11
21430,21430,11
21431,21431,11
21432,21432,11
21433,21433,11
21434,21434,11
21435,21435,11
21436,21436,12
21437,21437,11
21438,21438,11
21439,21439,11
21440,21440,11
21441,21441,11
21442,21442,15
21443,21443,11
21444,21444,11
21445,21445,11
21446,21446,11
21447,21447,11
21448,21448,11
21449,21449,11
21450,21450,11
21451,21451,15
21452,21452,11
21453,21453,14
21454,21454,11
21455,21455,11
21456,21456,11
21457,21457,11
21458,21458,13
21459,21459,11
21460,21460,11
21461,21461,11
21462,21462,11
21463,21463,11
21464,21464,11
21465,21465,11
21466,21466,11
21467,21467,11
21468,21468,11
21469,21469,11
21470,21470,11
21471,21471,11
21472,21472,11
21473,21473,11
21474,21474,11
21475,21475,11
21476,21476,11
21477,21477,11
21478,21478,11
21479,21479,13
21480,21480,12
21481,21481,11
21482,21482,11
21483,21483,11
21484,21484,11
21485,21485,11
21486,21486,12
21487,21487,11
21488,21488,11
21489,21489,11
21490,21490,11
21491,21491,11
21492,21492,11
21493,21493,12
21494,21494,11
21495,21495,11
21496,21496,11
21497,21497,29
21498,21498,11
21499,21499,11
21500,21500,11
21501,21501,11
21502,21502,12
21503,21503,11
21504,21504,11
21505,21505,11
21506,21506,11
21507,21507,11
21508,21508,11
21509,21509,11
21510,21510,11
21511,21511,11
21512,21512,11
21513,21513,11
21514,21514,11
21515,21515,11
21516,21516,11
21517,21517,11
21518,21518,11
21519,21519,11
21520,21520,11
21521,21521,11
21522,21522,12
21523,21523,11
21524,21524,12
21525,21525,11
21526,21526,11
21527,21527,11
21528,21528,11
21529,21529,11
21530,21530,11
21531,21531,11
21532,21532,11
21533,21533,11
21534,21534,11
21535,21535,11
21536,21536,11
21537,21537,11
21538,21538,11
21539,21539,11
21540,21540,13
21541,21541,11
21542,21542,11
21543,21543,11
21544,21544,11
21545,21545,11
21546,21546,11
21547,21547,11
21548,21548,11
21549,21549,11
21550,21550,13
21551,21551,11
21552,21552,11
21553,21553,11
21554,21554,11
21555,21555,11
21556,21556,12
21557,21557,11
21558,21558,12
21559,21559,11
21560,21560,11
21561,21561,11
21562,21562,11
21563,21563,11
21564,21564,11
21565,21565,11
21566,21566,11
21567,21567,13
21568,21568,11
21569,21569,11
21570,21570,13
21571,21571,11
21572,21572,12
21573,21573,11
21574,21574,11
21575,21575,11
21576,21576,11
21577,21577,11
21578,21578,12
21579,21579,11
21580,21580,11
21581,21581,11
21582,21582,11
21583,21583,11
21584,21584,13
21585,21585,11
21586,21586,11
21587,21587,11
21588,21588,11
21589,21589,11
21590,21590,11
21591,21591,11
21592,21592,11
21593,21593,11
21594,21594,11
21595,21595,11
21596,21596,11
21597,21597,11
21598,21598,11
21599,21599,11
21600,21600,11
21601,21601,11
21602,21602,11
21603,21603,11
21604,21604,11
21605,21605,11
21606,21606,11
21607,21607,11
21608,21608,11
21609,21609,11
21610,21610,11
21611,21611,11
21612,21612,11
21613,21613,11
21614,21614,12
21615,21615,11
21616,21616,11
21617,21617,11
21618,21618,11
21619,21619,11
21620,21620,11
21621,21621,11
21622,21622,11
21623,21623,11
21624,21624,11
21625,21625,11
21626,21626,11
21627,21627,11
21628,21628,11
21629,21629,12
21630,21630,22
21631,21631,11
21632,21632,11
21633,21633,12
21634,21634,11
21635,21635,11
21636,21636,11
21637,21637,11
21638,21638,11
21639,21639,11
21640,21640,13
21641,21641,11
21642,21642,11
21643,21643,11
21644,21644,11
21645,21645,18
21646,21646,11
21647,21647,11
21648,21648,11
21649,21649,13
21650,21650,11
21651,21651,12
21652,21652,11
21653,21653,11
21654,21654,11
21655,21655,11
21656,21656,11
21657,21657,11
21658,21658,11
21659,21659,11
21660,21660,11
21661,21661,11
21662,21662,11
21663,21663,11
21664,21664,11
21665,21665,11
21666,21666,11
21667,21667,11
21668,21668,11
21669,21669,11
21670,21670,11
21671,21671,11
21672,21672,11
21673,21673,11
21674,21674,11
21675,21675,11
21676,21676,11
21677,21677,11
21678,21678,11
21679,21679,11
21680,21680,11
21681,21681,11
21682,21682,11
21683,21683,11
21684,21684,11
21685,21685,11
21686,21686,12
21687,21687,11
21688,21688,11
21689,21689,33
21690,21690,11
21691,21691,11
21692,21692,12
21693,21693,11
21694,21694,11
21695,21695,12
21696,21696,11
21697,21697,11
21698,21698,11
21699,21699,11
21700,21700,11
21701,21701,11
21702,21702,11
21703,21703,11
21704,21704,11
21705,21705,11
21706,21706,11
21707,21707,11
21708,21708,11
21709,21709,11
21710,21710,11
21711,21711,11
21712,21712,11
21713,21713,11
21714,21714,11
21715,21715,11
21716,21716,12
21717,21717,11
21718,21718,11
21719,21719,11
21720,21720,11
21721,21721,11
21722,21722,11
21723,21723,11
21724,21724,11
21725,21725,11
21726,21726,11
21727,21727,11
21728,21728,11
21729,21729,11
21730,21730,11
21731,21731,11
21732,21732,11
21733,21733,12
21734,21734,11
21735,21735,11
21736,21736,13
21737,21737,11
21738,21738,11
21739,21739,11
21740,21740,11
21741,21741,11
21742,21742,11
21743,21743,11
21744,21744,11
21745,21745,11
21746,21746,11
21747,21747,11
21748,21748,11
21749,21749,11
21750,21750,11
21751,21751,11
21752,21752,11
21753,21753,11
21754,21754,11
21755,21755,11
21756,21756,11
21757,21757,11
21758,21758,11
21759,21759,11
21760,21760,16
21761,21761,11
21762,21762,11
21763,21763,11
21764,21764,11
21765,21765,11
21766,21766,11
21767,21767,11
21768,21768,13
21769,21769,11
21770,21770,12
21771,21771,11
21772,21772,11
21773,21773,11
21774,21774,11
21775,21775,11
21776,21776,11
21777,21777,11
21778,21778,36
21779,21779,11
21780,21780,11
21781,21781,11
21782,21782,11
21783,21783,11
21784,21784,11
21785,21785,11
21786,21786,11
21787,21787,11
21788,21788,14
21789,21789,11
21790,21790,11
21791,21791,11
21792,21792,11
21793,21793,11
21794,21794,11
21795,21795,11
21796,21796,12
21797,21797,11
21798,21798,21
21799,21799,11
21800,21800,11
21801,21801,11
21802,21802,11
21803,21803,11
21804,21804,11
21805,21805,11
21806,21806,11
21807,21807,11
21808,21808,11
21809,21809,11
21810,21810,11
21811,21811,11
21812,21812,11
21813,21813,11
21814,21814,11
21815,21815,11
21816,21816,11
21817,21817,11
21818,21818,11
21819,21819,11
21820,21820,11
21821,21821,13
21822,21822,11
21823,21823,13
21824,21824,11
21825,21825,12
21826,21826,11
21827,21827,11
21828,21828,11
21829,21829,11
21830,21830,11
21831,21831,12
21832,21832,11
21833,21833,11
21834,21834,11
21835,21835,11
21836,21836,11
21837,21837,11
21838,21838,13
21839,21839,11
21840,21840,11
21841,21841,11
21842,21842,11
21843,21843,11
21844,21844,11
21845,21845,11
21846,21846,11
21847,21847,11
21848,21848,13
21849,21849,11
21850,21850,12
21851,21851,11
21852,21852,11
21853,21853,11
21854,21854,11
21855,21855,11
21856,21856,11
21857,21857,11
21858,21858,11
21859,21859,17
21860,21860,15
21861,21861,11
21862,21862,11
21863,21863,11
21864,21864,11
21865,21865,11
21866,21866,11
21867,21867,11
21868,21868,11
21869,21869,12
21870,21870,11
21871,21871,11
21872,21872,11
21873,21873,14
21874,21874,11
21875,21875,11
21876,21876,11
21877,21877,11
21878,21878,11
21879,21879,11
21880,21880,11
21881,21881,11
21882,21882,11
21883,21883,11
21884,21884,11
21885,21885,11
21886,21886,11
21887,21887,11
21888,21888,11
21889,21889,11
21890,21890,11
21891,21891,11
21892,21892,11
21893,21893,11
21894,21894,11
21895,21895,11
21896,21896,11
21897,21897,11
21898,21898,11
21899,21899,11
21900,21900,11
21901,21901,11
21902,21902,11
21903,21903,11
21904,21904,11
21905,21905,11
21906,21906,11
21907,21907,11
21908,21908,11
21909,21909,11
21910,21910,11
21911,21911,11
21912,21912,12
21913,21913,12
21914,21914,11
21915,21915,11
21916,21916,11
21917,21917,11
21918,21918,11
21919,21919,11
21920,21920,11
21921,21921,11
21922,21922,11
21923,21923,11
21924,21924,11
21925,21925,11
21926,21926,11
21927,21927,11
21928,21928,11
21929,21929,11
21930,21930,11
21931,21931,11
21932,21932,11
21933,21933,11
21934,21934,11
21935,21935,11
21936,21936,11
21937,21937,11
21938,21938,11
21939,21939,11
21940,21940,11
21941,21941,11
21942,21942,12
21943,21943,11
21944,21944,11
21945,21945,11
21946,21946,11
21947,21947,11
21948,21948,11
21949,21949,11
21950,21950,11
21951,21951,11
21952,21952,13
21953,21953,11
21954,21954,11
21955,21955,11
21956,21956,11
21957,21957,11
21958,21958,11
21959,21959,13
21960,21960,11
21961,21961,11
21962,21962,11
21963,21963,11
21964,21964,11
21965,21965,11
21966,21966,11
21967,21967,11
21968,21968,11
21969,21969,11
21970,21970,32
21971,21971,11
21972,21972,11
21973,21973,11
21974,21974,11
21975,21975,11
21976,21976,11
21977,21977,11
21978,21978,11
21979,21979,11
21980,21980,12
21981,21981,11
21982,21982,12
21983,21983,11
21984,21984,11
21985,21985,11
21986,21986,11
21987,21987,11
21988,21988,11
21989,21989,11
21990,21990,11
21991,21991,11
21992,21992,11
21993,21993,11
21994,21994,11
21995,21995,11
21996,21996,11
21997,21997,12
21998,21998,11
21999,21999,11
22000,22000,11
22001,22001,11
22002,22002,12
22003,22003,12
22004,22004,11
22005,22005,11
22006,22006,11
22007,22007,11
22008,22008,11
22009,22009,11
22010,22010,11
22011,22011,11
22012,22012,11
22013,22013,11
22014,22014,11
22015,22015,11
22016,22016,11
22017,22017,11
22018,22018,11
22019,22019,11
22020,22020,11
22021,22021,11
22022,22022,11
22023,22023,11
22024,22024,11
22025,22025,11
22026,22026,11
22027,22027,11
22028,22028,11
22029,22029,11
22030,22030,11
22031,22031,12
22032,22032,11
22033,22033,11
22034,22034,11
22035,22035,12
22036,22036,11
22037,22037,12
22038,22038,13
22039,22039,11
22040,22040,11
22041,22041,11
22042,22042,11
22043,22043,11
22044,22044,11
22045,22045,11
22046,22046,11
22047,22047,11
22048,22048,11
22049,22049,11
22050,22050,11
22051,22051,11
22052,22052,11
22053,22053,11
22054,22054,11
22055,22055,12
22056,22056,11
22057,22057,12
22058,22058,11
22059,22059,11
22060,22060,12
22061,22061,11
22062,22062,11
22063,22063,11
22064,22064,11
22065,22065,11
22066,22066,11
22067,22067,11
22068,22068,11
22069,22069,11
22070,22070,11
22071,22071,11
22072,22072,11
22073,22073,11
22074,22074,11
22075,22075,11
22076,22076,11
22077,22077,11
22078,22078,11
22079,22079,11
22080,22080,11
22081,22081,11
22082,22082,12
22083,22083,11
22084,22084,11
22085,22085,11
22086,22086,11
22087,22087,11
22088,22088,11
22089,22089,11
22090,22090,11
22091,22091,11
22092,22092,12
22093,22093,18
22094,22094,11
22095,22095,11
22096,22096,11
22097,22097,11
22098,22098,11
22099,22099,11
22100,22100,11
22101,22101,11
22102,22102,13
22103,22103,11
22104,22104,11
22105,22105,11
22106,22106,11
22107,22107,11
22108,22108,11
22109,22109,11
22110,22110,11
22111,22111,11
22112,22112,11
22113,22113,11
22114,22114,11
22115,22115,11
22116,22116,12
22117,22117,11
22118,22118,11
22119,22119,11
22120,22120,11
22121,22121,11
22122,22122,11
22123,22123,11
22124,22124,12
22125,22125,12
22126,22126,14
22127,22127,11
22128,22128,11
22129,22129,11
22130,22130,11
22131,22131,11
22132,22132,11
22133,22133,11
22134,22134,11
22135,22135,11
22136,22136,12
22137,22137,11
22138,22138,11
22139,22139,11
22140,22140,11
22141,22141,11
22142,22142,11
22143,22143,11
22144,22144,11
22145,22145,11
22146,22146,14
22147,22147,11
22148,22148,11
22149,22149,11
22150,22150,11
22151,22151,11
22152,22152,11
22153,22153,11
22154,22154,11
22155,22155,11
22156,22156,11
22157,22157,13
22158,22158,11
22159,22159,11
22160,22160,11
22161,22161,11
22162,22162,15
22163,22163,11
22164,22164,11
22165,22165,11
22166,22166,12
22167,22167,11
22168,22168,11
22169,22169,11
22170,22170,11
22171,22171,11
22172,22172,13
22173,22173,12
22174,22174,11
22175,22175,11
22176,22176,11
22177,22177,11
22178,22178,11
22179,22179,11
22180,22180,11
22181,22181,11
22182,22182,11
22183,22183,11
22184,22184,11
22185,22185,12
22186,22186,12
22187,22187,11
22188,22188,11
22189,22189,11
22190,22190,11
22191,22191,11
22192,22192,11
22193,22193,11
22194,22194,11
22195,22195,11
22196,22196,14
22197,22197,11
22198,22198,11
22199,22199,11
22200,22200,11
22201,22201,11
22202,22202,11
22203,22203,11
22204,22204,11
22205,22205,11
22206,22206,12
22207,22207,11
22208,22208,11
22209,22209,11
22210,22210,11
22211,22211,11
22212,22212,11
22213,22213,11
22214,22214,11
22215,22215,11
22216,22216,11
22217,22217,11
22218,22218,11
22219,22219,11
22220,22220,11
22221,22221,11
22222,22222,11
22223,22223,11
22224,22224,11
22225,22225,11
22226,22226,11
22227,22227,11
22228,22228,11
22229,22229,11
22230,22230,11
22231,22231,11
22232,22232,14
22233,22233,11
22234,22234,11
22235,22235,11
22236,22236,11
22237,22237,11
22238,22238,11
22239,22239,11
22240,22240,11
22241,22241,11
22242,22242,13
22243,22243,11
22244,22244,11
22245,22245,11
22246,22246,11
22247,22247,12
22248,22248,11
22249,22249,11
22250,22250,11
22251,22251,11
22252,22252,11
22253,22253,11
22254,22254,11
22255,22255,11
22256,22256,11
22257,22257,11
22258,22258,11
22259,22259,11
22260,22260,11
22261,22261,11
22262,22262,11
22263,22263,11
22264,22264,11
22265,22265,11
22266,22266,11
22267,22267,11
22268,22268,11
22269,22269,11
22270,22270,11
22271,22271,11
22272,22272,11
22273,22273,11
22274,22274,11
22275,22275,11
22276,22276,11
22277,22277,11
22278,22278,11
22279,22279,13
22280,22280,11
22281,22281,14
22282,22282,11
22283,22283,11
22284,22284,11
22285,22285,12
22286,22286,11
22287,22287,11
22288,22288,11
22289,22289,11
22290,22290,11
22291,22291,11
22292,22292,13
22293,22293,11
22294,22294,11
22295,22295,14
22296,22296,11
22297,22297,11
22298,22298,11
22299,22299,11
22300,22300,11
22301,22301,11
22302,22302,11
22303,22303,12
22304,22304,11
22305,22305,11
22306,22306,11
22307,22307,11
22308,22308,11
22309,22309,11
22310,22310,11
22311,22311,11
22312,22312,11
22313,22313,11
22314,22314,11
22315,22315,11
22316,22316,11
22317,22317,11
22318,22318,11
22319,22319,11
22320,22320,11
22321,22321,11
22322,22322,11
22323,22323,11
22324,22324,12
22325,22325,11
22326,22326,11
22327,22327,11
22328,22328,11
22329,22329,11
22330,22330,11
22331,22331,12
22332,22332,12
22333,22333,12
22334,22334,11
22335,22335,12
22336,22336,11
22337,22337,11
22338,22338,11
22339,22339,11
22340,22340,11
22341,22341,11
22342,22342,11
22343,22343,11
22344,22344,14
22345,22345,12
22346,22346,11
22347,22347,13
22348,22348,11
22349,22349,11
22350,22350,11
22351,22351,11
22352,22352,11
22353,22353,11
22354,22354,11
22355,22355,11
22356,22356,13
22357,22357,11
22358,22358,11
22359,22359,11
22360,22360,11
22361,22361,25
22362,22362,11
22363,22363,11
22364,22364,11
22365,22365,11
22366,22366,11
22367,22367,11
22368,22368,11
22369,22369,11
22370,22370,11
22371,22371,11
22372,22372,11
22373,22373,12
22374,22374,11
22375,22375,11
22376,22376,11
22377,22377,11
22378,22378,11
22379,22379,11
22380,22380,11
22381,22381,11
22382,22382,11
22383,22383,11
22384,22384,11
22385,22385,11
22386,22386,11
22387,22387,11
22388,22388,11
22389,22389,11
22390,22390,11
22391,22391,11
22392,22392,11
22393,22393,12
22394,22394,11
22395,22395,11
22396,22396,15
22397,22397,12
22398,22398,11
22399,22399,11
22400,22400,11
22401,22401,11
22402,22402,11
22403,22403,11
22404,22404,11
22405,22405,11
22406,22406,11
22407,22407,12
22408,22408,11
22409,22409,11
22410,22410,11
22411,22411,11
22412,22412,12
22413,22413,11
22414,22414,11
22415,22415,11
22416,22416,11
22417,22417,11
22418,22418,11
22419,22419,11
22420,22420,13
22421,22421,11
22422,22422,12
22423,22423,12
22424,22424,11
22425,22425,11
22426,22426,11
22427,22427,11
22428,22428,11
22429,22429,11
22430,22430,11
22431,22431,11
22432,22432,11
22433,22433,11
22434,22434,12
22435,22435,11
22436,22436,11
22437,22437,12
22438,22438,11
22439,22439,11
22440,22440,11
22441,22441,11
22442,22442,11
22443,22443,11
22444,22444,11
22445,22445,11
22446,22446,11
22447,22447,11
22448,22448,11
22449,22449,11
22450,22450,11
22451,22451,11
22452,22452,12
22453,22453,11
22454,22454,11
22455,22455,11
22456,22456,11
22457,22457,11
22458,22458,11
22459,22459,11
22460,22460,11
22461,22461,11
22462,22462,11
22463,22463,11
22464,22464,11
22465,22465,12
22466,22466,11
22467,22467,11
22468,22468,11
22469,22469,11
22470,22470,11
22471,22471,11
22472,22472,11
22473,22473,11
22474,22474,11
22475,22475,11
22476,22476,11
22477,22477,11
22478,22478,18
22479,22479,11
22480,22480,11
22481,22481,11
22482,22482,11
22483,22483,11
22484,22484,11
22485,22485,11
22486,22486,11
22487,22487,11
22488,22488,11
22489,22489,13
22490,22490,13
22491,22491,11
22492,22492,11
22493,22493,13
22494,22494,11
22495,22495,11
22496,22496,13
22497,22497,11
22498,22498,11
22499,22499,11
22500,22500,11
22501,22501,11
22502,22502,11
22503,22503,11
22504,22504,11
22505,22505,11
22506,22506,11
22507,22507,11
22508,22508,11
22509,22509,11
22510,22510,12
22511,22511,11
22512,22512,11
22513,22513,14
22514,22514,11
22515,22515,11
22516,22516,11
22517,22517,11
22518,22518,11
22519,22519,11
22520,22520,11
22521,22521,11
22522,22522,11
22523,22523,11
22524,22524,11
22525,22525,11
22526,22526,11
22527,22527,11
22528,22528,11
22529,22529,11
22530,22530,12
22531,22531,11
22532,22532,15
22533,22533,11
22534,22534,11
22535,22535,11
22536,22536,11
22537,22537,11
22538,22538,11
22539,22539,11
22540,22540,11
22541,22541,11
22542,22542,11
22543,22543,11
22544,22544,11
22545,22545,11
22546,22546,11
22547,22547,11
22548,22548,11
22549,22549,12
22550,22550,11
22551,22551,11
22552,22552,11
22553,22553,11
22554,22554,11
22555,22555,11
22556,22556,11
22557,22557,11
22558,22558,20
22559,22559,11
22560,22560,11
22561,22561,11
22562,22562,11
22563,22563,11
22564,22564,11
22565,22565,11
22566,22566,11
22567,22567,11
22568,22568,11
22569,22569,11
22570,22570,11
22571,22571,11
22572,22572,19
22573,22573,11
22574,22574,11
22575,22575,11
22576,22576,11
22577,22577,11
22578,22578,11
22579,22579,11
22580,22580,11
22581,22581,11
22582,22582,11
22583,22583,11
22584,22584,15
22585,22585,11
22586,22586,11
22587,22587,13
22588,22588,11
22589,22589,11
22590,22590,11
22591,22591,11
22592,22592,11
22593,22593,11
22594,22594,11
22595,22595,11
22596,22596,11
22597,22597,11
22598,22598,11
22599,22599,11
22600,22600,12
22601,22601,13
22602,22602,11
22603,22603,11
22604,22604,12
22605,22605,11
22606,22606,11
22607,22607,11
22608,22608,11
22609,22609,11
22610,22610,11
22611,22611,11
22612,22612,11
22613,22613,11
22614,22614,11
22615,22615,13
22616,22616,11
22617,22617,11
22618,22618,11
22619,22619,11
22620,22620,11
22621,22621,11
22622,22622,20
22623,22623,11
22624,22624,11
22625,22625,11
22626,22626,11
22627,22627,12
22628,22628,11
22629,22629,11
22630,22630,11
22631,22631,11
22632,22632,11
22633,22633,11
22634,22634,11
22635,22635,11
22636,22636,11
22637,22637,11
22638,22638,11
22639,22639,11
22640,22640,11
22641,22641,13
22642,22642,11
22643,22643,11
22644,22644,11
22645,22645,11
22646,22646,11
22647,22647,13
22648,22648,11
22649,22649,11
22650,22650,11
22651,22651,11
22652,22652,11
22653,22653,11
22654,22654,11
22655,22655,11
22656,22656,11
22657,22657,11
22658,22658,11
22659,22659,11
22660,22660,11
22661,22661,11
22662,22662,11
22663,22663,11
22664,22664,11
22665,22665,11
22666,22666,11
22667,22667,11
22668,22668,11
22669,22669,11
22670,22670,11
22671,22671,11
22672,22672,12
22673,22673,11
22674,22674,11
22675,22675,11
22676,22676,11
22677,22677,11
22678,22678,11
22679,22679,11
22680,22680,11
22681,22681,11
22682,22682,12
22683,22683,11
22684,22684,11
22685,22685,11
22686,22686,11
22687,22687,11
22688,22688,11
22689,22689,11
22690,22690,12
22691,22691,11
22692,22692,11
22693,22693,12
22694,22694,11
22695,22695,11
22696,22696,11
22697,22697,11
22698,22698,11
22699,22699,11
22700,22700,11
22701,22701,11
22702,22702,11
22703,22703,11
22704,22704,11
22705,22705,11
22706,22706,11
22707,22707,11
22708,22708,11
22709,22709,11
22710,22710,11
22711,22711,11
22712,22712,11
22713,22713,11
22714,22714,11
22715,22715,22
22716,22716,11
22717,22717,11
22718,22718,11
22719,22719,11
22720,22720,11
22721,22721,16
22722,22722,11
22723,22723,11
22724,22724,11
22725,22725,11
22726,22726,11
22727,22727,12
22728,22728,11
22729,22729,11
22730,22730,11
22731,22731,11
22732,22732,11
22733,22733,12
22734,22734,11
22735,22735,11
22736,22736,11
22737,22737,11
22738,22738,11
22739,22739,11
22740,22740,11
22741,22741,11
22742,22742,11
22743,22743,11
22744,22744,12
22745,22745,11
22746,22746,11
22747,22747,11
22748,22748,13
22749,22749,12
22750,22750,11
22751,22751,11
22752,22752,11
22753,22753,11
22754,22754,11
22755,22755,11
22756,22756,11
22757,22757,11
22758,22758,11
22759,22759,11
22760,22760,13
22761,22761,11
22762,22762,11
22763,22763,11
22764,22764,11
22765,22765,11
22766,22766,11
22767,22767,11
22768,22768,11
22769,22769,11
22770,22770,11
22771,22771,12
22772,22772,11
22773,22773,11
22774,22774,11
22775,22775,11
22776,22776,11
22777,22777,11
22778,22778,11
22779,22779,12
22780,22780,11
22781,22781,11
22782,22782,11
22783,22783,11
22784,22784,11
22785,22785,11
22786,22786,11
22787,22787,11
22788,22788,11
22789,22789,13
22790,22790,11
22791,22791,11
22792,22792,11
22793,22793,11
22794,22794,11
22795,22795,11
22796,22796,11
22797,22797,11
22798,22798,11
22799,22799,11
22800,22800,11
22801,22801,11
22802,22802,11
22803,22803,11
22804,22804,11
22805,22805,11
22806,22806,11
22807,22807,11
22808,22808,17
22809,22809,11
22810,22810,11
22811,22811,11
22812,22812,11
22813,22813,11
22814,22814,11
22815,22815,11
22816,22816,11
22817,22817,11
22818,22818,11
22819,22819,11
22820,22820,12
22821,22821,11
22822,22822,11
22823,22823,11
22824,22824,11
22825,22825,11
22826,22826,11
22827,22827,11
22828,22828,11
22829,22829,11
22830,22830,11
22831,22831,11
22832,22832,11
22833,22833,11
22834,22834,11
22835,22835,11
22836,22836,11
22837,22837,11
22838,22838,11
22839,22839,11
22840,22840,11
22841,22841,11
22842,22842,11
22843,22843,11
22844,22844,16
22845,22845,12
22846,22846,11
22847,22847,11
22848,22848,11
22849,22849,11
22850,22850,11
22851,22851,11
22852,22852,11
22853,22853,11
22854,22854,12
22855,22855,11
22856,22856,11
22857,22857,11
22858,22858,11
22859,22859,11
22860,22860,11
22861,22861,11
22862,22862,12
22863,22863,11
22864,22864,11
22865,22865,11
22866,22866,11
22867,22867,11
22868,22868,11
22869,22869,11
22870,22870,11
22871,22871,11
22872,22872,11
22873,22873,11
22874,22874,11
22875,22875,11
22876,22876,11
22877,22877,11
22878,22878,11
22879,22879,11
22880,22880,11
22881,22881,11
22882,22882,11
22883,22883,11
22884,22884,11
22885,22885,11
22886,22886,11
22887,22887,12
22888,22888,11
22889,22889,11
22890,22890,11
22891,22891,11
22892,22892,11
22893,22893,11
22894,22894,11
22895,22895,11
22896,22896,11
22897,22897,11
22898,22898,11
22899,22899,11
22900,22900,11
22901,22901,11
22902,22902,11
22903,22903,11
22904,22904,11
22905,22905,11
22906,22906,11
22907,22907,12
22908,22908,13
22909,22909,11
22910,22910,12
22911,22911,11
22912,22912,11
22913,22913,11
22914,22914,11
22915,22915,11
22916,22916,11
22917,22917,11
22918,22918,11
22919,22919,11
22920,22920,11
22921,22921,11
22922,22922,14
22923,22923,11
22924,22924,11
22925,22925,11
22926,22926,15
22927,22927,12
22928,22928,11
22929,22929,11
22930,22930,11
22931,22931,11
22932,22932,13
22933,22933,11
22934,22934,11
22935,22935,11
22936,22936,11
22937,22937,11
22938,22938,12
22939,22939,11
22940,22940,11
22941,22941,11
22942,22942,11
22943,22943,11
22944,22944,11
22945,22945,11
22946,22946,11
22947,22947,11
22948,22948,11
22949,22949,11
22950,22950,11
22951,22951,11
22952,22952,11
22953,22953,11
22954,22954,11
22955,22955,11
22956,22956,11
22957,22957,12
22958,22958,11
22959,22959,11
22960,22960,11
22961,22961,11
22962,22962,11
22963,22963,11
22964,22964,11
22965,22965,13
22966,22966,11
22967,22967,11
22968,22968,11
22969,22969,14
22970,22970,11
22971,22971,11
22972,22972,12
22973,22973,11
22974,22974,11
22975,22975,11
22976,22976,11
22977,22977,11
22978,22978,11
22979,22979,11
22980,22980,11
22981,22981,11
22982,22982,11
22983,22983,11
22984,22984,11
22985,22985,11
22986,22986,11
22987,22987,11
22988,22988,11
22989,22989,11
22990,22990,11
22991,22991,11
22992,22992,11
22993,22993,11
22994,22994,11
22995,22995,11
22996,22996,11
22997,22997,11
22998,22998,11
22999,22999,11
23000,23000,11
23001,23001,11
23002,23002,11
23003,23003,11
23004,23004,11
23005,23005,11
23006,23006,11
23007,23007,11
23008,23008,11
23009,23009,11
23010,23010,12
23011,23011,11
23012,23012,11
23013,23013,11
23014,23014,11
23015,23015,11
23016,23016,11
23017,23017,11
23018,23018,11
23019,23019,11
23020,23020,11
23021,23021,13
23022,23022,12
23023,23023,11
23024,23024,12
23025,23025,11
23026,23026,11
23027,23027,11
23028,23028,11
23029,23029,12
23030,23030,11
23031,23031,11
23032,23032,11
23033,23033,11
23034,23034,11
23035,23035,11
23036,23036,11
23037,23037,11
23038,23038,11
23039,23039,13
23040,23040,11
23041,23041,11
23042,23042,11
23043,23043,11
23044,23044,11
23045,23045,11
23046,23046,11
23047,23047,11
23048,23048,11
23049,23049,11
23050,23050,11
23051,23051,11
23052,23052,11
23053,23053,11
23054,23054,11
23055,23055,11
23056,23056,11
23057,23057,11
23058,23058,11
23059,23059,11
23060,23060,11
23061,23061,11
23062,23062,11
23063,23063,12
23064,23064,11
23065,23065,11
23066,23066,11
23067,23067,11
23068,23068,11
23069,23069,11
23070,23070,11
23071,23071,11
23072,23072,11
23073,23073,11
23074,23074,11
23075,23075,11
23076,23076,11
23077,23077,11
23078,23078,11
23079,23079,11
23080,23080,11
23081,23081,11
23082,23082,11
23083,23083,11
23084,23084,11
23085,23085,11
23086,23086,12
23087,23087,11
23088,23088,11
23089,23089,11
23090,23090,11
23091,23091,11
23092,23092,11
23093,23093,11
23094,23094,11
23095,23095,11
23096,23096,11
23097,23097,11
23098,23098,11
23099,23099,11
23100,23100,11
23101,23101,11
23102,23102,11
23103,23103,11
23104,23104,11
23105,23105,11
23106,23106,11
23107,23107,11
23108,23108,11
23109,23109,11
23110,23110,11
23111,23111,11
23112,23112,11
23113,23113,11
23114,23114,11
23115,23115,11
23116,23116,11
23117,23117,11
23118,23118,11
23119,23119,33
23120,23120,11
23121,23121,11
23122,23122,11
23123,23123,11
23124,23124,11
23125,23125,11
23126,23126,11
23127,23127,11
23128,23128,11
23129,23129,11
23130,23130,11
23131,23131,11
23132,23132,11
23133,23133,11
23134,23134,11
23135,23135,11
23136,23136,11
23137,23137,11
23138,23138,11
23139,23139,11
23140,23140,11
23141,23141,11
23142,23142,11
23143,23143,11
23144,23144,11
23145,23145,11
23146,23146,11
23147,23147,11
23148,23148,11
23149,23149,11
23150,23150,11
23151,23151,11
23152,23152,11
23153,23153,12
23154,23154,11
23155,23155,11
23156,23156,11
23157,23157,13
23158,23158,11
23159,23159,11
23160,23160,11
23161,23161,11
23162,23162,11
23163,23163,12
23164,23164,11
23165,23165,11
23166,23166,11
23167,23167,11
23168,23168,11
23169,23169,11
23170,23170,11
23171,23171,11
23172,23172,13
23173,23173,11
23174,23174,11
23175,23175,11
23176,23176,11
23177,23177,13
23178,23178,11
23179,23179,11
23180,23180,11
23181,23181,11
23182,23182,11
23183,23183,11
23184,23184,13
23185,23185,11
23186,23186,12
23187,23187,11
23188,23188,11
23189,23189,11
23190,23190,11
23191,23191,11
23192,23192,11
23193,23193,11
23194,23194,11
23195,23195,11
23196,23196,11
23197,23197,13
23198,23198,11
23199,23199,11
23200,23200,11
23201,23201,11
23202,23202,11
23203,23203,11
23204,23204,11
23205,23205,11
23206,23206,11
23207,23207,11
23208,23208,11
23209,23209,11
23210,23210,11
23211,23211,11
23212,23212,11
23213,23213,11
23214,23214,11
23215,23215,13
23216,23216,11
23217,23217,11
23218,23218,11
23219,23219,11
23220,23220,11
23221,23221,11
23222,23222,11
23223,23223,11
23224,23224,11
23225,23225,11
23226,23226,11
23227,23227,11
23228,23228,11
23229,23229,11
23230,23230,12
23231,23231,11
23232,23232,15
23233,23233,11
23234,23234,11
23235,23235,11
23236,23236,13
23237,23237,11
23238,23238,11
23239,23239,11
23240,23240,11
23241,23241,11
23242,23242,11
23243,23243,11
23244,23244,11
23245,23245,11
23246,23246,15
23247,23247,11
23248,23248,11
23249,23249,11
23250,23250,11
23251,23251,11
23252,23252,11
23253,23253,12
23254,23254,11
23255,23255,11
23256,23256,11
23257,23257,12
23258,23258,11
23259,23259,11
23260,23260,11
23261,23261,11
23262,23262,11
23263,23263,11
23264,23264,11
23265,23265,11
23266,23266,11
23267,23267,11
23268,23268,11
23269,23269,13
23270,23270,11
23271,23271,11
23272,23272,11
23273,23273,11
23274,23274,11
23275,23275,11
23276,23276,11
23277,23277,11
23278,23278,11
23279,23279,11
23280,23280,11
23281,23281,11
23282,23282,11
23283,23283,11
23284,23284,11
23285,23285,11
23286,23286,12
23287,23287,11
23288,23288,11
23289,23289,11
23290,23290,11
23291,23291,11
23292,23292,11
23293,23293,11
23294,23294,11
23295,23295,11
23296,23296,11
23297,23297,11
23298,23298,11
23299,23299,11
23300,23300,12
23301,23301,11
23302,23302,11
23303,23303,12
23304,23304,13
23305,23305,11
23306,23306,11
23307,23307,11
23308,23308,11
23309,23309,11
23310,23310,11
23311,23311,11
23312,23312,11
23313,23313,11
23314,23314,13
23315,23315,11
23316,23316,11
23317,23317,11
23318,23318,11
23319,23319,11
23320,23320,11
23321,23321,11
23322,23322,11
23323,23323,11
23324,23324,11
23325,23325,11
23326,23326,11
23327,23327,11
23328,23328,11
23329,23329,11
23330,23330,11
23331,23331,11
23332,23332,11
23333,23333,11
23334,23334,12
23335,23335,11
23336,23336,11
23337,23337,11
23338,23338,11
23339,23339,11
23340,23340,11
23341,23341,11
23342,23342,11
23343,23343,11
23344,23344,11
23345,23345,11
23346,23346,11
23347,23347,11
23348,23348,11
23349,23349,11
23350,23350,11
23351,23351,11
23352,23352,11
23353,23353,11
23354,23354,11
23355,23355,11
23356,23356,11
23357,23357,11
23358,23358,11
23359,23359,11
23360,23360,11
23361,23361,11
23362,23362,11
23363,23363,11
23364,23364,11
23365,23365,11
23366,23366,11
23367,23367,12
23368,23368,11
23369,23369,11
23370,23370,11
23371,23371,11
23372,23372,11
23373,23373,12
23374,23374,11
23375,23375,11
23376,23376,11
23377,23377,11
23378,23378,12
23379,23379,11
23380,23380,11
23381,23381,11
23382,23382,11
23383,23383,11
23384,23384,11
23385,23385,11
23386,23386,11
23387,23387,11
23388,23388,11
23389,23389,11
23390,23390,11
23391,23391,11
23392,23392,15
23393,23393,11
23394,23394,11
23395,23395,11
23396,23396,11
23397,23397,11
23398,23398,12
23399,23399,13
23400,23400,13
23401,23401,11
23402,23402,11
23403,23403,11
23404,23404,12
23405,23405,11
23406,23406,11
23407,23407,11
23408,23408,11
23409,23409,11
23410,23410,11
23411,23411,11
23412,23412,11
23413,23413,11
23414,23414,11
23415,23415,11
23416,23416,11
23417,23417,15
23418,23418,11
23419,23419,12
23420,23420,12
23421,23421,11
23422,23422,11
23423,23423,11
23424,23424,11
23425,23425,11
23426,23426,12
23427,23427,11
23428,23428,12
23429,23429,15
23430,23430,11
23431,23431,11
23432,23432,11
23433,23433,11
23434,23434,11
23435,23435,11
23436,23436,11
23437,23437,11
23438,23438,11
23439,23439,11
23440,23440,14
23441,23441,11
23442,23442,11
23443,23443,11
23444,23444,11
23445,23445,11
23446,23446,11
23447,23447,11
23448,23448,11
23449,23449,11
23450,23450,12
23451,23451,12
23452,23452,11
23453,23453,11
23454,23454,11
23455,23455,11
23456,23456,11
23457,23457,12
23458,23458,11
23459,23459,11
23460,23460,13
23461,23461,11
23462,23462,11
23463,23463,11
23464,23464,12
23465,23465,15
23466,23466,11
23467,23467,11
23468,23468,11
23469,23469,11
23470,23470,11
23471,23471,11
23472,23472,11
23473,23473,11
23474,23474,11
23475,23475,11
23476,23476,11
23477,23477,11
23478,23478,11
23479,23479,11
23480,23480,11
23481,23481,11
23482,23482,11
23483,23483,11
23484,23484,11
23485,23485,11
23486,23486,12
23487,23487,11
23488,23488,11
23489,23489,11
23490,23490,12
23491,23491,11
23492,23492,11
23493,23493,11
23494,23494,11
23495,23495,11
23496,23496,12
23497,23497,11
23498,23498,12
23499,23499,11
23500,23500,21
23501,23501,11
23502,23502,11
23503,23503,11
23504,23504,11
23505,23505,11
23506,23506,11
23507,23507,11
23508,23508,11
23509,23509,12
23510,23510,11
23511,23511,14
23512,23512,11
23513,23513,11
23514,23514,11
23515,23515,11
23516,23516,16
23517,23517,11
23518,23518,12
23519,23519,11
23520,23520,11
23521,23521,11
23522,23522,11
23523,23523,11
23524,23524,11
23525,23525,11
23526,23526,11
23527,23527,11
23528,23528,12
23529,23529,11
23530,23530,11
23531,23531,11
23532,23532,11
23533,23533,11
23534,23534,11
23535,23535,12
23536,23536,11
23537,23537,11
23538,23538,12
23539,23539,11
23540,23540,11
23541,23541,11
23542,23542,11
23543,23543,11
23544,23544,11
23545,23545,11
23546,23546,11
23547,23547,11
23548,23548,11
23549,23549,11
23550,23550,11
23551,23551,11
23552,23552,11
23553,23553,11
23554,23554,11
23555,23555,11
23556,23556,11
23557,23557,11
23558,23558,11
23559,23559,11
23560,23560,11
23561,23561,11
23562,23562,11
23563,23563,11
23564,23564,11
23565,23565,12
23566,23566,11
23567,23567,11
23568,23568,11
23569,23569,11
23570,23570,11
23571,23571,11
23572,23572,11
23573,23573,11
23574,23574,11
23575,23575,11
23576,23576,11
23577,23577,11
23578,23578,11
23579,23579,11
23580,23580,11
23581,23581,11
23582,23582,11
23583,23583,11
23584,23584,11
23585,23585,11
23586,23586,11
23587,23587,11
23588,23588,13
23589,23589,11
23590,23590,11
23591,23591,11
23592,23592,11
23593,23593,11
23594,23594,11
23595,23595,11
23596,23596,11
23597,23597,11
23598,23598,11
23599,23599,11
23600,23600,11
23601,23601,11
23602,23602,12
23603,23603,11
23604,23604,11
23605,23605,11
23606,23606,13
23607,23607,11
23608,23608,11
23609,23609,11
23610,23610,11
23611,23611,11
23612,23612,11
23613,23613,11
23614,23614,11
23615,23615,11
23616,23616,11
23617,23617,11
23618,23618,11
23619,23619,11
23620,23620,11
23621,23621,11
23622,23622,11
23623,23623,11
23624,23624,12
23625,23625,11
23626,23626,11
23627,23627,11
23628,23628,11
23629,23629,11
23630,23630,12
23631,23631,11
23632,23632,11
23633,23633,11
23634,23634,12
23635,23635,11
23636,23636,11
23637,23637,11
23638,23638,11
23639,23639,11
23640,23640,11
23641,23641,11
23642,23642,11
23643,23643,11
23644,23644,12
23645,23645,11
23646,23646,11
23647,23647,13
23648,23648,11
23649,23649,11
23650,23650,12
23651,23651,11
23652,23652,11
23653,23653,11
23654,23654,11
23655,23655,11
23656,23656,14
23657,23657,11
23658,23658,11
23659,23659,11
23660,23660,11
23661,23661,11
23662,23662,11
23663,23663,11
23664,23664,11
23665,23665,11
23666,23666,11
23667,23667,11
23668,23668,11
23669,23669,11
23670,23670,11
23671,23671,11
23672,23672,11
23673,23673,12
23674,23674,11
23675,23675,11
23676,23676,11
23677,23677,13
23678,23678,11
23679,23679,11
23680,23680,11
23681,23681,11
23682,23682,11
23683,23683,11
23684,23684,20
23685,23685,11
23686,23686,11
23687,23687,11
23688,23688,11
23689,23689,11
23690,23690,11
23691,23691,11
23692,23692,11
23693,23693,11
23694,23694,11
23695,23695,11
23696,23696,11
23697,23697,11
23698,23698,11
23699,23699,11
23700,23700,13
23701,23701,11
23702,23702,11
23703,23703,11
23704,23704,11
23705,23705,11
23706,23706,11
23707,23707,11
23708,23708,11
23709,23709,11
23710,23710,11
23711,23711,11
23712,23712,11
23713,23713,11
23714,23714,11
23715,23715,11
23716,23716,11
23717,23717,11
23718,23718,11
23719,23719,11
23720,23720,12
23721,23721,11
23722,23722,11
23723,23723,11
23724,23724,11
23725,23725,11
23726,23726,11
23727,23727,13
23728,23728,12
23729,23729,12
23730,23730,11
23731,23731,11
23732,23732,11
23733,23733,11
23734,23734,11
23735,23735,11
23736,23736,11
23737,23737,12
23738,23738,11
23739,23739,11
23740,23740,11
23741,23741,11
23742,23742,11
23743,23743,11
23744,23744,11
23745,23745,11
23746,23746,11
23747,23747,11
23748,23748,11
23749,23749,11
23750,23750,11
23751,23751,11
23752,23752,11
23753,23753,11
23754,23754,12
23755,23755,11
23756,23756,11
23757,23757,11
23758,23758,11
23759,23759,11
23760,23760,11
23761,23761,12
23762,23762,11
23763,23763,11
23764,23764,11
23765,23765,11
23766,23766,18
23767,23767,11
23768,23768,11
23769,23769,11
23770,23770,11
23771,23771,11
23772,23772,11
23773,23773,11
23774,23774,11
23775,23775,11
23776,23776,11
23777,23777,11
23778,23778,11
23779,23779,11
23780,23780,11
23781,23781,11
23782,23782,11
23783,23783,11
23784,23784,11
23785,23785,11
23786,23786,11
23787,23787,11
23788,23788,12
23789,23789,11
23790,23790,11
23791,23791,11
23792,23792,11
23793,23793,11
23794,23794,11
23795,23795,11
23796,23796,11
23797,23797,11
23798,23798,11
23799,23799,11
23800,23800,11
23801,23801,11
23802,23802,11
23803,23803,11
23804,23804,11
23805,23805,11
23806,23806,11
23807,23807,13
23808,23808,11
23809,23809,11
23810,23810,11
23811,23811,11
23812,23812,11
23813,23813,11
23814,23814,11
23815,23815,11
23816,23816,11
23817,23817,11
23818,23818,11
23819,23819,11
23820,23820,11
23821,23821,11
23822,23822,12
23823,23823,11
23824,23824,11
23825,23825,11
23826,23826,11
23827,23827,11
23828,23828,11
23829,23829,11
23830,23830,11
23831,23831,11
23832,23832,11
23833,23833,11
23834,23834,11
23835,23835,11
23836,23836,11
23837,23837,11
23838,23838,11
23839,23839,11
23840,23840,11
23841,23841,11
23842,23842,11
23843,23843,11
23844,23844,11
23845,23845,11
23846,23846,11
23847,23847,11
23848,23848,11
23849,23849,11
23850,23850,11
23851,23851,11
23852,23852,11
23853,23853,11
23854,23854,11
23855,23855,11
23856,23856,11
23857,23857,11
23858,23858,11
23859,23859,12
23860,23860,11
23861,23861,11
23862,23862,11
23863,23863,11
23864,23864,11
23865,23865,11
23866,23866,11
23867,23867,11
23868,23868,11
23869,23869,11
23870,23870,11
23871,23871,11
23872,23872,11
23873,23873,12
23874,23874,11
23875,23875,11
23876,23876,11
23877,23877,12
23878,23878,11
23879,23879,11
23880,23880,11
23881,23881,11
23882,23882,11
23883,23883,11
23884,23884,11
23885,23885,11
23886,23886,12
23887,23887,14
23888,23888,11
23889,23889,11
23890,23890,11
23891,23891,11
23892,23892,11
23893,23893,12
23894,23894,11
23895,23895,12
23896,23896,11
23897,23897,11
23898,23898,11
23899,23899,11
23900,23900,11
23901,23901,11
23902,23902,11
23903,23903,11
23904,23904,11
23905,23905,11
23906,23906,11
23907,23907,11
23908,23908,11
23909,23909,11
23910,23910,11
23911,23911,11
23912,23912,11
23913,23913,11
23914,23914,11
23915,23915,11
23916,23916,11
23917,23917,11
23918,23918,11
23919,23919,11
23920,23920,11
23921,23921,11
23922,23922,11
23923,23923,11
23924,23924,11
23925,23925,11
23926,23926,14
23927,23927,11
23928,23928,11
23929,23929,12
23930,23930,11
23931,23931,11
23932,23932,11
23933,23933,11
23934,23934,11
23935,23935,14
23936,23936,11
23937,23937,11
23938,23938,12
23939,23939,11
23940,23940,11
23941,23941,11
23942,23942,11
23943,23943,11
23944,23944,11
23945,23945,11
23946,23946,14
23947,23947,11
23948,23948,11
23949,23949,11
23950,23950,11
23951,23951,11
23952,23952,11
23953,23953,11
23954,23954,12
23955,23955,13
23956,23956,11
23957,23957,11
23958,23958,11
23959,23959,11
23960,23960,12
23961,23961,11
23962,23962,11
23963,23963,11
23964,23964,11
23965,23965,11
23966,23966,12
23967,23967,11
23968,23968,11
23969,23969,11
23970,23970,11
23971,23971,11
23972,23972,11
23973,23973,11
23974,23974,11
23975,23975,11
23976,23976,12
23977,23977,11
23978,23978,11
23979,23979,11
23980,23980,12
23981,23981,11
23982,23982,11
23983,23983,11
23984,23984,11
23985,23985,11
23986,23986,11
23987,23987,12
23988,23988,11
23989,23989,11
23990,23990,11
23991,23991,11
23992,23992,11
23993,23993,11
23994,23994,11
23995,23995,11
23996,23996,12
23997,23997,12
23998,23998,11
23999,23999,11
24000,24000,11
24001,24001,12
24002,24002,11
24003,24003,11
24004,24004,11
24005,24005,11
24006,24006,11
24007,24007,11
24008,24008,11
24009,24009,11
24010,24010,11
24011,24011,14
24012,24012,11
24013,24013,11
24014,24014,11
24015,24015,11
24016,24016,13
24017,24017,13
24018,24018,11
24019,24019,11
24020,24020,11
24021,24021,11
24022,24022,11
24023,24023,11
24024,24024,11
24025,24025,11
24026,24026,11
24027,24027,11
24028,24028,11
24029,24029,11
24030,24030,12
24031,24031,11
24032,24032,11
24033,24033,11
24034,24034,11
24035,24035,11
24036,24036,14
24037,24037,11
24038,24038,11
24039,24039,11
24040,24040,11
24041,24041,13
24042,24042,11
24043,24043,11
24044,24044,11
24045,24045,11
24046,24046,11
24047,24047,11
24048,24048,11
24049,24049,11
24050,24050,11
24051,24051,22
24052,24052,11
24053,24053,11
24054,24054,11
24055,24055,11
24056,24056,17
24057,24057,11
24058,24058,11
24059,24059,11
24060,24060,11
24061,24061,12
24062,24062,11
24063,24063,11
24064,24064,11
24065,24065,14
24066,24066,11
24067,24067,11
24068,24068,12
24069,24069,11
24070,24070,11
24071,24071,11
24072,24072,11
24073,24073,11
24074,24074,11
24075,24075,12
24076,24076,11
24077,24077,11
24078,24078,11
24079,24079,11
24080,24080,11
24081,24081,11
24082,24082,11
24083,24083,11
24084,24084,11
24085,24085,11
24086,24086,11
24087,24087,11
24088,24088,11
24089,24089,11
24090,24090,11
24091,24091,11
24092,24092,11
24093,24093,11
24094,24094,11
24095,24095,11
24096,24096,11
24097,24097,11
24098,24098,11
24099,24099,11
24100,24100,11
24101,24101,11
24102,24102,11
24103,24103,11
24104,24104,11
24105,24105,11
24106,24106,11
24107,24107,11
24108,24108,11
24109,24109,11
24110,24110,11
24111,24111,11
24112,24112,11
24113,24113,11
24114,24114,11
24115,24115,11
24116,24116,11
24117,24117,11
24118,24118,11
24119,24119,11
24120,24120,11
24121,24121,11
24122,24122,11
24123,24123,11
24124,24124,11
24125,24125,11
24126,24126,11
24127,24127,11
24128,24128,11
24129,24129,11
24130,24130,12
24131,24131,11
24132,24132,11
24133,24133,11
24134,24134,11
24135,24135,11
24136,24136,11
24137,24137,11
24138,24138,12
24139,24139,11
24140,24140,11
24141,24141,11
24142,24142,11
24143,24143,11
24144,24144,11
24145,24145,11
24146,24146,11
24147,24147,11
24148,24148,11
24149,24149,11
24150,24150,11
24151,24151,11
24152,24152,14
24153,24153,11
24154,24154,11
24155,24155,11
24156,24156,11
24157,24157,11
24158,24158,11
24159,24159,11
24160,24160,11
24161,24161,11
24162,24162,11
24163,24163,12
24164,24164,11
24165,24165,11
24166,24166,11
24167,24167,11
24168,24168,11
24169,24169,11
24170,24170,11
24171,24171,11
24172,24172,11
24173,24173,11
24174,24174,11
24175,24175,13
24176,24176,11
24177,24177,11
24178,24178,12
24179,24179,11
24180,24180,11
24181,24181,11
24182,24182,11
24183,24183,11
24184,24184,11
24185,24185,11
24186,24186,11
24187,24187,11
24188,24188,11
24189,24189,11
24190,24190,11
24191,24191,11
24192,24192,11
24193,24193,11
24194,24194,11
24195,24195,11
24196,24196,13
24197,24197,11
24198,24198,11
24199,24199,11
24200,24200,11
24201,24201,11
24202,24202,11
24203,24203,11
24204,24204,11
24205,24205,11
24206,24206,11
24207,24207,11
24208,24208,11
24209,24209,13
24210,24210,11
24211,24211,11
24212,24212,11
24213,24213,11
24214,24214,11
24215,24215,11
24216,24216,11
24217,24217,11
24218,24218,11
24219,24219,11
24220,24220,11
24221,24221,11
24222,24222,11
24223,24223,11
24224,24224,11
24225,24225,11
24226,24226,11
24227,24227,11
24228,24228,11
24229,24229,11
24230,24230,11
24231,24231,14
24232,24232,11
24233,24233,11
24234,24234,11
24235,24235,11
24236,24236,11
24237,24237,11
24238,24238,11
24239,24239,11
24240,24240,11
24241,24241,11
24242,24242,11
24243,24243,11
24244,24244,11
24245,24245,11
24246,24246,11
24247,24247,11
24248,24248,11
24249,24249,11
24250,24250,11
24251,24251,11
24252,24252,11
24253,24253,11
24254,24254,11
24255,24255,11
24256,24256,13
24257,24257,11
24258,24258,11
24259,24259,11
24260,24260,11
24261,24261,11
24262,24262,11
24263,24263,11
24264,24264,11
24265,24265,14
24266,24266,11
24267,24267,19
24268,24268,11
24269,24269,12
24270,24270,11
24271,24271,11
24272,24272,11
24273,24273,11
24274,24274,11
24275,24275,11
24276,24276,15
24277,24277,11
24278,24278,11
24279,24279,12
24280,24280,11
24281,24281,11
24282,24282,11
24283,24283,12
24284,24284,11
24285,24285,11
24286,24286,11
24287,24287,11
24288,24288,11
24289,24289,11
24290,24290,11
24291,24291,11
24292,24292,12
24293,24293,11
24294,24294,12
24295,24295,11
24296,24296,13
24297,24297,11
24298,24298,11
24299,24299,24
24300,24300,11
24301,24301,11
24302,24302,11
24303,24303,11
24304,24304,11
24305,24305,11
24306,24306,11
24307,24307,12
24308,24308,11
24309,24309,11
24310,24310,11
24311,24311,11
24312,24312,11
24313,24313,11
24314,24314,11
24315,24315,11
24316,24316,11
24317,24317,11
24318,24318,11
24319,24319,11
24320,24320,11
24321,24321,11
24322,24322,11
24323,24323,16
24324,24324,11
24325,24325,11
24326,24326,13
24327,24327,11
24328,24328,11
24329,24329,11
24330,24330,29
24331,24331,11
24332,24332,11
24333,24333,11
24334,24334,11
24335,24335,12
24336,24336,11
24337,24337,11
24338,24338,11
24339,24339,11
24340,24340,11
24341,24341,11
24342,24342,11
24343,24343,11
24344,24344,11
24345,24345,11
24346,24346,11
24347,24347,11
24348,24348,11
24349,24349,11
24350,24350,11
24351,24351,11
24352,24352,11
24353,24353,11
24354,24354,21
24355,24355,11
24356,24356,11
24357,24357,11
24358,24358,11
24359,24359,11
24360,24360,11
24361,24361,11
24362,24362,11
24363,24363,11
24364,24364,11
24365,24365,11
24366,24366,11
24367,24367,11
24368,24368,11
24369,24369,11
24370,24370,11
24371,24371,11
24372,24372,11
24373,24373,11
24374,24374,11
24375,24375,11
24376,24376,11
24377,24377,11
24378,24378,11
24379,24379,11
24380,24380,11
24381,24381,11
24382,24382,11
24383,24383,11
24384,24384,12
24385,24385,11
24386,24386,12
24387,24387,11
24388,24388,11
24389,24389,12
24390,24390,13
24391,24391,12
24392,24392,17
24393,24393,21
24394,24394,11
24395,24395,11
24396,24396,11
24397,24397,11
24398,24398,11
24399,24399,11
24400,24400,11
24401,24401,11
24402,24402,13
24403,24403,11
24404,24404,11
24405,24405,11
24406,24406,11
24407,24407,11
24408,24408,11
24409,24409,11
24410,24410,11
24411,24411,11
24412,24412,11
24413,24413,11
24414,24414,11
24415,24415,11
24416,24416,14
24417,24417,11
24418,24418,11
24419,24419,11
24420,24420,11
24421,24421,11
24422,24422,11
24423,24423,11
24424,24424,16
24425,24425,11
24426,24426,11
24427,24427,35
24428,24428,11
24429,24429,11
24430,24430,11
24431,24431,11
24432,24432,11
24433,24433,11
24434,24434,11
24435,24435,11
24436,24436,11
24437,24437,11
24438,24438,12
24439,24439,11
24440,24440,11
24441,24441,18
24442,24442,11
24443,24443,11
24444,24444,11
24445,24445,11
24446,24446,11
24447,24447,13
24448,24448,11
24449,24449,11
24450,24450,11
24451,24451,11
24452,24452,11
24453,24453,11
24454,24454,11
24455,24455,11
24456,24456,11
24457,24457,11
24458,24458,11
24459,24459,11
24460,24460,11
24461,24461,11
24462,24462,11
24463,24463,13
24464,24464,11
24465,24465,11
24466,24466,11
24467,24467,11
24468,24468,11
24469,24469,11
24470,24470,11
24471,24471,11
24472,24472,11
24473,24473,11
24474,24474,11
24475,24475,11
24476,24476,11
24477,24477,11
24478,24478,11
24479,24479,11
24480,24480,14
24481,24481,11
24482,24482,11
24483,24483,11
24484,24484,11
24485,24485,11
24486,24486,11
24487,24487,14
24488,24488,11
24489,24489,11
24490,24490,11
24491,24491,11
24492,24492,11
24493,24493,11
24494,24494,11
24495,24495,11
24496,24496,11
24497,24497,11
24498,24498,11
24499,24499,12
24500,24500,11
24501,24501,11
24502,24502,11
24503,24503,11
24504,24504,29
24505,24505,12
24506,24506,11
24507,24507,11
24508,24508,14
24509,24509,11
24510,24510,11
24511,24511,11
24512,24512,11
24513,24513,11
24514,24514,12
24515,24515,11
24516,24516,11
24517,24517,11
24518,24518,11
24519,24519,11
24520,24520,11
24521,24521,11
24522,24522,11
24523,24523,11
24524,24524,11
24525,24525,11
24526,24526,11
24527,24527,11
24528,24528,11
24529,24529,11
24530,24530,11
24531,24531,11
24532,24532,11
24533,24533,11
24534,24534,11
24535,24535,11
24536,24536,11
24537,24537,11
24538,24538,11
24539,24539,11
24540,24540,11
24541,24541,11
24542,24542,11
24543,24543,11
24544,24544,11
24545,24545,11
24546,24546,11
24547,24547,11
24548,24548,11
24549,24549,11
24550,24550,11
24551,24551,11
24552,24552,11
24553,24553,11
24554,24554,11
24555,24555,11
24556,24556,11
24557,24557,11
24558,24558,11
24559,24559,11
24560,24560,11
24561,24561,12
24562,24562,16
24563,24563,11
24564,24564,11
24565,24565,11
24566,24566,11
24567,24567,11
24568,24568,11
24569,24569,11
24570,24570,11
24571,24571,11
24572,24572,12
24573,24573,12
24574,24574,11
24575,24575,11
24576,24576,11
24577,24577,11
24578,24578,11
24579,24579,11
24580,24580,11
24581,24581,11
24582,24582,12
24583,24583,11
24584,24584,11
24585,24585,11
24586,24586,11
24587,24587,11
24588,24588,11
24589,24589,11
24590,24590,11
24591,24591,11
24592,24592,11
24593,24593,11
24594,24594,11
24595,24595,11
24596,24596,11
24597,24597,11
24598,24598,15
24599,24599,12
24600,24600,12
24601,24601,30
24602,24602,18
24603,24603,11
24604,24604,15
24605,24605,11
24606,24606,11
24607,24607,11
24608,24608,11
24609,24609,13
24610,24610,11
24611,24611,11
24612,24612,11
24613,24613,11
24614,24614,11
24615,24615,11
24616,24616,11
24617,24617,11
24618,24618,11
24619,24619,11
24620,24620,11
24621,24621,11
24622,24622,11
24623,24623,11
24624,24624,11
24625,24625,13
24626,24626,12
24627,24627,12
24628,24628,11
24629,24629,11
24630,24630,11
24631,24631,11
24632,24632,11
24633,24633,13
24634,24634,11
24635,24635,11
24636,24636,11
24637,24637,11
24638,24638,11
24639,24639,12
24640,24640,11
24641,24641,12
24642,24642,11
24643,24643,11
24644,24644,11
24645,24645,13
24646,24646,11
24647,24647,11
24648,24648,11
24649,24649,11
24650,24650,11
24651,24651,11
24652,24652,11
24653,24653,11
24654,24654,11
24655,24655,11
24656,24656,11
24657,24657,11
24658,24658,11
24659,24659,12
24660,24660,13
24661,24661,12
24662,24662,11
24663,24663,11
24664,24664,11
24665,24665,11
24666,24666,11
24667,24667,11
24668,24668,11
24669,24669,11
24670,24670,16
24671,24671,11
24672,24672,11
24673,24673,11
24674,24674,11
24675,24675,11
24676,24676,12
24677,24677,11
24678,24678,11
24679,24679,13
24680,24680,11
24681,24681,11
24682,24682,13
24683,24683,11
24684,24684,11
24685,24685,12
24686,24686,11
24687,24687,11
24688,24688,11
24689,24689,11
24690,24690,12
24691,24691,11
24692,24692,11
24693,24693,11
24694,24694,11
24695,24695,11
24696,24696,11
24697,24697,11
24698,24698,11
24699,24699,12
24700,24700,11
24701,24701,11
24702,24702,11
24703,24703,11
24704,24704,11
24705,24705,11
24706,24706,11
24707,24707,13
24708,24708,15
24709,24709,12
24710,24710,12
24711,24711,11
24712,24712,11
24713,24713,11
24714,24714,11
24715,24715,11
24716,24716,11
24717,24717,11
24718,24718,11
24719,24719,11
24720,24720,11
24721,24721,11
24722,24722,11
24723,24723,11
24724,24724,11
24725,24725,11
24726,24726,11
24727,24727,12
24728,24728,12
24729,24729,11
24730,24730,11
24731,24731,11
24732,24732,11
24733,24733,11
24734,24734,11
24735,24735,11
24736,24736,11
24737,24737,11
24738,24738,11
24739,24739,11
24740,24740,11
24741,24741,11
24742,24742,11
24743,24743,11
24744,24744,11
24745,24745,11
24746,24746,11
24747,24747,11
24748,24748,12
24749,24749,11
24750,24750,11
24751,24751,24
24752,24752,13
24753,24753,11
24754,24754,21
24755,24755,11
24756,24756,11
24757,24757,11
24758,24758,11
24759,24759,11
24760,24760,11
24761,24761,11
24762,24762,11
24763,24763,11
24764,24764,11
24765,24765,11
24766,24766,11
24767,24767,13
24768,24768,12
24769,24769,11
24770,24770,11
24771,24771,11
24772,24772,11
24773,24773,11
24774,24774,11
24775,24775,11
24776,24776,11
24777,24777,11
24778,24778,11
24779,24779,12
24780,24780,11
24781,24781,11
24782,24782,13
24783,24783,11
24784,24784,11
24785,24785,11
24786,24786,11
24787,24787,11
24788,24788,11
24789,24789,12
24790,24790,11
24791,24791,34
24792,24792,11
24793,24793,11
24794,24794,11
24795,24795,12
24796,24796,11
24797,24797,11
24798,24798,11
24799,24799,11
24800,24800,11
24801,24801,11
24802,24802,11
24803,24803,11
24804,24804,11
24805,24805,12
24806,24806,11
24807,24807,11
24808,24808,11
24809,24809,13
24810,24810,11
24811,24811,11
24812,24812,11
24813,24813,11
24814,24814,11
24815,24815,11
24816,24816,12
24817,24817,11
24818,24818,11
24819,24819,11
24820,24820,11
24821,24821,11
24822,24822,11
24823,24823,11
24824,24824,11
24825,24825,11
24826,24826,11
24827,24827,11
24828,24828,12
24829,24829,13
24830,24830,11
24831,24831,11
24832,24832,11
24833,24833,11
24834,24834,11
24835,24835,11
24836,24836,11
24837,24837,11
24838,24838,11
24839,24839,11
24840,24840,11
24841,24841,11
24842,24842,11
24843,24843,15
24844,24844,11
24845,24845,11
24846,24846,11
24847,24847,11
24848,24848,11
24849,24849,11
24850,24850,11
24851,24851,11
24852,24852,11
24853,24853,11
24854,24854,12
24855,24855,11
24856,24856,11
24857,24857,11
24858,24858,11
24859,24859,11
24860,24860,11
24861,24861,11
24862,24862,11
24863,24863,12
24864,24864,11
24865,24865,11
24866,24866,11
24867,24867,11
24868,24868,11
24869,24869,11
24870,24870,11
24871,24871,11
24872,24872,11
24873,24873,11
24874,24874,11
24875,24875,11
24876,24876,11
24877,24877,11
24878,24878,11
24879,24879,11
24880,24880,11
24881,24881,19
24882,24882,12
24883,24883,11
24884,24884,11
24885,24885,12
24886,24886,11
24887,24887,11
24888,24888,11
24889,24889,11
24890,24890,11
24891,24891,12
24892,24892,11
24893,24893,11
24894,24894,11
24895,24895,11
24896,24896,11
24897,24897,11
24898,24898,11
24899,24899,11
24900,24900,11
24901,24901,11
24902,24902,11
24903,24903,13
24904,24904,11
24905,24905,11
24906,24906,11
24907,24907,11
24908,24908,11
24909,24909,11
24910,24910,11
24911,24911,11
24912,24912,11
24913,24913,11
24914,24914,11
24915,24915,11
24916,24916,11
24917,24917,11
24918,24918,11
24919,24919,12
24920,24920,11
24921,24921,12
24922,24922,11
24923,24923,11
24924,24924,11
24925,24925,11
24926,24926,11
24927,24927,11
24928,24928,11
24929,24929,11
24930,24930,11
24931,24931,11
24932,24932,12
24933,24933,11
24934,24934,12
24935,24935,11
24936,24936,11
24937,24937,11
24938,24938,11
24939,24939,11
24940,24940,11
24941,24941,11
24942,24942,11
24943,24943,11
24944,24944,11
24945,24945,11
24946,24946,11
24947,24947,11
24948,24948,11
24949,24949,11
24950,24950,11
24951,24951,11
24952,24952,11
24953,24953,11
24954,24954,11
24955,24955,11
24956,24956,11
24957,24957,11
24958,24958,11
24959,24959,11
24960,24960,11
24961,24961,12
24962,24962,11
24963,24963,11
24964,24964,13
24965,24965,11
24966,24966,11
24967,24967,11
24968,24968,11
24969,24969,11
24970,24970,12
24971,24971,11
24972,24972,11
24973,24973,11
24974,24974,11
24975,24975,11
24976,24976,11
24977,24977,11
24978,24978,11
24979,24979,11
24980,24980,11
24981,24981,14
24982,24982,11
24983,24983,11
24984,24984,11
24985,24985,11
24986,24986,11
24987,24987,12
24988,24988,11
24989,24989,11
24990,24990,12
24991,24991,12
24992,24992,11
24993,24993,11
24994,24994,11
24995,24995,11
24996,24996,11
24997,24997,11
24998,24998,11
24999,24999,11
25000,25000,11
25001,25001,11
25002,25002,11
25003,25003,11
25004,25004,11
25005,25005,12
25006,25006,11
25007,25007,11
25008,25008,11
25009,25009,11
25010,25010,11
25011,25011,11
25012,25012,11
25013,25013,11
25014,25014,11
25015,25015,11
25016,25016,11
25017,25017,11
25018,25018,11
25019,25019,11
25020,25020,11
25021,25021,11
25022,25022,11
25023,25023,11
25024,25024,12
25025,25025,12
25026,25026,11
25027,25027,11
25028,25028,11
25029,25029,11
25030,25030,11
25031,25031,11
25032,25032,11
25033,25033,11
25034,25034,11
25035,25035,15
25036,25036,11
25037,25037,11
25038,25038,11
25039,25039,11
25040,25040,19
25041,25041,11
25042,25042,14
25043,25043,11
25044,25044,11
25045,25045,11
25046,25046,11
25047,25047,11
25048,25048,11
25049,25049,11
25050,25050,11
25051,25051,11
25052,25052,11
25053,25053,15
25054,25054,11
25055,25055,11
25056,25056,11
25057,25057,11
25058,25058,11
25059,25059,11
25060,25060,11
25061,25061,11
25062,25062,11
25063,25063,11
25064,25064,11
25065,25065,11
25066,25066,15
25067,25067,11
25068,25068,11
25069,25069,11
25070,25070,11
25071,25071,11
25072,25072,11
25073,25073,11
25074,25074,12
25075,25075,11
25076,25076,11
25077,25077,11
25078,25078,11
25079,25079,11
25080,25080,11
25081,25081,11
25082,25082,11
25083,25083,11
25084,25084,11
25085,25085,11
25086,25086,11
25087,25087,11
25088,25088,11
25089,25089,11
25090,25090,11
25091,25091,11
25092,25092,11
25093,25093,11
25094,25094,11
25095,25095,11
25096,25096,12
25097,25097,11
25098,25098,11
25099,25099,11
25100,25100,11
25101,25101,11
25102,25102,11
25103,25103,11
25104,25104,11
25105,25105,11
25106,25106,11
25107,25107,11
25108,25108,11
25109,25109,11
25110,25110,11
25111,25111,11
25112,25112,11
25113,25113,11
25114,25114,11
25115,25115,12
25116,25116,11
25117,25117,11
25118,25118,11
25119,25119,11
25120,25120,11
25121,25121,11
25122,25122,11
25123,25123,11
25124,25124,11
25125,25125,11
25126,25126,11
25127,25127,11
25128,25128,11
25129,25129,11
25130,25130,11
25131,25131,11
25132,25132,12
25133,25133,13
25134,25134,12
25135,25135,11
25136,25136,11
25137,25137,11
25138,25138,11
25139,25139,11
25140,25140,11
25141,25141,13
25142,25142,11
25143,25143,11
25144,25144,11
25145,25145,11
25146,25146,11
25147,25147,11
25148,25148,12
25149,25149,11
25150,25150,11
25151,25151,11
25152,25152,12
25153,25153,11
25154,25154,11
25155,25155,11
25156,25156,11
25157,25157,12
25158,25158,12
25159,25159,11
25160,25160,11
25161,25161,11
25162,25162,11
25163,25163,11
25164,25164,11
25165,25165,11
25166,25166,12
25167,25167,11
25168,25168,11
25169,25169,11
25170,25170,11
25171,25171,11
25172,25172,11
25173,25173,11
25174,25174,11
25175,25175,11
25176,25176,11
25177,25177,11
25178,25178,11
25179,25179,11
25180,25180,11
25181,25181,11
25182,25182,11
25183,25183,11
25184,25184,11
25185,25185,13
25186,25186,11
25187,25187,11
25188,25188,11
25189,25189,12
25190,25190,11
25191,25191,11
25192,25192,11
25193,25193,11
25194,25194,11
25195,25195,17
25196,25196,11
25197,25197,12
25198,25198,11
25199,25199,18
25200,25200,11
25201,25201,11
25202,25202,11
25203,25203,11
25204,25204,11
25205,25205,11
25206,25206,11
25207,25207,11
25208,25208,11
25209,25209,11
25210,25210,11
25211,25211,11
25212,25212,11
25213,25213,11
25214,25214,17
25215,25215,11
25216,25216,11
25217,25217,11
25218,25218,11
25219,25219,15
25220,25220,11
25221,25221,11
25222,25222,11
25223,25223,11
25224,25224,11
25225,25225,11
25226,25226,11
25227,25227,11
25228,25228,11
25229,25229,11
25230,25230,11
25231,25231,11
25232,25232,11
25233,25233,11
25234,25234,11
25235,25235,11
25236,25236,11
25237,25237,11
25238,25238,11
25239,25239,11
25240,25240,11
25241,25241,11
25242,25242,11
25243,25243,11
25244,25244,11
25245,25245,11
25246,25246,11
25247,25247,11
25248,25248,11
25249,25249,11
25250,25250,11
25251,25251,11
25252,25252,11
25253,25253,11
25254,25254,11
25255,25255,12
25256,25256,11
25257,25257,11
25258,25258,11
25259,25259,11
25260,25260,17
25261,25261,12
25262,25262,11
25263,25263,11
25264,25264,11
25265,25265,11
25266,25266,12
25267,25267,11
25268,25268,11
25269,25269,11
25270,25270,11
25271,25271,13
25272,25272,11
25273,25273,12
25274,25274,12
25275,25275,11
25276,25276,11
25277,25277,11
25278,25278,11
25279,25279,11
25280,25280,11
25281,25281,13
25282,25282,11
25283,25283,11
25284,25284,11
25285,25285,11
25286,25286,11
25287,25287,11
25288,25288,11
25289,25289,11
25290,25290,13
25291,25291,11
25292,25292,11
25293,25293,11
25294,25294,11
25295,25295,14
25296,25296,11
25297,25297,11
25298,25298,11
25299,25299,11
25300,25300,11
25301,25301,11
25302,25302,11
25303,25303,11
25304,25304,11
25305,25305,11
25306,25306,11
25307,25307,11
25308,25308,11
25309,25309,11
25310,25310,11
25311,25311,11
25312,25312,11
25313,25313,11
25314,25314,11
25315,25315,11
25316,25316,14
25317,25317,11
25318,25318,11
25319,25319,11
25320,25320,12
25321,25321,11
25322,25322,11
25323,25323,11
25324,25324,11
25325,25325,11
25326,25326,11
25327,25327,13
25328,25328,11
25329,25329,11
25330,25330,11
25331,25331,11
25332,25332,12
25333,25333,11
25334,25334,11
25335,25335,11
25336,25336,11
25337,25337,13
25338,25338,11
25339,25339,12
25340,25340,11
25341,25341,11
25342,25342,11
25343,25343,11
25344,25344,11
25345,25345,11
25346,25346,12
25347,25347,11
25348,25348,14
25349,25349,11
25350,25350,11
25351,25351,11
25352,25352,12
25353,25353,11
25354,25354,12
25355,25355,11
25356,25356,11
25357,25357,11
25358,25358,11
25359,25359,11
25360,25360,11
25361,25361,11
25362,25362,12
25363,25363,11
25364,25364,11
25365,25365,11
25366,25366,11
25367,25367,11
25368,25368,11
25369,25369,11
25370,25370,12
25371,25371,11
25372,25372,11
25373,25373,11
25374,25374,11
25375,25375,11
25376,25376,11
25377,25377,11
25378,25378,11
25379,25379,11
25380,25380,11
25381,25381,11
25382,25382,11
25383,25383,11
25384,25384,12
25385,25385,11
25386,25386,11
25387,25387,11
25388,25388,11
25389,25389,14
25390,25390,12
25391,25391,11
25392,25392,11
25393,25393,12
25394,25394,11
25395,25395,11
25396,25396,11
25397,25397,11
25398,25398,12
25399,25399,11
25400,25400,11
25401,25401,11
25402,25402,11
25403,25403,11
25404,25404,11
25405,25405,12
25406,25406,11
25407,25407,11
25408,25408,11
25409,25409,11
25410,25410,11
25411,25411,11
25412,25412,11
25413,25413,11
25414,25414,11
25415,25415,11
25416,25416,11
25417,25417,11
25418,25418,15
25419,25419,11
25420,25420,11
25421,25421,11
25422,25422,11
25423,25423,11
25424,25424,11
25425,25425,11
25426,25426,11
25427,25427,11
25428,25428,11
25429,25429,11
25430,25430,11
25431,25431,11
25432,25432,11
25433,25433,11
25434,25434,11
25435,25435,11
25436,25436,12
25437,25437,11
25438,25438,12
25439,25439,11
25440,25440,11
25441,25441,11
25442,25442,11
25443,25443,11
25444,25444,11
25445,25445,13
25446,25446,11
25447,25447,11
25448,25448,11
25449,25449,11
25450,25450,11
25451,25451,11
25452,25452,11
25453,25453,11
25454,25454,11
25455,25455,13
25456,25456,11
25457,25457,11
25458,25458,11
25459,25459,11
25460,25460,11
25461,25461,11
25462,25462,11
25463,25463,11
25464,25464,11
25465,25465,12
25466,25466,11
25467,25467,11
25468,25468,11
25469,25469,11
25470,25470,11
25471,25471,11
25472,25472,11
25473,25473,11
25474,25474,11
25475,25475,11
25476,25476,13
25477,25477,11
25478,25478,11
25479,25479,11
25480,25480,11
25481,25481,11
25482,25482,12
25483,25483,11
25484,25484,11
25485,25485,11
25486,25486,11
25487,25487,11
25488,25488,11
25489,25489,14
25490,25490,11
25491,25491,11
25492,25492,11
25493,25493,11
25494,25494,11
25495,25495,11
25496,25496,11
25497,25497,11
25498,25498,11
25499,25499,11
25500,25500,11
25501,25501,11
25502,25502,11
25503,25503,11
25504,25504,11
25505,25505,11
25506,25506,11
25507,25507,11
25508,25508,11
25509,25509,11
25510,25510,12
25511,25511,11
25512,25512,11
25513,25513,14
25514,25514,11
25515,25515,11
25516,25516,11
25517,25517,11
25518,25518,11
25519,25519,11
25520,25520,11
25521,25521,11
25522,25522,11
25523,25523,11
25524,25524,11
25525,25525,11
25526,25526,11
25527,25527,11
25528,25528,11
25529,25529,11
25530,25530,11
25531,25531,11
25532,25532,11
25533,25533,11
25534,25534,11
25535,25535,11
25536,25536,11
25537,25537,11
25538,25538,11
25539,25539,12
25540,25540,11
25541,25541,11
25542,25542,11
25543,25543,11
25544,25544,11
25545,25545,11
25546,25546,12
25547,25547,11
25548,25548,12
25549,25549,11
25550,25550,11
25551,25551,11
25552,25552,11
25553,25553,11
25554,25554,11
25555,25555,34
25556,25556,11
25557,25557,11
25558,25558,11
25559,25559,11
25560,25560,11
25561,25561,11
25562,25562,14
25563,25563,11
25564,25564,13
25565,25565,11
25566,25566,11
25567,25567,11
25568,25568,11
25569,25569,11
25570,25570,12
25571,25571,11
25572,25572,12
25573,25573,11
25574,25574,11
25575,25575,11
25576,25576,11
25577,25577,11
25578,25578,11
25579,25579,11
25580,25580,11
25581,25581,11
25582,25582,11
25583,25583,11
25584,25584,12
25585,25585,12
25586,25586,11
25587,25587,11
25588,25588,11
25589,25589,11
25590,25590,11
25591,25591,11
25592,25592,11
25593,25593,11
25594,25594,18
25595,25595,11
25596,25596,11
25597,25597,11
25598,25598,11
25599,25599,11
25600,25600,11
25601,25601,11
25602,25602,11
25603,25603,11
25604,25604,11
25605,25605,11
25606,25606,11
25607,25607,12
25608,25608,11
25609,25609,11
25610,25610,11
25611,25611,11
25612,25612,12
25613,25613,11
25614,25614,11
25615,25615,11
25616,25616,11
25617,25617,11
25618,25618,11
25619,25619,11
25620,25620,11
25621,25621,12
25622,25622,12
25623,25623,12
25624,25624,11
25625,25625,11
25626,25626,12
25627,25627,11
25628,25628,11
25629,25629,11
25630,25630,11
25631,25631,11
25632,25632,12
25633,25633,11
25634,25634,11
25635,25635,11
25636,25636,11
25637,25637,11
25638,25638,11
25639,25639,11
25640,25640,11
25641,25641,11
25642,25642,13
25643,25643,11
25644,25644,11
25645,25645,11
25646,25646,13
25647,25647,11
25648,25648,11
25649,25649,11
25650,25650,11
25651,25651,11
25652,25652,11
25653,25653,11
25654,25654,14
25655,25655,14
25656,25656,11
25657,25657,11
25658,25658,11
25659,25659,11
25660,25660,12
25661,25661,12
25662,25662,11
25663,25663,14
25664,25664,11
25665,25665,11
25666,25666,11
25667,25667,11
25668,25668,11
25669,25669,11
25670,25670,11
25671,25671,11
25672,25672,11
25673,25673,11
25674,25674,11
25675,25675,13
25676,25676,11
25677,25677,11
25678,25678,11
25679,25679,12
25680,25680,11
25681,25681,11
25682,25682,11
25683,25683,11
25684,25684,11
25685,25685,11
25686,25686,11
25687,25687,11
25688,25688,11
25689,25689,11
25690,25690,11
25691,25691,12
25692,25692,11
25693,25693,11
25694,25694,13
25695,25695,11
25696,25696,11
25697,25697,11
25698,25698,11
25699,25699,11
25700,25700,11
25701,25701,11
25702,25702,11
25703,25703,11
25704,25704,11
25705,25705,11
25706,25706,11
25707,25707,11
25708,25708,11
25709,25709,11
25710,25710,11
25711,25711,11
25712,25712,11
25713,25713,11
25714,25714,19
25715,25715,11
25716,25716,11
25717,25717,11
25718,25718,11
25719,25719,11
25720,25720,11
25721,25721,11
25722,25722,11
25723,25723,11
25724,25724,12
25725,25725,28
25726,25726,12
25727,25727,11
25728,25728,11
25729,25729,11
25730,25730,11
25731,25731,11
25732,25732,11
25733,25733,11
25734,25734,11
25735,25735,11
25736,25736,11
25737,25737,11
25738,25738,11
25739,25739,11
25740,25740,11
25741,25741,11
25742,25742,11
25743,25743,11
25744,25744,11
25745,25745,11
25746,25746,11
25747,25747,14
25748,25748,11
25749,25749,11
25750,25750,25
25751,25751,12
25752,25752,11
25753,25753,11
25754,25754,11
25755,25755,11
25756,25756,11
25757,25757,11
25758,25758,12
25759,25759,11
25760,25760,11
25761,25761,11
25762,25762,11
25763,25763,11
25764,25764,11
25765,25765,11
25766,25766,11
25767,25767,11
25768,25768,11
25769,25769,11
25770,25770,11
25771,25771,11
25772,25772,11
25773,25773,11
25774,25774,11
25775,25775,11
25776,25776,11
25777,25777,11
25778,25778,11
25779,25779,11
25780,25780,11
25781,25781,11
25782,25782,11
25783,25783,11
25784,25784,11
25785,25785,11
25786,25786,14
25787,25787,11
25788,25788,11
25789,25789,11
25790,25790,11
25791,25791,11
25792,25792,13
25793,25793,11
25794,25794,14
25795,25795,11
25796,25796,11
25797,25797,11
25798,25798,11
25799,25799,11
25800,25800,11
25801,25801,12
25802,25802,11
25803,25803,11
25804,25804,11
25805,25805,11
25806,25806,11
25807,25807,11
25808,25808,11
25809,25809,11
25810,25810,14
25811,25811,11
25812,25812,11
25813,25813,11
25814,25814,16
25815,25815,11
25816,25816,11
25817,25817,11
25818,25818,11
25819,25819,11
25820,25820,11
25821,25821,11
25822,25822,11
25823,25823,11
25824,25824,11
25825,25825,12
25826,25826,11
25827,25827,11
25828,25828,11
25829,25829,11
25830,25830,11
25831,25831,11
25832,25832,11
25833,25833,11
25834,25834,11
25835,25835,12
25836,25836,11
25837,25837,11
25838,25838,11
25839,25839,11
25840,25840,16
25841,25841,11
25842,25842,11
25843,25843,11
25844,25844,11
25845,25845,11
25846,25846,11
25847,25847,11
25848,25848,11
25849,25849,11
25850,25850,11
25851,25851,11
25852,25852,11
25853,25853,11
25854,25854,11
25855,25855,11
25856,25856,11
25857,25857,11
25858,25858,11
25859,25859,11
25860,25860,11
25861,25861,11
25862,25862,14
25863,25863,11
25864,25864,11
25865,25865,11
25866,25866,12
25867,25867,11
25868,25868,12
25869,25869,11
25870,25870,11
25871,25871,11
25872,25872,11
25873,25873,11
25874,25874,11
25875,25875,11
25876,25876,15
25877,25877,11
25878,25878,11
25879,25879,11
25880,25880,11
25881,25881,12
25882,25882,11
25883,25883,11
25884,25884,12
25885,25885,11
25886,25886,14
25887,25887,11
25888,25888,13
25889,25889,11
25890,25890,11
25891,25891,11
25892,25892,11
25893,25893,11
25894,25894,12
25895,25895,11
25896,25896,11
25897,25897,14
25898,25898,11
25899,25899,11
25900,25900,11
25901,25901,11
25902,25902,11
25903,25903,11
25904,25904,11
25905,25905,11
25906,25906,11
25907,25907,11
25908,25908,11
25909,25909,11
25910,25910,11
25911,25911,11
25912,25912,12
25913,25913,14
25914,25914,11
25915,25915,11
25916,25916,11
25917,25917,11
25918,25918,11
25919,25919,13
25920,25920,11
25921,25921,12
25922,25922,12
25923,25923,11
25924,25924,11
25925,25925,15
25926,25926,11
25927,25927,11
25928,25928,11
25929,25929,11
25930,25930,12
25931,25931,11
25932,25932,11
25933,25933,11
25934,25934,11
25935,25935,11
25936,25936,11
25937,25937,11
25938,25938,11
25939,25939,11
25940,25940,11
25941,25941,11
25942,25942,11
25943,25943,11
25944,25944,11
25945,25945,11
25946,25946,12
25947,25947,12
25948,25948,11
25949,25949,11
25950,25950,11
25951,25951,12
25952,25952,11
25953,25953,11
25954,25954,11
25955,25955,11
25956,25956,11
25957,25957,16
25958,25958,11
25959,25959,11
25960,25960,11
25961,25961,12
25962,25962,11
25963,25963,11
25964,25964,11
25965,25965,11
25966,25966,11
25967,25967,11
25968,25968,11
25969,25969,11
25970,25970,11
25971,25971,11
25972,25972,11
25973,25973,11
25974,25974,12
25975,25975,11
25976,25976,11
25977,25977,11
25978,25978,11
25979,25979,11
25980,25980,11
25981,25981,11
25982,25982,11
25983,25983,11
25984,25984,11
25985,25985,11
25986,25986,11
25987,25987,11
25988,25988,11
25989,25989,11
25990,25990,34
25991,25991,11
25992,25992,11
25993,25993,11
25994,25994,11
25995,25995,11
25996,25996,11
25997,25997,11
25998,25998,11
25999,25999,11
26000,26000,11
26001,26001,11
26002,26002,11
26003,26003,11
26004,26004,12
26005,26005,11
26006,26006,11
26007,26007,12
26008,26008,16
26009,26009,12
26010,26010,11
26011,26011,11
26012,26012,11
26013,26013,11
26014,26014,11
26015,26015,11
26016,26016,11
26017,26017,11
26018,26018,11
26019,26019,11
26020,26020,11
26021,26021,11
26022,26022,11
26023,26023,11
26024,26024,11
26025,26025,11
26026,26026,11
26027,26027,11
26028,26028,14
26029,26029,11
26030,26030,11
26031,26031,11
26032,26032,11
26033,26033,11
26034,26034,11
26035,26035,11
26036,26036,11
26037,26037,11
26038,26038,11
26039,26039,11
26040,26040,11
26041,26041,12
26042,26042,11
26043,26043,11
26044,26044,11
26045,26045,23
26046,26046,11
26047,26047,11
26048,26048,15
26049,26049,11
26050,26050,11
26051,26051,12
26052,26052,11
26053,26053,12
26054,26054,11
26055,26055,12
26056,26056,11
26057,26057,11
26058,26058,11
26059,26059,11
26060,26060,11
26061,26061,12
26062,26062,11
26063,26063,11
26064,26064,11
26065,26065,11
26066,26066,11
26067,26067,11
26068,26068,11
26069,26069,11
26070,26070,11
26071,26071,11
26072,26072,11
26073,26073,11
26074,26074,11
26075,26075,11
26076,26076,11
26077,26077,11
26078,26078,11
26079,26079,12
26080,26080,11
26081,26081,11
26082,26082,11
26083,26083,11
26084,26084,11
26085,26085,11
26086,26086,11
26087,26087,11
26088,26088,11
26089,26089,12
26090,26090,11
26091,26091,11
26092,26092,12
26093,26093,11
26094,26094,11
26095,26095,15
26096,26096,11
26097,26097,11
26098,26098,11
26099,26099,11
26100,26100,11
26101,26101,11
26102,26102,13
26103,26103,14
26104,26104,11
26105,26105,12
26106,26106,11
26107,26107,11
26108,26108,11
26109,26109,24
26110,26110,11
26111,26111,11
26112,26112,15
26113,26113,11
26114,26114,11
26115,26115,11
26116,26116,12
26117,26117,11
26118,26118,11
26119,26119,11
26120,26120,11
26121,26121,11
26122,26122,11
26123,26123,11
26124,26124,11
26125,26125,11
26126,26126,11
26127,26127,12
26128,26128,11
26129,26129,17
26130,26130,11
26131,26131,11
26132,26132,11
26133,26133,11
26134,26134,12
26135,26135,11
26136,26136,11
26137,26137,11
26138,26138,11
26139,26139,11
26140,26140,15
26141,26141,11
26142,26142,11
26143,26143,11
26144,26144,12
26145,26145,11
26146,26146,11
26147,26147,11
26148,26148,11
26149,26149,11
26150,26150,12
26151,26151,11
26152,26152,11
26153,26153,11
26154,26154,12
26155,26155,11
26156,26156,11
26157,26157,11
26158,26158,11
26159,26159,11
26160,26160,11
26161,26161,11
26162,26162,11
26163,26163,11
26164,26164,11
26165,26165,11
26166,26166,11
26167,26167,11
26168,26168,11
26169,26169,11
26170,26170,11
26171,26171,11
26172,26172,11
26173,26173,11
26174,26174,11
26175,26175,11
26176,26176,11
26177,26177,12
26178,26178,12
26179,26179,11
26180,26180,15
26181,26181,11
26182,26182,11
26183,26183,11
26184,26184,11
26185,26185,11
26186,26186,11
26187,26187,11
26188,26188,12
26189,26189,11
26190,26190,11
26191,26191,12
26192,26192,11
26193,26193,11
26194,26194,11
26195,26195,11
26196,26196,11
26197,26197,11
26198,26198,11
26199,26199,11
26200,26200,11
26201,26201,11
26202,26202,11
26203,26203,11
26204,26204,11
26205,26205,11
26206,26206,11
26207,26207,11
26208,26208,11
26209,26209,11
26210,26210,11
26211,26211,11
26212,26212,11
26213,26213,11
26214,26214,11
26215,26215,11
26216,26216,11
26217,26217,11
26218,26218,11
26219,26219,11
26220,26220,11
26221,26221,11
26222,26222,11
26223,26223,11
26224,26224,11
26225,26225,11
26226,26226,11
26227,26227,11
26228,26228,11
26229,26229,12
26230,26230,12
26231,26231,11
26232,26232,11
26233,26233,11
26234,26234,11
26235,26235,11
26236,26236,11
26237,26237,11
26238,26238,11
26239,26239,11
26240,26240,11
26241,26241,11
26242,26242,11
26243,26243,11
26244,26244,11
26245,26245,11
26246,26246,11
26247,26247,11
26248,26248,11
26249,26249,11
26250,26250,11
26251,26251,11
26252,26252,11
26253,26253,29
26254,26254,11
26255,26255,11
26256,26256,11
26257,26257,12
26258,26258,11
26259,26259,11
26260,26260,11
26261,26261,11
26262,26262,11
26263,26263,11
26264,26264,11
26265,26265,11
26266,26266,11
26267,26267,14
26268,26268,11
26269,26269,11
26270,26270,11
26271,26271,11
26272,26272,11
26273,26273,11
26274,26274,11
26275,26275,11
26276,26276,11
26277,26277,11
26278,26278,11
26279,26279,11
26280,26280,15
26281,26281,11
26282,26282,11
26283,26283,11
26284,26284,11
26285,26285,11
26286,26286,11
26287,26287,11
26288,26288,11
26289,26289,11
26290,26290,11
26291,26291,11
26292,26292,11
26293,26293,13
26294,26294,11
26295,26295,11
26296,26296,11
26297,26297,11
26298,26298,11
26299,26299,11
26300,26300,11
26301,26301,14
26302,26302,11
26303,26303,11
26304,26304,11
26305,26305,11
26306,26306,11
26307,26307,11
26308,26308,11
26309,26309,11
26310,26310,11
26311,26311,16
26312,26312,11
26313,26313,11
26314,26314,11
26315,26315,11
26316,26316,11
26317,26317,11
26318,26318,11
26319,26319,11
26320,26320,12
26321,26321,11
26322,26322,11
26323,26323,11
26324,26324,12
26325,26325,11
26326,26326,11
26327,26327,11
26328,26328,11
26329,26329,13
26330,26330,11
26331,26331,11
26332,26332,11
26333,26333,11
26334,26334,11
26335,26335,11
26336,26336,11
26337,26337,11
26338,26338,11
26339,26339,11
26340,26340,11
26341,26341,11
26342,26342,11
26343,26343,12
26344,26344,11
26345,26345,12
26346,26346,11
26347,26347,13
26348,26348,11
26349,26349,12
26350,26350,11
26351,26351,11
26352,26352,11
26353,26353,11
26354,26354,11
26355,26355,11
26356,26356,11
26357,26357,11
26358,26358,11
26359,26359,11
26360,26360,11
26361,26361,11
26362,26362,11
26363,26363,11
26364,26364,11
26365,26365,11
26366,26366,11
26367,26367,11
26368,26368,11
26369,26369,12
26370,26370,11
26371,26371,11
26372,26372,11
26373,26373,11
26374,26374,11
26375,26375,11
26376,26376,13
26377,26377,17
26378,26378,11
26379,26379,11
26380,26380,11
26381,26381,11
26382,26382,11
26383,26383,15
26384,26384,11
26385,26385,11
26386,26386,12
26387,26387,12
26388,26388,11
26389,26389,11
26390,26390,15
26391,26391,11
26392,26392,11
26393,26393,11
26394,26394,11
26395,26395,11
26396,26396,11
26397,26397,11
26398,26398,11
26399,26399,11
26400,26400,11
26401,26401,11
26402,26402,11
26403,26403,11
26404,26404,11
26405,26405,11
26406,26406,11
26407,26407,11
26408,26408,11
26409,26409,11
26410,26410,11
26411,26411,11
26412,26412,11
26413,26413,11
26414,26414,11
26415,26415,11
26416,26416,11
26417,26417,11
26418,26418,13
26419,26419,11
26420,26420,12
26421,26421,11
26422,26422,11
26423,26423,11
26424,26424,11
26425,26425,11
26426,26426,11
26427,26427,11
26428,26428,11
26429,26429,11
26430,26430,11
26431,26431,11
26432,26432,12
26433,26433,11
26434,26434,11
26435,26435,13
26436,26436,11
26437,26437,11
26438,26438,11
26439,26439,11
26440,26440,11
26441,26441,13
26442,26442,11
26443,26443,11
26444,26444,11
26445,26445,11
26446,26446,11
26447,26447,11
26448,26448,11
26449,26449,11
26450,26450,11
26451,26451,11
26452,26452,11
26453,26453,12
26454,26454,11
26455,26455,11
26456,26456,11
26457,26457,11
26458,26458,19
26459,26459,11
26460,26460,11
26461,26461,11
26462,26462,11
26463,26463,11
26464,26464,11
26465,26465,11
26466,26466,13
26467,26467,11
26468,26468,11
26469,26469,11
26470,26470,15
26471,26471,11
26472,26472,11
26473,26473,11
26474,26474,11
26475,26475,11
26476,26476,11
26477,26477,11
26478,26478,11
26479,26479,11
26480,26480,11
26481,26481,11
26482,26482,11
26483,26483,11
26484,26484,11
26485,26485,11
26486,26486,11
26487,26487,11
26488,26488,14
26489,26489,11
26490,26490,11
26491,26491,11
26492,26492,11
26493,26493,12
26494,26494,11
26495,26495,11
26496,26496,11
26497,26497,11
26498,26498,11
26499,26499,15
26500,26500,11
26501,26501,11
26502,26502,11
26503,26503,11
26504,26504,11
26505,26505,11
26506,26506,14
26507,26507,11
26508,26508,11
26509,26509,11
26510,26510,11
26511,26511,16
26512,26512,11
26513,26513,11
26514,26514,11
26515,26515,11
26516,26516,12
26517,26517,11
26518,26518,11
26519,26519,11
26520,26520,11
26521,26521,11
26522,26522,11
26523,26523,11
26524,26524,12
26525,26525,11
26526,26526,12
26527,26527,11
26528,26528,14
26529,26529,11
26530,26530,11
26531,26531,11
26532,26532,11
26533,26533,11
26534,26534,11
26535,26535,11
26536,26536,11
26537,26537,11
26538,26538,11
26539,26539,11
26540,26540,11
26541,26541,11
26542,26542,11
26543,26543,13
26544,26544,11
26545,26545,11
26546,26546,11
26547,26547,11
26548,26548,11
26549,26549,11
26550,26550,11
26551,26551,11
26552,26552,11
26553,26553,11
26554,26554,11
26555,26555,11
26556,26556,11
26557,26557,11
26558,26558,11
26559,26559,11
26560,26560,11
26561,26561,11
26562,26562,11
26563,26563,11
26564,26564,11
26565,26565,11
26566,26566,11
26567,26567,11
26568,26568,11
26569,26569,11
26570,26570,11
26571,26571,11
26572,26572,11
26573,26573,11
26574,26574,11
26575,26575,11
26576,26576,12
26577,26577,11
26578,26578,11
26579,26579,11
26580,26580,11
26581,26581,11
26582,26582,12
26583,26583,11
26584,26584,12
26585,26585,11
26586,26586,11
26587,26587,11
26588,26588,11
26589,26589,11
26590,26590,11
26591,26591,12
26592,26592,11
26593,26593,11
26594,26594,11
26595,26595,11
26596,26596,11
26597,26597,11
26598,26598,11
26599,26599,11
26600,26600,11
26601,26601,11
26602,26602,11
26603,26603,11
26604,26604,11
26605,26605,11
26606,26606,16
26607,26607,11
26608,26608,11
26609,26609,13
26610,26610,11
26611,26611,11
26612,26612,11
26613,26613,11
26614,26614,11
26615,26615,11
26616,26616,11
26617,26617,11
26618,26618,11
26619,26619,11
26620,26620,11
26621,26621,11
26622,26622,11
26623,26623,11
26624,26624,11
26625,26625,11
26626,26626,13
26627,26627,11
26628,26628,11
26629,26629,11
26630,26630,11
26631,26631,11
26632,26632,11
26633,26633,11
26634,26634,20
26635,26635,11
26636,26636,11
26637,26637,11
26638,26638,11
26639,26639,11
26640,26640,12
26641,26641,11
26642,26642,11
26643,26643,11
26644,26644,11
26645,26645,11
26646,26646,11
26647,26647,11
26648,26648,11
26649,26649,11
26650,26650,11
26651,26651,11
26652,26652,11
26653,26653,25
26654,26654,12
26655,26655,11
26656,26656,11
26657,26657,12
26658,26658,11
26659,26659,11
26660,26660,11
26661,26661,11
26662,26662,11
26663,26663,11
26664,26664,11
26665,26665,11
26666,26666,11
26667,26667,11
26668,26668,11
26669,26669,12
26670,26670,12
26671,26671,11
26672,26672,11
26673,26673,12
26674,26674,11
26675,26675,11
26676,26676,11
26677,26677,11
26678,26678,13
26679,26679,11
26680,26680,11
26681,26681,11
26682,26682,11
26683,26683,11
26684,26684,11
26685,26685,12
26686,26686,11
26687,26687,12
26688,26688,11
26689,26689,11
26690,26690,12
26691,26691,11
26692,26692,11
26693,26693,11
26694,26694,11
26695,26695,11
26696,26696,11
26697,26697,11
26698,26698,11
26699,26699,11
26700,26700,13
26701,26701,11
26702,26702,11
26703,26703,11
26704,26704,11
26705,26705,11
26706,26706,12
26707,26707,13
26708,26708,11
26709,26709,11
26710,26710,11
26711,26711,11
26712,26712,11
26713,26713,11
26714,26714,12
26715,26715,11
26716,26716,11
26717,26717,14
26718,26718,11
26719,26719,11
26720,26720,11
26721,26721,12
26722,26722,11
26723,26723,11
26724,26724,11
26725,26725,11
26726,26726,12
26727,26727,11
26728,26728,11
26729,26729,11
26730,26730,15
26731,26731,11
26732,26732,11
26733,26733,11
26734,26734,11
26735,26735,11
26736,26736,11
26737,26737,12
26738,26738,11
26739,26739,11
26740,26740,11
26741,26741,11
26742,26742,12
26743,26743,13
26744,26744,11
26745,26745,11
26746,26746,11
26747,26747,11
26748,26748,11
26749,26749,11
26750,26750,11
26751,26751,11
26752,26752,11
26753,26753,11
26754,26754,11
26755,26755,12
26756,26756,11
26757,26757,11
26758,26758,12
26759,26759,12
26760,26760,11
26761,26761,11
26762,26762,11
26763,26763,12
26764,26764,11
26765,26765,11
26766,26766,11
26767,26767,11
26768,26768,11
26769,26769,12
26770,26770,11
26771,26771,11
26772,26772,11
26773,26773,14
26774,26774,11
26775,26775,11
26776,26776,11
26777,26777,11
26778,26778,11
26779,26779,11
26780,26780,11
26781,26781,12
26782,26782,11
26783,26783,12
26784,26784,11
26785,26785,11
26786,26786,11
26787,26787,11
26788,26788,13
26789,26789,11
26790,26790,11
26791,26791,11
26792,26792,11
26793,26793,11
26794,26794,11
26795,26795,11
26796,26796,11
26797,26797,11
26798,26798,11
26799,26799,11
26800,26800,12
26801,26801,11
26802,26802,11
26803,26803,12
26804,26804,11
26805,26805,16
26806,26806,11
26807,26807,11
26808,26808,11
26809,26809,11
26810,26810,11
26811,26811,11
26812,26812,11
26813,26813,11
26814,26814,11
26815,26815,11
26816,26816,12
26817,26817,11
26818,26818,11
26819,26819,11
26820,26820,11
26821,26821,11
26822,26822,11
26823,26823,11
26824,26824,14
26825,26825,11
26826,26826,11
26827,26827,11
26828,26828,11
26829,26829,11
26830,26830,11
26831,26831,11
26832,26832,11
26833,26833,11
26834,26834,11
26835,26835,11
26836,26836,11
26837,26837,11
26838,26838,11
26839,26839,11
26840,26840,11
26841,26841,14
26842,26842,11
26843,26843,11
26844,26844,11
26845,26845,11
26846,26846,11
26847,26847,13
26848,26848,11
26849,26849,11
26850,26850,11
26851,26851,11
26852,26852,11
26853,26853,11
26854,26854,11
26855,26855,11
26856,26856,11
26857,26857,11
26858,26858,11
26859,26859,12
26860,26860,11
26861,26861,12
26862,26862,11
26863,26863,12
26864,26864,11
26865,26865,11
26866,26866,15
26867,26867,11
26868,26868,11
26869,26869,11
26870,26870,11
26871,26871,11
26872,26872,11
26873,26873,11
26874,26874,11
26875,26875,11
26876,26876,11
26877,26877,11
26878,26878,11
26879,26879,11
26880,26880,11
26881,26881,11
26882,26882,12
26883,26883,11
26884,26884,11
26885,26885,11
26886,26886,11
26887,26887,11
26888,26888,11
26889,26889,11
26890,26890,12
26891,26891,11
26892,26892,11
26893,26893,11
26894,26894,11
26895,26895,11
26896,26896,11
26897,26897,11
26898,26898,11
26899,26899,11
26900,26900,11
26901,26901,11
26902,26902,11
26903,26903,11
26904,26904,11
26905,26905,11
26906,26906,11
26907,26907,11
26908,26908,11
26909,26909,11
26910,26910,12
26911,26911,11
26912,26912,11
26913,26913,11
26914,26914,11
26915,26915,11
26916,26916,13
26917,26917,11
26918,26918,11
26919,26919,11
26920,26920,11
26921,26921,11
26922,26922,11
26923,26923,11
26924,26924,11
26925,26925,11
26926,26926,11
26927,26927,11
26928,26928,11
26929,26929,11
26930,26930,11
26931,26931,11
26932,26932,11
26933,26933,11
26934,26934,15
26935,26935,11
26936,26936,11
26937,26937,11
26938,26938,17
26939,26939,11
26940,26940,11
26941,26941,11
26942,26942,11
26943,26943,12
26944,26944,11
26945,26945,11
26946,26946,11
26947,26947,11
26948,26948,11
26949,26949,11
26950,26950,11
26951,26951,13
26952,26952,11
26953,26953,11
26954,26954,15
26955,26955,11
26956,26956,11
26957,26957,11
26958,26958,11
26959,26959,11
26960,26960,11
26961,26961,11
26962,26962,11
26963,26963,11
26964,26964,11
26965,26965,11
26966,26966,11
26967,26967,11
26968,26968,11
26969,26969,11
26970,26970,11
26971,26971,12
26972,26972,11
26973,26973,11
26974,26974,11
26975,26975,11
26976,26976,11
26977,26977,12
26978,26978,13
26979,26979,11
26980,26980,11
26981,26981,11
26982,26982,12
26983,26983,12
26984,26984,11
26985,26985,11
26986,26986,11
26987,26987,11
26988,26988,11
26989,26989,11
26990,26990,12
26991,26991,11
26992,26992,11
26993,26993,11
26994,26994,11
26995,26995,11
26996,26996,11
26997,26997,12
26998,26998,11
26999,26999,11
27000,27000,11
27001,27001,13
27002,27002,11
27003,27003,11
27004,27004,11
27005,27005,11
27006,27006,11
27007,27007,12
27008,27008,11
27009,27009,11
27010,27010,11
27011,27011,11
27012,27012,11
27013,27013,13
27014,27014,12
27015,27015,11
27016,27016,11
27017,27017,11
27018,27018,12
27019,27019,11
27020,27020,11
27021,27021,11
27022,27022,11
27023,27023,11
27024,27024,11
27025,27025,11
27026,27026,11
27027,27027,11
27028,27028,11
27029,27029,11
27030,27030,11
27031,27031,11
27032,27032,11
27033,27033,11
27034,27034,11
27035,27035,12
27036,27036,12
27037,27037,14
27038,27038,11
27039,27039,11
27040,27040,12
27041,27041,11
27042,27042,11
27043,27043,31
27044,27044,11
27045,27045,11
27046,27046,11
27047,27047,11
27048,27048,11
27049,27049,11
27050,27050,13
27051,27051,11
27052,27052,11
27053,27053,11
27054,27054,11
27055,27055,11
27056,27056,11
27057,27057,11
27058,27058,11
27059,27059,15
27060,27060,11
27061,27061,11
27062,27062,11
27063,27063,11
27064,27064,11
27065,27065,11
27066,27066,11
27067,27067,12
27068,27068,11
27069,27069,11
27070,27070,11
27071,27071,11
27072,27072,11
27073,27073,11
27074,27074,11
27075,27075,11
27076,27076,12
27077,27077,11
27078,27078,11
27079,27079,11
27080,27080,12
27081,27081,11
27082,27082,11
27083,27083,11
27084,27084,12
27085,27085,11
27086,27086,11
27087,27087,11
27088,27088,11
27089,27089,11
27090,27090,11
27091,27091,11
27092,27092,17
27093,27093,11
27094,27094,11
27095,27095,11
27096,27096,13
27097,27097,11
27098,27098,11
27099,27099,12
27100,27100,12
27101,27101,11
27102,27102,11
27103,27103,11
27104,27104,12
27105,27105,11
27106,27106,11
27107,27107,11
27108,27108,11
27109,27109,11
27110,27110,11
27111,27111,11
27112,27112,11
27113,27113,11
27114,27114,16
27115,27115,11
27116,27116,11
27117,27117,11
27118,27118,11
27119,27119,11
27120,27120,11
27121,27121,11
27122,27122,12
27123,27123,11
27124,27124,11
27125,27125,11
27126,27126,11
27127,27127,11
27128,27128,11
27129,27129,12
27130,27130,12
27131,27131,11
27132,27132,11
27133,27133,11
27134,27134,11
27135,27135,11
27136,27136,12
27137,27137,11
27138,27138,17
27139,27139,11
27140,27140,11
27141,27141,11
27142,27142,12
27143,27143,11
27144,27144,11
27145,27145,11
27146,27146,11
27147,27147,11
27148,27148,13
27149,27149,11
27150,27150,11
27151,27151,11
27152,27152,11
27153,27153,11
27154,27154,11
27155,27155,11
27156,27156,12
27157,27157,11
27158,27158,11
27159,27159,12
27160,27160,11
27161,27161,11
27162,27162,13
27163,27163,11
27164,27164,11
27165,27165,11
27166,27166,11
27167,27167,11
27168,27168,11
27169,27169,13
27170,27170,11
27171,27171,11
27172,27172,11
27173,27173,11
27174,27174,13
27175,27175,11
27176,27176,11
27177,27177,11
27178,27178,11
27179,27179,11
27180,27180,11
27181,27181,11
27182,27182,11
27183,27183,11
27184,27184,11
27185,27185,12
27186,27186,11
27187,27187,11
27188,27188,11
27189,27189,11
27190,27190,11
27191,27191,11
27192,27192,11
27193,27193,11
27194,27194,12
27195,27195,13
27196,27196,11
27197,27197,11
27198,27198,11
27199,27199,11
27200,27200,11
27201,27201,11
27202,27202,11
27203,27203,11
27204,27204,11
27205,27205,11
27206,27206,11
27207,27207,11
27208,27208,11
27209,27209,11
27210,27210,11
27211,27211,11
27212,27212,11
27213,27213,17
27214,27214,11
27215,27215,11
27216,27216,11
27217,27217,11
27218,27218,13
27219,27219,11
27220,27220,11
27221,27221,16
27222,27222,14
27223,27223,12
27224,27224,11
27225,27225,11
27226,27226,15
27227,27227,11
27228,27228,11
27229,27229,11
27230,27230,11
27231,27231,11
27232,27232,11
27233,27233,11
27234,27234,11
27235,27235,11
27236,27236,11
27237,27237,11
27238,27238,11
27239,27239,11
27240,27240,13
27241,27241,11
27242,27242,11
27243,27243,13
27244,27244,11
27245,27245,12
27246,27246,12
27247,27247,11
27248,27248,11
27249,27249,11
27250,27250,11
27251,27251,11
27252,27252,11
27253,27253,12
27254,27254,11
27255,27255,11
27256,27256,13
27257,27257,12
27258,27258,11
27259,27259,11
27260,27260,11
27261,27261,11
27262,27262,11
27263,27263,11
27264,27264,11
27265,27265,11
27266,27266,11
27267,27267,11
27268,27268,11
27269,27269,11
27270,27270,11
27271,27271,11
27272,27272,11
27273,27273,11
27274,27274,11
27275,27275,11
27276,27276,11
27277,27277,11
27278,27278,11
27279,27279,11
27280,27280,12
27281,27281,11
27282,27282,12
27283,27283,11
27284,27284,11
27285,27285,11
27286,27286,11
27287,27287,11
27288,27288,11
27289,27289,11
27290,27290,11
27291,27291,12
27292,27292,11
27293,27293,11
27294,27294,11
27295,27295,11
27296,27296,11
27297,27297,11
27298,27298,15
27299,27299,11
27300,27300,11
27301,27301,11
27302,27302,11
27303,27303,11
27304,27304,11
27305,27305,11
27306,27306,11
27307,27307,11
27308,27308,11
27309,27309,11
27310,27310,11
27311,27311,11
27312,27312,11
27313,27313,16
27314,27314,11
27315,27315,11
27316,27316,13
27317,27317,11
27318,27318,11
27319,27319,11
27320,27320,11
27321,27321,11
27322,27322,11
27323,27323,11
27324,27324,13
27325,27325,11
27326,27326,11
27327,27327,11
27328,27328,12
27329,27329,11
27330,27330,11
27331,27331,11
27332,27332,11
27333,27333,11
27334,27334,11
27335,27335,11
27336,27336,11
27337,27337,11
27338,27338,12
27339,27339,12
27340,27340,11
27341,27341,11
27342,27342,11
27343,27343,11
27344,27344,11
27345,27345,11
27346,27346,11
27347,27347,11
27348,27348,11
27349,27349,11
27350,27350,11
27351,27351,11
27352,27352,11
27353,27353,11
27354,27354,11
27355,27355,11
27356,27356,11
27357,27357,11
27358,27358,12
27359,27359,11
27360,27360,11
27361,27361,15
27362,27362,11
27363,27363,11
27364,27364,11
27365,27365,11
27366,27366,11
27367,27367,11
27368,27368,11
27369,27369,11
27370,27370,11
27371,27371,11
27372,27372,11
27373,27373,11
27374,27374,11
27375,27375,11
27376,27376,11
27377,27377,11
27378,27378,11
27379,27379,11
27380,27380,11
27381,27381,11
27382,27382,11
27383,27383,11
27384,27384,11
27385,27385,11
27386,27386,11
27387,27387,12
27388,27388,11
27389,27389,11
27390,27390,11
27391,27391,11
27392,27392,11
27393,27393,11
27394,27394,11
27395,27395,11
27396,27396,11
27397,27397,11
27398,27398,11
27399,27399,11
27400,27400,11
27401,27401,11
27402,27402,11
27403,27403,11
27404,27404,11
27405,27405,11
27406,27406,11
27407,27407,11
27408,27408,11
27409,27409,11
27410,27410,11
27411,27411,11
27412,27412,11
27413,27413,11
27414,27414,11
27415,27415,11
27416,27416,11
27417,27417,12
27418,27418,11
27419,27419,11
27420,27420,11
27421,27421,11
27422,27422,11
27423,27423,11
27424,27424,11
27425,27425,11
27426,27426,11
27427,27427,13
27428,27428,11
27429,27429,13
27430,27430,11
27431,27431,13
27432,27432,11
27433,27433,11
27434,27434,11
27435,27435,11
27436,27436,11
27437,27437,11
27438,27438,11
27439,27439,11
27440,27440,11
27441,27441,11
27442,27442,11
27443,27443,11
27444,27444,11
27445,27445,12
27446,27446,11
27447,27447,11
27448,27448,11
27449,27449,11
27450,27450,11
27451,27451,11
27452,27452,11
27453,27453,11
27454,27454,11
27455,27455,11
27456,27456,11
27457,27457,11
27458,27458,11
27459,27459,11
27460,27460,11
27461,27461,11
27462,27462,11
27463,27463,11
27464,27464,11
27465,27465,11
27466,27466,20
27467,27467,11
27468,27468,11
27469,27469,11
27470,27470,12
27471,27471,11
27472,27472,11
27473,27473,11
27474,27474,11
27475,27475,11
27476,27476,14
27477,27477,11
27478,27478,11
27479,27479,11
27480,27480,11
27481,27481,11
27482,27482,11
27483,27483,11
27484,27484,13
27485,27485,12
27486,27486,11
27487,27487,11
27488,27488,11
27489,27489,11
27490,27490,11
27491,27491,11
27492,27492,12
27493,27493,11
27494,27494,11
27495,27495,11
27496,27496,11
27497,27497,11
27498,27498,11
27499,27499,13
27500,27500,11
27501,27501,13
27502,27502,11
27503,27503,11
27504,27504,11
27505,27505,11
27506,27506,11
27507,27507,11
27508,27508,11
27509,27509,11
27510,27510,11
27511,27511,11
27512,27512,12
27513,27513,11
27514,27514,11
27515,27515,11
27516,27516,11
27517,27517,11
27518,27518,11
27519,27519,11
27520,27520,11
27521,27521,11
27522,27522,11
27523,27523,11
27524,27524,17
27525,27525,12
27526,27526,11
27527,27527,11
27528,27528,11
27529,27529,11
27530,27530,11
27531,27531,11
27532,27532,11
27533,27533,11
27534,27534,13
27535,27535,11
27536,27536,11
27537,27537,11
27538,27538,11
27539,27539,11
27540,27540,16
27541,27541,11
27542,27542,11
27543,27543,11
27544,27544,11
27545,27545,11
27546,27546,11
27547,27547,11
27548,27548,11
27549,27549,22
27550,27550,11
27551,27551,13
27552,27552,11
27553,27553,11
27554,27554,11
27555,27555,11
27556,27556,11
27557,27557,11
27558,27558,11
27559,27559,12
27560,27560,11
27561,27561,11
27562,27562,12
27563,27563,11
27564,27564,11
27565,27565,11
27566,27566,11
27567,27567,11
27568,27568,11
27569,27569,11
27570,27570,11
27571,27571,11
27572,27572,11
27573,27573,11
27574,27574,11
27575,27575,11
27576,27576,11
27577,27577,13
27578,27578,11
27579,27579,12
27580,27580,11
27581,27581,11
27582,27582,11
27583,27583,11
27584,27584,11
27585,27585,12
27586,27586,11
27587,27587,11
27588,27588,11
27589,27589,11
27590,27590,12
27591,27591,11
27592,27592,11
27593,27593,12
27594,27594,12
27595,27595,11
27596,27596,11
27597,27597,12
27598,27598,11
27599,27599,11
27600,27600,11
27601,27601,11
27602,27602,11
27603,27603,12
27604,27604,11
27605,27605,11
27606,27606,11
27607,27607,11
27608,27608,11
27609,27609,13
27610,27610,11
27611,27611,11
27612,27612,11
27613,27613,11
27614,27614,11
27615,27615,15
27616,27616,11
27617,27617,11
27618,27618,11
27619,27619,11
27620,27620,11
27621,27621,11
27622,27622,13
27623,27623,11
27624,27624,11
27625,27625,12
27626,27626,11
27627,27627,11
27628,27628,11
27629,27629,11
27630,27630,11
27631,27631,11
27632,27632,11
27633,27633,12
27634,27634,11
27635,27635,11
27636,27636,11
27637,27637,11
27638,27638,11
27639,27639,11
27640,27640,11
27641,27641,11
27642,27642,11
27643,27643,11
27644,27644,12
27645,27645,11
27646,27646,11
27647,27647,11
27648,27648,11
27649,27649,11
27650,27650,11
27651,27651,11
27652,27652,11
27653,27653,11
27654,27654,11
27655,27655,11
27656,27656,11
27657,27657,11
27658,27658,11
27659,27659,11
27660,27660,11
27661,27661,11
27662,27662,11
27663,27663,11
27664,27664,11
27665,27665,15
27666,27666,11
27667,27667,11
27668,27668,11
27669,27669,11
27670,27670,11
27671,27671,11
27672,27672,11
27673,27673,11
27674,27674,11
27675,27675,11
27676,27676,12
27677,27677,11
27678,27678,11
27679,27679,11
27680,27680,11
27681,27681,11
27682,27682,11
27683,27683,11
27684,27684,11
27685,27685,38
27686,27686,11
27687,27687,11
27688,27688,11
27689,27689,11
27690,27690,11
27691,27691,11
27692,27692,11
27693,27693,11
27694,27694,11
27695,27695,11
27696,27696,11
27697,27697,11
27698,27698,15
27699,27699,11
27700,27700,11
27701,27701,19
27702,27702,11
27703,27703,11
27704,27704,11
27705,27705,11
27706,27706,11
27707,27707,11
27708,27708,11
27709,27709,11
27710,27710,11
27711,27711,12
27712,27712,11
27713,27713,11
27714,27714,11
27715,27715,11
27716,27716,11
27717,27717,11
27718,27718,11
27719,27719,11
27720,27720,11
27721,27721,11
27722,27722,11
27723,27723,11
27724,27724,11
27725,27725,12
27726,27726,11
27727,27727,11
27728,27728,11
27729,27729,11
27730,27730,11
27731,27731,11
27732,27732,11
27733,27733,11
27734,27734,11
27735,27735,11
27736,27736,13
27737,27737,11
27738,27738,11
27739,27739,11
27740,27740,11
27741,27741,11
27742,27742,11
27743,27743,11
27744,27744,11
27745,27745,11
27746,27746,11
27747,27747,11
27748,27748,11
27749,27749,11
27750,27750,41
27751,27751,11
27752,27752,13
27753,27753,11
27754,27754,11
27755,27755,11
27756,27756,11
27757,27757,11
27758,27758,11
27759,27759,11
27760,27760,11
27761,27761,11
27762,27762,14
27763,27763,11
27764,27764,11
27765,27765,11
27766,27766,12
27767,27767,14
27768,27768,11
27769,27769,11
27770,27770,11
27771,27771,11
27772,27772,11
27773,27773,11
27774,27774,11
27775,27775,11
27776,27776,11
27777,27777,11
27778,27778,11
27779,27779,11
27780,27780,12
27781,27781,11
27782,27782,11
27783,27783,11
27784,27784,11
27785,27785,11
27786,27786,11
27787,27787,11
27788,27788,11
27789,27789,11
27790,27790,12
27791,27791,11
27792,27792,11
27793,27793,11
27794,27794,11
27795,27795,11
27796,27796,11
27797,27797,11
27798,27798,11
27799,27799,11
27800,27800,11
27801,27801,11
27802,27802,11
27803,27803,11
27804,27804,11
27805,27805,11
27806,27806,11
27807,27807,11
27808,27808,11
27809,27809,11
27810,27810,11
27811,27811,11
27812,27812,11
27813,27813,12
27814,27814,11
27815,27815,11
27816,27816,11
27817,27817,11
27818,27818,11
27819,27819,11
27820,27820,11
27821,27821,11
27822,27822,11
27823,27823,11
27824,27824,11
27825,27825,11
27826,27826,11
27827,27827,12
27828,27828,11
27829,27829,11
27830,27830,11
27831,27831,11
27832,27832,12
27833,27833,11
27834,27834,11
27835,27835,11
27836,27836,11
27837,27837,11
27838,27838,11
27839,27839,12
27840,27840,11
27841,27841,11
27842,27842,11
27843,27843,11
27844,27844,11
27845,27845,11
27846,27846,11
27847,27847,11
27848,27848,11
27849,27849,11
27850,27850,11
27851,27851,18
27852,27852,11
27853,27853,11
27854,27854,11
27855,27855,11
27856,27856,11
27857,27857,12
27858,27858,12
27859,27859,11
27860,27860,14
27861,27861,11
27862,27862,11
27863,27863,11
27864,27864,11
27865,27865,11
27866,27866,11
27867,27867,11
27868,27868,11
27869,27869,11
27870,27870,12
27871,27871,11
27872,27872,11
27873,27873,11
27874,27874,13
27875,27875,11
27876,27876,11
27877,27877,12
27878,27878,11
27879,27879,11
27880,27880,11
27881,27881,11
27882,27882,11
27883,27883,11
27884,27884,11
27885,27885,11
27886,27886,11
27887,27887,11
27888,27888,11
27889,27889,11
27890,27890,11
27891,27891,11
27892,27892,11
27893,27893,11
27894,27894,11
27895,27895,11
27896,27896,13
27897,27897,11
27898,27898,11
27899,27899,11
27900,27900,11
27901,27901,11
27902,27902,11
27903,27903,11
27904,27904,17
27905,27905,11
27906,27906,11
27907,27907,11
27908,27908,11
27909,27909,12
27910,27910,11
27911,27911,11
27912,27912,11
27913,27913,11
27914,27914,11
27915,27915,11
27916,27916,11
27917,27917,11
27918,27918,11
27919,27919,11
27920,27920,11
27921,27921,11
27922,27922,17
27923,27923,11
27924,27924,11
27925,27925,11
27926,27926,11
27927,27927,11
27928,27928,11
27929,27929,11
27930,27930,11
27931,27931,11
27932,27932,11
27933,27933,11
27934,27934,11
27935,27935,12
27936,27936,11
27937,27937,11
27938,27938,11
27939,27939,11
27940,27940,11
27941,27941,11
27942,27942,11
27943,27943,11
27944,27944,11
27945,27945,11
27946,27946,11
27947,27947,11
27948,27948,11
27949,27949,11
27950,27950,11
27951,27951,11
27952,27952,11
27953,27953,25
27954,27954,11
27955,27955,11
27956,27956,11
27957,27957,11
27958,27958,11
27959,27959,11
27960,27960,11
27961,27961,11
27962,27962,11
27963,27963,11
27964,27964,12
27965,27965,11
27966,27966,11
27967,27967,11
27968,27968,11
27969,27969,11
27970,27970,11
27971,27971,11
27972,27972,11
27973,27973,11
27974,27974,11
27975,27975,11
27976,27976,11
27977,27977,12
27978,27978,11
27979,27979,11
27980,27980,11
27981,27981,11
27982,27982,11
27983,27983,12
27984,27984,11
27985,27985,11
27986,27986,11
27987,27987,11
27988,27988,11
27989,27989,11
27990,27990,11
27991,27991,12
27992,27992,11
27993,27993,11
27994,27994,11
27995,27995,11
27996,27996,14
27997,27997,11
27998,27998,11
27999,27999,11
28000,28000,11
28001,28001,11
28002,28002,12
28003,28003,11
28004,28004,11
28005,28005,11
28006,28006,11
28007,28007,11
28008,28008,11
28009,28009,11
28010,28010,12
28011,28011,11
28012,28012,12
28013,28013,11
28014,28014,11
28015,28015,11
28016,28016,11
28017,28017,11
28018,28018,11
28019,28019,12
28020,28020,11
28021,28021,11
28022,28022,16
28023,28023,12
28024,28024,11
28025,28025,11
28026,28026,11
28027,28027,11
28028,28028,13
28029,28029,11
28030,28030,11
28031,28031,15
28032,28032,11
28033,28033,11
28034,28034,11
28035,28035,11
28036,28036,11
28037,28037,11
28038,28038,16
28039,28039,11
28040,28040,11
28041,28041,11
28042,28042,11
28043,28043,11
28044,28044,11
28045,28045,11
28046,28046,11
28047,28047,11
28048,28048,14
28049,28049,11
28050,28050,11
28051,28051,12
28052,28052,11
28053,28053,11
28054,28054,11
28055,28055,11
28056,28056,11
28057,28057,11
28058,28058,11
28059,28059,11
28060,28060,11
28061,28061,11
28062,28062,11
28063,28063,11
28064,28064,11
28065,28065,11
28066,28066,11
28067,28067,11
28068,28068,11
28069,28069,11
28070,28070,12
28071,28071,11
28072,28072,11
28073,28073,11
28074,28074,11
28075,28075,11
28076,28076,12
28077,28077,11
28078,28078,11
28079,28079,11
28080,28080,11
28081,28081,11
28082,28082,11
28083,28083,11
28084,28084,11
28085,28085,11
28086,28086,11
28087,28087,11
28088,28088,11
28089,28089,11
28090,28090,12
28091,28091,11
28092,28092,11
28093,28093,12
28094,28094,11
28095,28095,11
28096,28096,11
28097,28097,11
28098,28098,11
28099,28099,11
28100,28100,11
28101,28101,12
28102,28102,11
28103,28103,11
28104,28104,11
28105,28105,11
28106,28106,11
28107,28107,11
28108,28108,11
28109,28109,11
28110,28110,11
28111,28111,11
28112,28112,11
28113,28113,11
28114,28114,11
28115,28115,11
28116,28116,11
28117,28117,11
28118,28118,11
28119,28119,11
28120,28120,11
28121,28121,11
28122,28122,11
28123,28123,11
28124,28124,11
28125,28125,11
28126,28126,11
28127,28127,11
28128,28128,11
28129,28129,11
28130,28130,11
28131,28131,11
28132,28132,11
28133,28133,11
28134,28134,12
28135,28135,11
28136,28136,11
28137,28137,13
28138,28138,11
28139,28139,12
28140,28140,11
28141,28141,11
28142,28142,11
28143,28143,12
28144,28144,11
28145,28145,11
28146,28146,11
28147,28147,11
28148,28148,11
28149,28149,11
28150,28150,11
28151,28151,11
28152,28152,11
28153,28153,11
28154,28154,11
28155,28155,11
28156,28156,11
28157,28157,11
28158,28158,11
28159,28159,11
28160,28160,11
28161,28161,11
28162,28162,11
28163,28163,11
28164,28164,12
28165,28165,11
28166,28166,11
28167,28167,11
28168,28168,11
28169,28169,11
28170,28170,11
28171,28171,11
28172,28172,11
28173,28173,11
28174,28174,11
28175,28175,11
28176,28176,11
28177,28177,11
28178,28178,11
28179,28179,18
28180,28180,11
28181,28181,11
28182,28182,11
28183,28183,16
28184,28184,11
28185,28185,11
28186,28186,11
28187,28187,11
28188,28188,11
28189,28189,11
28190,28190,11
28191,28191,11
28192,28192,11
28193,28193,11
28194,28194,11
28195,28195,11
28196,28196,11
28197,28197,11
28198,28198,11
28199,28199,11
28200,28200,11
28201,28201,11
28202,28202,11
28203,28203,11
28204,28204,11
28205,28205,11
28206,28206,11
28207,28207,11
28208,28208,11
28209,28209,11
28210,28210,11
28211,28211,15
28212,28212,11
28213,28213,11
28214,28214,11
28215,28215,11
28216,28216,11
28217,28217,11
28218,28218,11
28219,28219,11
28220,28220,11
28221,28221,11
28222,28222,11
28223,28223,11
28224,28224,11
28225,28225,11
28226,28226,11
28227,28227,11
28228,28228,11
28229,28229,11
28230,28230,11
28231,28231,11
28232,28232,11
28233,28233,11
28234,28234,11
28235,28235,11
28236,28236,11
28237,28237,11
28238,28238,11
28239,28239,11
28240,28240,11
28241,28241,11
28242,28242,11
28243,28243,11
28244,28244,11
28245,28245,11
28246,28246,12
28247,28247,15
28248,28248,11
28249,28249,12
28250,28250,11
28251,28251,11
28252,28252,13
28253,28253,11
28254,28254,11
28255,28255,11
28256,28256,11
28257,28257,11
28258,28258,11
28259,28259,11
28260,28260,11
28261,28261,11
28262,28262,13
28263,28263,11
28264,28264,11
28265,28265,11
28266,28266,11
28267,28267,11
28268,28268,11
28269,28269,11
28270,28270,12
28271,28271,11
28272,28272,11
28273,28273,11
28274,28274,11
28275,28275,11
28276,28276,11
28277,28277,11
28278,28278,11
28279,28279,11
28280,28280,11
28281,28281,11
28282,28282,11
28283,28283,11
28284,28284,11
28285,28285,11
28286,28286,11
28287,28287,11
28288,28288,14
28289,28289,12
28290,28290,11
28291,28291,12
28292,28292,11
28293,28293,11
28294,28294,11
28295,28295,11
28296,28296,11
28297,28297,11
28298,28298,11
28299,28299,11
28300,28300,12
28301,28301,11
28302,28302,11
28303,28303,11
28304,28304,11
28305,28305,11
28306,28306,11
28307,28307,11
28308,28308,11
28309,28309,11
28310,28310,17
28311,28311,11
28312,28312,11
28313,28313,13
28314,28314,11
28315,28315,11
28316,28316,14
28317,28317,11
28318,28318,11
28319,28319,11
28320,28320,11
28321,28321,11
28322,28322,11
28323,28323,12
28324,28324,11
28325,28325,11
28326,28326,12
28327,28327,11
28328,28328,11
28329,28329,11
28330,28330,11
28331,28331,11
28332,28332,11
28333,28333,11
28334,28334,12
28335,28335,11
28336,28336,11
28337,28337,11
28338,28338,11
28339,28339,11
28340,28340,11
28341,28341,11
28342,28342,11
28343,28343,11
28344,28344,11
28345,28345,12
28346,28346,15
28347,28347,11
28348,28348,17
28349,28349,11
28350,28350,11
28351,28351,11
28352,28352,11
28353,28353,11
28354,28354,13
28355,28355,11
28356,28356,11
28357,28357,11
28358,28358,11
28359,28359,11
28360,28360,11
28361,28361,11
28362,28362,12
28363,28363,13
28364,28364,11
28365,28365,11
28366,28366,11
28367,28367,11
28368,28368,11
28369,28369,11
28370,28370,11
28371,28371,11
28372,28372,11
28373,28373,11
28374,28374,11
28375,28375,11
28376,28376,11
28377,28377,11
28378,28378,11
28379,28379,11
28380,28380,11
28381,28381,11
28382,28382,11
28383,28383,11
28384,28384,11
28385,28385,11
28386,28386,11
28387,28387,11
28388,28388,11
28389,28389,11
28390,28390,14
28391,28391,11
28392,28392,11
28393,28393,11
28394,28394,11
28395,28395,11
28396,28396,11
28397,28397,11
28398,28398,11
28399,28399,11
28400,28400,11
28401,28401,11
28402,28402,11
28403,28403,14
28404,28404,11
28405,28405,11
28406,28406,11
28407,28407,11
28408,28408,13
28409,28409,11
28410,28410,11
28411,28411,11
28412,28412,11
28413,28413,14
28414,28414,11
28415,28415,11
28416,28416,11
28417,28417,11
28418,28418,11
28419,28419,11
28420,28420,11
28421,28421,11
28422,28422,11
28423,28423,13
28424,28424,11
28425,28425,11
28426,28426,11
28427,28427,23
28428,28428,11
28429,28429,11
28430,28430,11
28431,28431,13
28432,28432,11
28433,28433,11
28434,28434,11
28435,28435,11
28436,28436,11
28437,28437,11
28438,28438,11
28439,28439,11
28440,28440,12
28441,28441,11
28442,28442,12
28443,28443,11
28444,28444,11
28445,28445,11
28446,28446,11
28447,28447,14
28448,28448,11
28449,28449,11
28450,28450,11
28451,28451,11
28452,28452,12
28453,28453,11
28454,28454,11
28455,28455,11
28456,28456,11
28457,28457,11
28458,28458,11
28459,28459,11
28460,28460,11
28461,28461,11
28462,28462,11
28463,28463,11
28464,28464,11
28465,28465,11
28466,28466,11
28467,28467,11
28468,28468,12
28469,28469,11
28470,28470,11
28471,28471,11
28472,28472,11
28473,28473,11
28474,28474,11
28475,28475,11
28476,28476,20
28477,28477,11
28478,28478,11
28479,28479,11
28480,28480,11
28481,28481,11
28482,28482,11
28483,28483,11
28484,28484,28
28485,28485,11
28486,28486,11
28487,28487,11
28488,28488,11
28489,28489,11
28490,28490,11
28491,28491,11
28492,28492,11
28493,28493,11
28494,28494,11
28495,28495,11
28496,28496,11
28497,28497,11
28498,28498,11
28499,28499,11
28500,28500,11
28501,28501,11
28502,28502,11
28503,28503,12
28504,28504,11
28505,28505,11
28506,28506,11
28507,28507,11
28508,28508,11
28509,28509,11
28510,28510,11
28511,28511,13
28512,28512,11
28513,28513,11
28514,28514,11
28515,28515,11
28516,28516,11
28517,28517,11
28518,28518,15
28519,28519,11
28520,28520,11
28521,28521,11
28522,28522,11
28523,28523,11
28524,28524,11
28525,28525,11
28526,28526,11
28527,28527,11
28528,28528,11
28529,28529,11
28530,28530,11
28531,28531,11
28532,28532,11
28533,28533,11
28534,28534,11
28535,28535,11
28536,28536,11
28537,28537,11
28538,28538,11
28539,28539,11
28540,28540,11
28541,28541,11
28542,28542,11
28543,28543,11
28544,28544,11
28545,28545,12
28546,28546,11
28547,28547,11
28548,28548,11
28549,28549,11
28550,28550,12
28551,28551,11
28552,28552,11
28553,28553,11
28554,28554,11
28555,28555,11
28556,28556,11
28557,28557,11
28558,28558,12
28559,28559,11
28560,28560,11
28561,28561,11
28562,28562,11
28563,28563,11
28564,28564,11
28565,28565,11
28566,28566,11
28567,28567,11
28568,28568,11
28569,28569,11
28570,28570,11
28571,28571,11
28572,28572,13
28573,28573,11
28574,28574,11
28575,28575,11
28576,28576,11
28577,28577,11
28578,28578,11
28579,28579,11
28580,28580,11
28581,28581,11
28582,28582,11
28583,28583,12
28584,28584,11
28585,28585,11
28586,28586,11
28587,28587,11
28588,28588,11
28589,28589,11
28590,28590,11
28591,28591,11
28592,28592,11
28593,28593,11
28594,28594,11
28595,28595,15
28596,28596,20
28597,28597,11
28598,28598,11
28599,28599,11
28600,28600,11
28601,28601,11
28602,28602,11
28603,28603,11
28604,28604,11
28605,28605,11
28606,28606,11
28607,28607,11
28608,28608,12
28609,28609,11
28610,28610,11
28611,28611,17
28612,28612,11
28613,28613,11
28614,28614,11
28615,28615,11
28616,28616,11
28617,28617,11
28618,28618,11
28619,28619,11
28620,28620,11
28621,28621,11
28622,28622,11
28623,28623,12
28624,28624,11
28625,28625,11
28626,28626,11
28627,28627,11
28628,28628,16
28629,28629,11
28630,28630,11
28631,28631,11
28632,28632,13
28633,28633,11
28634,28634,12
28635,28635,11
28636,28636,11
28637,28637,14
28638,28638,14
28639,28639,11
28640,28640,15
28641,28641,11
28642,28642,11
28643,28643,11
28644,28644,11
28645,28645,11
28646,28646,11
28647,28647,11
28648,28648,11
28649,28649,11
28650,28650,11
28651,28651,11
28652,28652,11
28653,28653,11
28654,28654,11
28655,28655,11
28656,28656,11
28657,28657,11
28658,28658,11
28659,28659,11
28660,28660,11
28661,28661,13
28662,28662,11
28663,28663,11
28664,28664,11
28665,28665,11
28666,28666,11
28667,28667,11
28668,28668,12
28669,28669,11
28670,28670,11
28671,28671,11
28672,28672,11
28673,28673,11
28674,28674,11
28675,28675,11
28676,28676,13
28677,28677,11
28678,28678,11
28679,28679,11
28680,28680,11
28681,28681,11
28682,28682,11
28683,28683,11
28684,28684,11
28685,28685,11
28686,28686,11
28687,28687,11
28688,28688,11
28689,28689,11
28690,28690,11
28691,28691,11
28692,28692,11
28693,28693,11
28694,28694,11
28695,28695,11
28696,28696,11
28697,28697,11
28698,28698,11
28699,28699,11
28700,28700,11
28701,28701,12
28702,28702,11
28703,28703,11
28704,28704,11
28705,28705,11
28706,28706,11
28707,28707,12
28708,28708,11
28709,28709,12
28710,28710,11
28711,28711,11
28712,28712,11
28713,28713,11
28714,28714,11
28715,28715,11
28716,28716,11
28717,28717,11
28718,28718,11
28719,28719,11
28720,28720,11
28721,28721,11
28722,28722,11
28723,28723,11
28724,28724,11
28725,28725,11
28726,28726,12
28727,28727,11
28728,28728,11
28729,28729,12
28730,28730,11
28731,28731,12
28732,28732,12
28733,28733,11
28734,28734,11
28735,28735,11
28736,28736,11
28737,28737,11
28738,28738,13
28739,28739,11
28740,28740,12
28741,28741,11
28742,28742,11
28743,28743,11
28744,28744,11
28745,28745,11
28746,28746,11
28747,28747,11
28748,28748,11
28749,28749,11
28750,28750,11
28751,28751,11
28752,28752,11
28753,28753,11
28754,28754,11
28755,28755,11
28756,28756,11
28757,28757,12
28758,28758,11
28759,28759,11
28760,28760,11
28761,28761,11
28762,28762,11
28763,28763,11
28764,28764,11
28765,28765,11
28766,28766,11
28767,28767,11
28768,28768,11
28769,28769,11
28770,28770,11
28771,28771,11
28772,28772,11
28773,28773,11
28774,28774,11
28775,28775,11
28776,28776,11
28777,28777,11
28778,28778,11
28779,28779,11
28780,28780,11
28781,28781,11
28782,28782,11
28783,28783,11
28784,28784,11
28785,28785,11
28786,28786,11
28787,28787,11
28788,28788,11
28789,28789,11
28790,28790,11
28791,28791,11
28792,28792,11
28793,28793,11
28794,28794,11
28795,28795,11
28796,28796,11
28797,28797,11
28798,28798,11
28799,28799,11
28800,28800,11
28801,28801,11
28802,28802,11
28803,28803,11
28804,28804,11
28805,28805,11
28806,28806,13
28807,28807,11
28808,28808,11
28809,28809,11
28810,28810,11
28811,28811,11
28812,28812,12
28813,28813,11
28814,28814,11
28815,28815,11
28816,28816,11
28817,28817,11
28818,28818,11
28819,28819,11
28820,28820,11
28821,28821,11
28822,28822,11
28823,28823,11
28824,28824,11
28825,28825,11
28826,28826,11
28827,28827,11
28828,28828,12
28829,28829,11
28830,28830,11
28831,28831,13
28832,28832,11
28833,28833,11
28834,28834,11
28835,28835,13
28836,28836,11
28837,28837,13
28838,28838,11
28839,28839,11
28840,28840,11
28841,28841,11
28842,28842,11
28843,28843,11
28844,28844,11
28845,28845,12
28846,28846,12
28847,28847,11
28848,28848,12
28849,28849,12
28850,28850,11
28851,28851,11
28852,28852,11
28853,28853,11
28854,28854,11
28855,28855,11
28856,28856,11
28857,28857,11
28858,28858,11
28859,28859,11
28860,28860,11
28861,28861,11
28862,28862,11
28863,28863,11
28864,28864,11
28865,28865,11
28866,28866,11
28867,28867,11
28868,28868,11
28869,28869,11
28870,28870,11
28871,28871,11
28872,28872,11
28873,28873,11
28874,28874,11
28875,28875,11
28876,28876,11
28877,28877,11
28878,28878,11
28879,28879,11
28880,28880,11
28881,28881,12
28882,28882,12
28883,28883,12
28884,28884,11
28885,28885,11
28886,28886,11
28887,28887,11
28888,28888,11
28889,28889,11
28890,28890,11
28891,28891,11
28892,28892,11
28893,28893,11
28894,28894,11
28895,28895,15
28896,28896,11
28897,28897,11
28898,28898,11
28899,28899,11
28900,28900,11
28901,28901,11
28902,28902,11
28903,28903,11
28904,28904,11
28905,28905,11
28906,28906,11
28907,28907,11
28908,28908,11
28909,28909,11
28910,28910,11
28911,28911,11
28912,28912,11
28913,28913,11
28914,28914,11
28915,28915,11
28916,28916,11
28917,28917,11
28918,28918,11
28919,28919,11
28920,28920,11
28921,28921,12
28922,28922,14
28923,28923,13
28924,28924,19
28925,28925,11
28926,28926,11
28927,28927,11
28928,28928,11
28929,28929,12
28930,28930,11
28931,28931,11
28932,28932,11
28933,28933,11
28934,28934,11
28935,28935,11
28936,28936,11
28937,28937,11
28938,28938,12
28939,28939,11
28940,28940,11
28941,28941,15
28942,28942,11
28943,28943,11
28944,28944,11
28945,28945,11
28946,28946,11
28947,28947,11
28948,28948,11
28949,28949,11
28950,28950,11
28951,28951,11
28952,28952,11
28953,28953,11
28954,28954,11
28955,28955,11
28956,28956,11
28957,28957,13
28958,28958,11
28959,28959,11
28960,28960,11
28961,28961,12
28962,28962,12
28963,28963,11
28964,28964,11
28965,28965,11
28966,28966,11
28967,28967,11
28968,28968,11
28969,28969,11
28970,28970,17
28971,28971,12
28972,28972,11
28973,28973,11
28974,28974,11
28975,28975,11
28976,28976,11
28977,28977,11
28978,28978,11
28979,28979,11
28980,28980,11
28981,28981,11
28982,28982,11
28983,28983,11
28984,28984,11
28985,28985,11
28986,28986,11
28987,28987,11
28988,28988,11
28989,28989,11
28990,28990,11
28991,28991,11
28992,28992,11
28993,28993,11
28994,28994,11
28995,28995,11
28996,28996,11
28997,28997,11
28998,28998,11
28999,28999,12
29000,29000,11
29001,29001,11
29002,29002,11
29003,29003,11
29004,29004,11
29005,29005,13
29006,29006,11
29007,29007,11
29008,29008,11
29009,29009,19
29010,29010,11
29011,29011,15
29012,29012,11
29013,29013,11
29014,29014,12
29015,29015,11
29016,29016,11
29017,29017,11
29018,29018,11
29019,29019,11
29020,29020,11
29021,29021,11
29022,29022,11
29023,29023,11
29024,29024,11
29025,29025,11
29026,29026,12
29027,29027,11
29028,29028,11
29029,29029,11
29030,29030,11
29031,29031,11
29032,29032,11
29033,29033,11
29034,29034,11
29035,29035,11
29036,29036,11
29037,29037,11
29038,29038,11
29039,29039,12
29040,29040,11
29041,29041,11
29042,29042,11
29043,29043,11
29044,29044,11
29045,29045,11
29046,29046,11
29047,29047,11
29048,29048,11
29049,29049,11
29050,29050,11
29051,29051,11
29052,29052,11
29053,29053,11
29054,29054,11
29055,29055,11
29056,29056,11
29057,29057,11
29058,29058,11
29059,29059,11
29060,29060,11
29061,29061,11
29062,29062,11
29063,29063,11
29064,29064,11
29065,29065,11
29066,29066,11
29067,29067,11
29068,29068,14
29069,29069,11
29070,29070,11
29071,29071,11
29072,29072,12
29073,29073,11
29074,29074,11
29075,29075,11
29076,29076,11
29077,29077,11
29078,29078,12
29079,29079,11
29080,29080,11
29081,29081,11
29082,29082,11
29083,29083,11
29084,29084,11
29085,29085,11
29086,29086,11
29087,29087,13
29088,29088,11
29089,29089,11
29090,29090,13
29091,29091,11
29092,29092,11
29093,29093,11
29094,29094,11
29095,29095,12
29096,29096,11
29097,29097,11
29098,29098,11
29099,29099,12
29100,29100,11
29101,29101,13
29102,29102,11
29103,29103,11
29104,29104,11
29105,29105,11
29106,29106,11
29107,29107,11
29108,29108,11
29109,29109,14
29110,29110,11
29111,29111,11
29112,29112,12
29113,29113,12
29114,29114,11
29115,29115,11
29116,29116,11
29117,29117,11
29118,29118,11
29119,29119,11
29120,29120,11
29121,29121,12
29122,29122,11
29123,29123,11
29124,29124,11
29125,29125,11
29126,29126,11
29127,29127,12
29128,29128,11
29129,29129,11
29130,29130,65
29131,29131,11
29132,29132,16
29133,29133,12
29134,29134,11
29135,29135,11
29136,29136,11
29137,29137,11
29138,29138,11
29139,29139,11
29140,29140,11
29141,29141,12
29142,29142,12
29143,29143,11
29144,29144,12
29145,29145,11
29146,29146,11
29147,29147,11
29148,29148,11
29149,29149,11
29150,29150,11
29151,29151,11
29152,29152,11
29153,29153,11
29154,29154,14
29155,29155,11
29156,29156,11
29157,29157,11
29158,29158,11
29159,29159,12
29160,29160,11
29161,29161,12
29162,29162,11
29163,29163,11
29164,29164,11
29165,29165,11
29166,29166,11
29167,29167,11
29168,29168,11
29169,29169,11
29170,29170,11
29171,29171,11
29172,29172,11
29173,29173,11
29174,29174,12
29175,29175,11
29176,29176,11
29177,29177,12
29178,29178,14
29179,29179,11
29180,29180,12
29181,29181,11
29182,29182,11
29183,29183,11
29184,29184,11
29185,29185,11
29186,29186,11
29187,29187,11
29188,29188,11
29189,29189,11
29190,29190,11
29191,29191,11
29192,29192,11
29193,29193,11
29194,29194,11
29195,29195,11
29196,29196,13
29197,29197,11
29198,29198,11
29199,29199,11
29200,29200,11
29201,29201,11
29202,29202,11
29203,29203,11
29204,29204,11
29205,29205,11
29206,29206,12
29207,29207,11
29208,29208,11
29209,29209,13
29210,29210,11
29211,29211,11
29212,29212,11
29213,29213,11
29214,29214,13
29215,29215,11
29216,29216,11
29217,29217,11
29218,29218,11
29219,29219,11
29220,29220,11
29221,29221,11
29222,29222,11
29223,29223,11
29224,29224,11
29225,29225,11
29226,29226,11
29227,29227,11
29228,29228,11
29229,29229,11
29230,29230,11
29231,29231,12
29232,29232,11
29233,29233,11
29234,29234,41
29235,29235,11
29236,29236,11
29237,29237,11
29238,29238,11
29239,29239,11
29240,29240,11
29241,29241,11
29242,29242,12
29243,29243,11
29244,29244,11
29245,29245,11
29246,29246,11
29247,29247,11
29248,29248,11
29249,29249,11
29250,29250,14
29251,29251,13
29252,29252,11
29253,29253,11
29254,29254,11
29255,29255,11
29256,29256,12
29257,29257,12
29258,29258,12
29259,29259,11
29260,29260,11
29261,29261,15
29262,29262,12
29263,29263,11
29264,29264,11
29265,29265,11
29266,29266,11
29267,29267,11
29268,29268,15
29269,29269,11
29270,29270,12
29271,29271,12
29272,29272,11
29273,29273,11
29274,29274,11
29275,29275,11
29276,29276,11
29277,29277,12
29278,29278,14
29279,29279,11
29280,29280,12
29281,29281,11
29282,29282,12
29283,29283,11
29284,29284,11
29285,29285,11
29286,29286,12
29287,29287,11
29288,29288,11
29289,29289,11
29290,29290,12
29291,29291,11
29292,29292,12
29293,29293,11
29294,29294,11
29295,29295,12
29296,29296,11
29297,29297,11
29298,29298,11
29299,29299,11
29300,29300,14
29301,29301,11
29302,29302,11
29303,29303,11
29304,29304,11
29305,29305,12
29306,29306,11
29307,29307,11
29308,29308,11
29309,29309,11
29310,29310,11
29311,29311,11
29312,29312,11
29313,29313,11
29314,29314,11
29315,29315,11
29316,29316,11
29317,29317,11
29318,29318,11
29319,29319,11
29320,29320,11
29321,29321,11
29322,29322,11
29323,29323,11
29324,29324,11
29325,29325,11
29326,29326,11
29327,29327,11
29328,29328,12
29329,29329,11
29330,29330,11
29331,29331,15
29332,29332,11
29333,29333,13
29334,29334,11
29335,29335,11
29336,29336,11
29337,29337,11
29338,29338,11
29339,29339,11
29340,29340,11
29341,29341,11
29342,29342,11
29343,29343,11
29344,29344,23
29345,29345,11
29346,29346,11
29347,29347,11
29348,29348,11
29349,29349,56
29350,29350,11
29351,29351,11
29352,29352,12
29353,29353,11
29354,29354,15
29355,29355,11
29356,29356,11
29357,29357,11
29358,29358,11
29359,29359,11
29360,29360,11
29361,29361,11
29362,29362,11
29363,29363,11
29364,29364,12
29365,29365,11
29366,29366,12
29367,29367,11
29368,29368,11
29369,29369,11
29370,29370,11
29371,29371,11
29372,29372,11
29373,29373,11
29374,29374,11
29375,29375,11
29376,29376,11
29377,29377,11
29378,29378,11
29379,29379,11
29380,29380,12
29381,29381,11
29382,29382,11
29383,29383,11
29384,29384,11
29385,29385,11
29386,29386,11
29387,29387,11
29388,29388,11
29389,29389,12
29390,29390,13
29391,29391,11
29392,29392,11
29393,29393,11
29394,29394,11
29395,29395,11
29396,29396,11
29397,29397,11
29398,29398,11
29399,29399,11
29400,29400,11
29401,29401,12
29402,29402,11
29403,29403,11
29404,29404,11
29405,29405,11
29406,29406,11
29407,29407,11
29408,29408,11
29409,29409,11
29410,29410,11
29411,29411,11
29412,29412,11
29413,29413,11
29414,29414,11
29415,29415,12
29416,29416,11
29417,29417,11
29418,29418,12
29419,29419,11
29420,29420,11
29421,29421,11
29422,29422,11
29423,29423,11
29424,29424,11
29425,29425,11
29426,29426,11
29427,29427,11
29428,29428,11
29429,29429,11
29430,29430,11
29431,29431,11
29432,29432,11
29433,29433,12
29434,29434,11
29435,29435,11
29436,29436,11
29437,29437,11
29438,29438,11
29439,29439,11
29440,29440,11
29441,29441,11
29442,29442,11
29443,29443,11
29444,29444,12
29445,29445,11
29446,29446,11
29447,29447,11
29448,29448,11
29449,29449,11
29450,29450,11
29451,29451,11
29452,29452,11
29453,29453,11
29454,29454,11
29455,29455,11
29456,29456,11
29457,29457,13
29458,29458,11
29459,29459,11
29460,29460,11
29461,29461,11
29462,29462,11
29463,29463,11
29464,29464,11
29465,29465,29
29466,29466,11
29467,29467,11
29468,29468,11
29469,29469,11
29470,29470,11
29471,29471,11
29472,29472,11
29473,29473,11
29474,29474,11
29475,29475,11
29476,29476,11
29477,29477,11
29478,29478,11
29479,29479,11
29480,29480,11
29481,29481,11
29482,29482,11
29483,29483,11
29484,29484,12
29485,29485,11
29486,29486,11
29487,29487,11
29488,29488,11
29489,29489,11
29490,29490,11
29491,29491,11
29492,29492,11
29493,29493,11
29494,29494,11
29495,29495,11
29496,29496,11
29497,29497,11
29498,29498,11
29499,29499,11
29500,29500,11
29501,29501,11
29502,29502,11
29503,29503,11
29504,29504,12
29505,29505,11
29506,29506,11
29507,29507,11
29508,29508,11
29509,29509,11
29510,29510,11
29511,29511,13
29512,29512,11
29513,29513,11
29514,29514,11
29515,29515,13
29516,29516,11
29517,29517,11
29518,29518,11
29519,29519,11
29520,29520,11
29521,29521,11
29522,29522,11
29523,29523,11
29524,29524,11
29525,29525,11
29526,29526,11
29527,29527,11
29528,29528,11
29529,29529,11
29530,29530,11
29531,29531,12
29532,29532,11
29533,29533,11
29534,29534,11
29535,29535,11
29536,29536,11
29537,29537,11
29538,29538,11
29539,29539,11
29540,29540,11
29541,29541,11
29542,29542,11
29543,29543,21
29544,29544,11
29545,29545,11
29546,29546,11
29547,29547,11
29548,29548,11
29549,29549,11
29550,29550,11
29551,29551,11
29552,29552,11
29553,29553,11
29554,29554,11
29555,29555,11
29556,29556,11
29557,29557,11
29558,29558,11
29559,29559,11
29560,29560,11
29561,29561,11
29562,29562,12
29563,29563,11
29564,29564,11
29565,29565,11
29566,29566,11
29567,29567,11
29568,29568,11
29569,29569,50
29570,29570,11
29571,29571,11
29572,29572,11
29573,29573,11
29574,29574,11
29575,29575,13
29576,29576,11
29577,29577,11
29578,29578,11
29579,29579,11
29580,29580,11
29581,29581,11
29582,29582,11
29583,29583,11
29584,29584,11
29585,29585,11
29586,29586,11
29587,29587,11
29588,29588,11
29589,29589,11
29590,29590,11
29591,29591,11
29592,29592,11
29593,29593,11
29594,29594,11
29595,29595,11
29596,29596,11
29597,29597,11
29598,29598,11
29599,29599,11
29600,29600,11
29601,29601,12
29602,29602,11
29603,29603,11
29604,29604,11
29605,29605,11
29606,29606,11
29607,29607,11
29608,29608,11
29609,29609,11
29610,29610,11
29611,29611,11
29612,29612,11
29613,29613,11
29614,29614,11
29615,29615,11
29616,29616,12
29617,29617,11
29618,29618,11
29619,29619,11
29620,29620,11
29621,29621,11
29622,29622,11
29623,29623,11
29624,29624,11
29625,29625,11
29626,29626,11
29627,29627,11
29628,29628,11
29629,29629,12
29630,29630,11
29631,29631,11
29632,29632,11
29633,29633,11
29634,29634,11
29635,29635,11
29636,29636,11
29637,29637,11
29638,29638,17
29639,29639,11
29640,29640,11
29641,29641,11
29642,29642,11
29643,29643,11
29644,29644,11
29645,29645,11
29646,29646,11
29647,29647,11
29648,29648,11
29649,29649,11
29650,29650,11
29651,29651,11
29652,29652,11
29653,29653,11
29654,29654,27
29655,29655,11
29656,29656,11
29657,29657,11
29658,29658,11
29659,29659,11
29660,29660,11
29661,29661,11
29662,29662,12
29663,29663,11
29664,29664,11
29665,29665,11
29666,29666,11
29667,29667,11
29668,29668,11
29669,29669,11
29670,29670,11
29671,29671,11
29672,29672,11
29673,29673,11
29674,29674,11
29675,29675,11
29676,29676,11
29677,29677,11
29678,29678,12
29679,29679,11
29680,29680,11
29681,29681,11
29682,29682,11
29683,29683,11
29684,29684,12
29685,29685,11
29686,29686,11
29687,29687,11
29688,29688,11
29689,29689,12
29690,29690,11
29691,29691,13
29692,29692,11
29693,29693,11
29694,29694,11
29695,29695,11
29696,29696,11
29697,29697,11
29698,29698,11
29699,29699,12
29700,29700,11
29701,29701,11
29702,29702,11
29703,29703,11
29704,29704,11
29705,29705,11
29706,29706,12
29707,29707,11
29708,29708,11
29709,29709,11
29710,29710,11
29711,29711,11
29712,29712,11
29713,29713,11
29714,29714,11
29715,29715,11
29716,29716,11
29717,29717,11
29718,29718,11
29719,29719,23
29720,29720,11
29721,29721,11
29722,29722,11
29723,29723,11
29724,29724,11
29725,29725,12
29726,29726,11
29727,29727,23
29728,29728,11
29729,29729,11
29730,29730,12
29731,29731,11
29732,29732,11
29733,29733,11
29734,29734,11
29735,29735,11
29736,29736,11
29737,29737,11
29738,29738,11
29739,29739,13
29740,29740,12
29741,29741,11
29742,29742,13
29743,29743,11
29744,29744,11
29745,29745,12
29746,29746,11
29747,29747,11
29748,29748,11
29749,29749,11
29750,29750,11
29751,29751,11
29752,29752,11
29753,29753,11
29754,29754,11
29755,29755,11
29756,29756,11
29757,29757,11
29758,29758,11
29759,29759,12
29760,29760,15
29761,29761,11
29762,29762,11
29763,29763,11
29764,29764,12
29765,29765,15
29766,29766,11
29767,29767,11
29768,29768,16
29769,29769,12
29770,29770,11
29771,29771,12
29772,29772,14
29773,29773,12
29774,29774,11
29775,29775,11
29776,29776,11
29777,29777,12
29778,29778,11
29779,29779,11
29780,29780,11
29781,29781,11
29782,29782,11
29783,29783,11
29784,29784,11
29785,29785,11
29786,29786,11
29787,29787,11
29788,29788,12
29789,29789,11
29790,29790,11
29791,29791,11
29792,29792,11
29793,29793,11
29794,29794,11
29795,29795,11
29796,29796,11
29797,29797,11
29798,29798,11
29799,29799,14
29800,29800,11
29801,29801,11
29802,29802,11
29803,29803,13
29804,29804,12
29805,29805,11
29806,29806,11
29807,29807,11
29808,29808,11
29809,29809,11
29810,29810,11
29811,29811,11
29812,29812,12
29813,29813,11
29814,29814,11
29815,29815,11
29816,29816,11
29817,29817,12
29818,29818,11
29819,29819,11
29820,29820,11
29821,29821,11
29822,29822,11
29823,29823,11
29824,29824,12
29825,29825,11
29826,29826,11
29827,29827,11
29828,29828,11
29829,29829,11
29830,29830,11
29831,29831,11
29832,29832,11
29833,29833,12
29834,29834,11
29835,29835,11
29836,29836,11
29837,29837,11
29838,29838,11
29839,29839,11
29840,29840,11
29841,29841,11
29842,29842,11
29843,29843,11
29844,29844,11
29845,29845,11
29846,29846,11
29847,29847,11
29848,29848,11
29849,29849,11
29850,29850,11
29851,29851,11
29852,29852,11
29853,29853,11
29854,29854,11
29855,29855,11
29856,29856,11
29857,29857,11
29858,29858,11
29859,29859,11
29860,29860,11
29861,29861,11
29862,29862,11
29863,29863,11
29864,29864,11
29865,29865,11
29866,29866,11
29867,29867,11
29868,29868,11
29869,29869,11
29870,29870,11
29871,29871,11
29872,29872,11
29873,29873,11
29874,29874,11
29875,29875,11
29876,29876,11
29877,29877,11
29878,29878,19
29879,29879,11
29880,29880,11
29881,29881,12
29882,29882,11
29883,29883,11
29884,29884,11
29885,29885,11
29886,29886,11
29887,29887,19
29888,29888,11
29889,29889,12
29890,29890,12
29891,29891,14
29892,29892,12
29893,29893,11
29894,29894,11
29895,29895,17
29896,29896,11
29897,29897,11
29898,29898,11
29899,29899,11
29900,29900,11
29901,29901,11
29902,29902,12
29903,29903,11
29904,29904,11
29905,29905,11
29906,29906,11
29907,29907,11
29908,29908,11
29909,29909,11
29910,29910,11
29911,29911,11
29912,29912,11
29913,29913,11
29914,29914,11
29915,29915,11
29916,29916,12
29917,29917,11
29918,29918,11
29919,29919,11
29920,29920,11
29921,29921,12
29922,29922,11
29923,29923,11
29924,29924,11
29925,29925,11
29926,29926,11
29927,29927,11
29928,29928,11
29929,29929,11
29930,29930,11
29931,29931,11
29932,29932,12
29933,29933,11
29934,29934,11
29935,29935,11
29936,29936,11
29937,29937,11
29938,29938,11
29939,29939,11
29940,29940,11
29941,29941,11
29942,29942,11
29943,29943,11
29944,29944,11
29945,29945,11
29946,29946,11
29947,29947,11
29948,29948,11
29949,29949,11
29950,29950,11
29951,29951,11
29952,29952,11
29953,29953,12
29954,29954,11
29955,29955,12
29956,29956,11
29957,29957,11
29958,29958,11
29959,29959,12
29960,29960,11
29961,29961,11
29962,29962,11
29963,29963,11
29964,29964,11
29965,29965,13
29966,29966,13
29967,29967,11
29968,29968,11
29969,29969,11
29970,29970,11
29971,29971,11
29972,29972,11
29973,29973,11
29974,29974,11
29975,29975,15
29976,29976,11
29977,29977,12
29978,29978,11
29979,29979,11
29980,29980,11
29981,29981,11
29982,29982,11
29983,29983,11
29984,29984,11
29985,29985,11
29986,29986,11
29987,29987,11
29988,29988,11
29989,29989,11
29990,29990,11
29991,29991,11
29992,29992,11
29993,29993,11
29994,29994,11
29995,29995,11
29996,29996,12
29997,29997,11
29998,29998,11
29999,29999,11
30000,30000,12
30001,30001,11
30002,30002,12
30003,30003,22
30004,30004,11
30005,30005,11
30006,30006,11
30007,30007,12
30008,30008,11
30009,30009,11
30010,30010,11
30011,30011,11
30012,30012,11
30013,30013,11
30014,30014,11
30015,30015,11
30016,30016,11
30017,30017,11
30018,30018,11
30019,30019,11
30020,30020,11
30021,30021,11
30022,30022,11
30023,30023,11
30024,30024,11
30025,30025,12
30026,30026,11
30027,30027,11
30028,30028,11
30029,30029,11
30030,30030,11
30031,30031,11
30032,30032,12
30033,30033,11
30034,30034,11
30035,30035,11
30036,30036,11
30037,30037,11
30038,30038,11
30039,30039,11
30040,30040,11
30041,30041,11
30042,30042,11
30043,30043,11
30044,30044,11
30045,30045,11
30046,30046,11
30047,30047,11
30048,30048,11
30049,30049,11
30050,30050,15
30051,30051,11
30052,30052,11
30053,30053,11
30054,30054,11
30055,30055,11
30056,30056,11
30057,30057,11
30058,30058,11
30059,30059,11
30060,30060,11
30061,30061,11
30062,30062,11
30063,30063,11
30064,30064,11
30065,30065,11
30066,30066,11
30067,30067,11
30068,30068,11
30069,30069,11
30070,30070,11
30071,30071,11
30072,30072,11
30073,30073,11
30074,30074,11
30075,30075,11
30076,30076,11
30077,30077,11
30078,30078,11
30079,30079,11
30080,30080,11
30081,30081,11
30082,30082,11
30083,30083,11
30084,30084,11
30085,30085,11
30086,30086,11
30087,30087,12
30088,30088,11
30089,30089,13
30090,30090,11
30091,30091,11
30092,30092,11
30093,30093,11
30094,30094,12
30095,30095,11
30096,30096,11
30097,30097,11
30098,30098,11
30099,30099,11
30100,30100,11
30101,30101,11
30102,30102,11
30103,30103,11
30104,30104,11
30105,30105,11
30106,30106,11
30107,30107,11
30108,30108,11
30109,30109,11
30110,30110,11
30111,30111,11
30112,30112,11
30113,30113,11
30114,30114,11
30115,30115,11
30116,30116,12
30117,30117,12
30118,30118,11
30119,30119,11
30120,30120,11
30121,30121,11
30122,30122,12
30123,30123,11
30124,30124,11
30125,30125,11
30126,30126,11
30127,30127,11
30128,30128,11
30129,30129,11
30130,30130,11
30131,30131,11
30132,30132,11
30133,30133,12
30134,30134,11
30135,30135,11
30136,30136,11
30137,30137,12
30138,30138,12
30139,30139,13
30140,30140,11
30141,30141,11
30142,30142,11
30143,30143,11
30144,30144,11
30145,30145,11
30146,30146,12
30147,30147,11
30148,30148,11
30149,30149,11
30150,30150,11
30151,30151,11
30152,30152,11
30153,30153,13
30154,30154,11
30155,30155,11
30156,30156,11
30157,30157,11
30158,30158,11
30159,30159,13
30160,30160,11
30161,30161,11
30162,30162,12
30163,30163,11
30164,30164,12
30165,30165,11
30166,30166,11
30167,30167,11
30168,30168,11
30169,30169,11
30170,30170,12
30171,30171,13
30172,30172,11
30173,30173,11
30174,30174,11
30175,30175,11
30176,30176,11
30177,30177,11
30178,30178,11
30179,30179,11
30180,30180,11
30181,30181,11
30182,30182,11
30183,30183,11
30184,30184,11
30185,30185,11
30186,30186,11
30187,30187,17
30188,30188,14
30189,30189,11
30190,30190,11
30191,30191,11
30192,30192,11
30193,30193,13
30194,30194,11
30195,30195,11
30196,30196,11
30197,30197,11
30198,30198,11
30199,30199,11
30200,30200,11
30201,30201,11
30202,30202,11
30203,30203,11
30204,30204,11
30205,30205,11
30206,30206,11
30207,30207,11
30208,30208,11
30209,30209,11
30210,30210,11
30211,30211,11
30212,30212,11
30213,30213,11
30214,30214,11
30215,30215,11
30216,30216,11
30217,30217,11
30218,30218,11
30219,30219,11
30220,30220,11
30221,30221,11
30222,30222,11
30223,30223,11
30224,30224,11
30225,30225,11
30226,30226,11
30227,30227,11
30228,30228,11
30229,30229,11
30230,30230,11
30231,30231,11
30232,30232,11
30233,30233,11
30234,30234,11
30235,30235,11
30236,30236,11
30237,30237,11
30238,30238,11
30239,30239,11
30240,30240,11
30241,30241,11
30242,30242,11
30243,30243,14
30244,30244,11
30245,30245,11
30246,30246,16
30247,30247,11
30248,30248,11
30249,30249,11
30250,30250,11
30251,30251,11
30252,30252,11
30253,30253,11
30254,30254,11
30255,30255,11
30256,30256,11
30257,30257,11
30258,30258,11
30259,30259,11
30260,30260,11
30261,30261,11
30262,30262,11
30263,30263,11
30264,30264,11
30265,30265,11
30266,30266,11
30267,30267,11
30268,30268,11
30269,30269,11
30270,30270,11
30271,30271,11
30272,30272,12
30273,30273,11
30274,30274,11
30275,30275,11
30276,30276,11
30277,30277,11
30278,30278,11
30279,30279,11
30280,30280,11
30281,30281,11
30282,30282,11
30283,30283,11
30284,30284,11
30285,30285,11
30286,30286,14
30287,30287,11
30288,30288,11
30289,30289,11
30290,30290,11
30291,30291,11
30292,30292,11
30293,30293,11
30294,30294,89
30295,30295,11
30296,30296,11
30297,30297,11
30298,30298,11
30299,30299,11
30300,30300,11
30301,30301,11
30302,30302,11
30303,30303,11
30304,30304,11
30305,30305,18
30306,30306,11
30307,30307,11
30308,30308,11
30309,30309,11
30310,30310,11
30311,30311,11
30312,30312,11
30313,30313,11
30314,30314,11
30315,30315,11
30316,30316,11
30317,30317,11
30318,30318,11
30319,30319,11
30320,30320,11
30321,30321,11
30322,30322,11
30323,30323,11
30324,30324,11
30325,30325,11
30326,30326,11
30327,30327,11
30328,30328,11
30329,30329,11
30330,30330,11
30331,30331,11
30332,30332,11
30333,30333,11
30334,30334,12
30335,30335,11
30336,30336,11
30337,30337,11
30338,30338,11
30339,30339,11
30340,30340,11
30341,30341,11
30342,30342,11
30343,30343,11
30344,30344,11
30345,30345,11
30346,30346,17
30347,30347,11
30348,30348,11
30349,30349,11
30350,30350,11
30351,30351,11
30352,30352,11
30353,30353,11
30354,30354,11
30355,30355,11
30356,30356,11
30357,30357,11
30358,30358,11
30359,30359,11
30360,30360,11
30361,30361,11
30362,30362,11
30363,30363,11
30364,30364,11
30365,30365,11
30366,30366,11
30367,30367,13
30368,30368,11
30369,30369,11
30370,30370,11
30371,30371,11
30372,30372,11
30373,30373,11
30374,30374,11
30375,30375,11
30376,30376,11
30377,30377,11
30378,30378,11
30379,30379,11
30380,30380,11
30381,30381,12
30382,30382,11
30383,30383,11
30384,30384,11
30385,30385,11
30386,30386,11
30387,30387,11
30388,30388,11
30389,30389,11
30390,30390,13
30391,30391,11
30392,30392,11
30393,30393,11
30394,30394,11
30395,30395,11
30396,30396,11
30397,30397,11
30398,30398,12
30399,30399,11
30400,30400,11
30401,30401,11
30402,30402,11
30403,30403,11
30404,30404,13
30405,30405,11
30406,30406,16
30407,30407,11
30408,30408,11
30409,30409,11
30410,30410,11
30411,30411,11
30412,30412,17
30413,30413,11
30414,30414,11
30415,30415,11
30416,30416,11
30417,30417,11
30418,30418,11
30419,30419,11
30420,30420,12
30421,30421,11
30422,30422,11
30423,30423,11
30424,30424,11
30425,30425,11
30426,30426,11
30427,30427,11
30428,30428,11
30429,30429,11
30430,30430,11
30431,30431,11
30432,30432,11
30433,30433,11
30434,30434,11
30435,30435,11
30436,30436,11
30437,30437,11
30438,30438,11
30439,30439,11
30440,30440,11
30441,30441,11
30442,30442,11
30443,30443,11
30444,30444,11
30445,30445,11
30446,30446,11
30447,30447,14
30448,30448,11
30449,30449,11
30450,30450,11
30451,30451,11
30452,30452,11
30453,30453,11
30454,30454,11
30455,30455,11
30456,30456,11
30457,30457,11
30458,30458,11
30459,30459,11
30460,30460,11
30461,30461,11
30462,30462,11
30463,30463,11
30464,30464,11
30465,30465,11
30466,30466,11
30467,30467,11
30468,30468,11
30469,30469,12
30470,30470,13
30471,30471,11
30472,30472,11
30473,30473,11
30474,30474,11
30475,30475,18
30476,30476,11
30477,30477,11
30478,30478,11
30479,30479,11
30480,30480,11
30481,30481,11
30482,30482,11
30483,30483,12
30484,30484,11
30485,30485,11
30486,30486,11
30487,30487,11
30488,30488,11
30489,30489,11
30490,30490,11
30491,30491,11
30492,30492,11
30493,30493,11
30494,30494,11
30495,30495,11
30496,30496,11
30497,30497,11
30498,30498,11
30499,30499,11
30500,30500,11
30501,30501,11
30502,30502,11
30503,30503,11
30504,30504,11
30505,30505,11
30506,30506,11
30507,30507,11
30508,30508,11
30509,30509,12
30510,30510,11
30511,30511,11
30512,30512,11
30513,30513,11
30514,30514,11
30515,30515,11
30516,30516,11
30517,30517,11
30518,30518,11
30519,30519,11
30520,30520,11
30521,30521,11
30522,30522,12
30523,30523,11
30524,30524,11
30525,30525,11
30526,30526,11
30527,30527,18
30528,30528,11
30529,30529,12
30530,30530,11
30531,30531,11
30532,30532,11
30533,30533,11
30534,30534,11
30535,30535,11
30536,30536,11
30537,30537,11
30538,30538,11
30539,30539,11
30540,30540,11
30541,30541,11
30542,30542,11
30543,30543,12
30544,30544,12
30545,30545,11
30546,30546,11
30547,30547,11
30548,30548,11
30549,30549,11
30550,30550,11
30551,30551,11
30552,30552,11
30553,30553,11
30554,30554,11
30555,30555,11
30556,30556,11
30557,30557,11
30558,30558,11
30559,30559,12
30560,30560,11
30561,30561,11
30562,30562,11
30563,30563,11
30564,30564,11
30565,30565,11
30566,30566,11
30567,30567,11
30568,30568,11
30569,30569,11
30570,30570,11
30571,30571,11
30572,30572,11
30573,30573,11
30574,30574,13
30575,30575,11
30576,30576,11
30577,30577,11
30578,30578,12
30579,30579,11
30580,30580,11
30581,30581,11
30582,30582,11
30583,30583,11
30584,30584,11
30585,30585,12
30586,30586,11
30587,30587,11
30588,30588,11
30589,30589,11
30590,30590,11
30591,30591,11
30592,30592,11
30593,30593,11
30594,30594,11
30595,30595,11
30596,30596,12
30597,30597,11
30598,30598,11
30599,30599,12
30600,30600,11
30601,30601,11
30602,30602,11
30603,30603,11
30604,30604,11
30605,30605,11
30606,30606,11
30607,30607,11
30608,30608,11
30609,30609,11
30610,30610,13
30611,30611,11
30612,30612,11
30613,30613,11
30614,30614,12
30615,30615,12
30616,30616,11
30617,30617,11
30618,30618,11
30619,30619,11
30620,30620,11
30621,30621,11
30622,30622,11
30623,30623,11
30624,30624,11
30625,30625,12
30626,30626,11
30627,30627,11
30628,30628,11
30629,30629,11
30630,30630,11
30631,30631,12
30632,30632,11
30633,30633,11
30634,30634,11
30635,30635,11
30636,30636,11
30637,30637,11
30638,30638,11
30639,30639,11
30640,30640,11
30641,30641,11
30642,30642,11
30643,30643,11
30644,30644,11
30645,30645,11
30646,30646,11
30647,30647,11
30648,30648,11
30649,30649,11
30650,30650,11
30651,30651,11
30652,30652,11
30653,30653,11
30654,30654,11
30655,30655,13
30656,30656,11
30657,30657,11
30658,30658,11
30659,30659,11
30660,30660,11
30661,30661,11
30662,30662,11
30663,30663,11
30664,30664,11
30665,30665,11
30666,30666,11
30667,30667,11
30668,30668,11
30669,30669,11
30670,30670,11
30671,30671,11
30672,30672,11
30673,30673,11
30674,30674,11
30675,30675,11
30676,30676,11
30677,30677,11
30678,30678,11
30679,30679,11
30680,30680,12
30681,30681,11
30682,30682,11
30683,30683,11
30684,30684,11
30685,30685,11
30686,30686,11
30687,30687,11
30688,30688,11
30689,30689,11
30690,30690,13
30691,30691,11
30692,30692,11
30693,30693,11
30694,30694,12
30695,30695,11
30696,30696,11
30697,30697,11
30698,30698,11
30699,30699,11
30700,30700,11
30701,30701,11
30702,30702,11
30703,30703,11
30704,30704,11
30705,30705,11
30706,30706,11
30707,30707,11
30708,30708,39
30709,30709,11
30710,30710,11
30711,30711,11
30712,30712,11
30713,30713,11
30714,30714,11
30715,30715,11
30716,30716,11
30717,30717,11
30718,30718,11
30719,30719,11
30720,30720,11
30721,30721,11
30722,30722,11
30723,30723,11
30724,30724,11
30725,30725,11
30726,30726,11
30727,30727,11
30728,30728,11
30729,30729,11
30730,30730,11
30731,30731,11
30732,30732,11
30733,30733,11
30734,30734,11
30735,30735,11
30736,30736,11
30737,30737,11
30738,30738,13
30739,30739,11
30740,30740,11
30741,30741,11
30742,30742,12
30743,30743,11
30744,30744,11
30745,30745,11
30746,30746,11
30747,30747,11
30748,30748,11
30749,30749,11
30750,30750,11
30751,30751,11
30752,30752,11
30753,30753,11
30754,30754,11
30755,30755,12
30756,30756,11
30757,30757,11
30758,30758,11
30759,30759,11
30760,30760,11
30761,30761,11
30762,30762,11
30763,30763,11
30764,30764,11
30765,30765,11
30766,30766,11
30767,30767,11
30768,30768,11
30769,30769,11
30770,30770,11
30771,30771,11
30772,30772,11
30773,30773,11
30774,30774,11
30775,30775,11
30776,30776,11
30777,30777,11
30778,30778,11
30779,30779,11
30780,30780,11
30781,30781,11
30782,30782,11
30783,30783,11
30784,30784,11
30785,30785,11
30786,30786,11
30787,30787,11
30788,30788,11
30789,30789,11
30790,30790,11
30791,30791,11
30792,30792,11
30793,30793,11
30794,30794,11
30795,30795,11
30796,30796,11
30797,30797,11
30798,30798,11
30799,30799,12
30800,30800,12
30801,30801,11
30802,30802,11
30803,30803,11
30804,30804,11
30805,30805,11
30806,30806,11
30807,30807,11
30808,30808,11
30809,30809,11
30810,30810,11
30811,30811,11
30812,30812,11
30813,30813,11
30814,30814,11
30815,30815,11
30816,30816,11
30817,30817,11
30818,30818,11
30819,30819,11
30820,30820,11
30821,30821,11
30822,30822,11
30823,30823,11
30824,30824,11
30825,30825,11
30826,30826,11
30827,30827,11
30828,30828,11
30829,30829,11
30830,30830,11
30831,30831,16
30832,30832,11
30833,30833,11
30834,30834,11
30835,30835,11
30836,30836,11
30837,30837,11
30838,30838,11
30839,30839,11
30840,30840,11
30841,30841,11
30842,30842,11
30843,30843,11
30844,30844,11
30845,30845,11
30846,30846,11
30847,30847,11
30848,30848,11
30849,30849,11
30850,30850,11
30851,30851,11
30852,30852,11
30853,30853,11
30854,30854,11
30855,30855,11
30856,30856,11
30857,30857,11
30858,30858,11
30859,30859,11
30860,30860,11
30861,30861,11
30862,30862,11
30863,30863,11
30864,30864,11
30865,30865,11
30866,30866,11
30867,30867,11
30868,30868,11
30869,30869,11
30870,30870,11
30871,30871,11
30872,30872,11
30873,30873,11
30874,30874,14
30875,30875,11
30876,30876,11
30877,30877,11
30878,30878,11
30879,30879,11
30880,30880,11
30881,30881,11
30882,30882,11
30883,30883,11
30884,30884,11
30885,30885,11
30886,30886,11
30887,30887,11
30888,30888,11
30889,30889,11
30890,30890,11
30891,30891,19
30892,30892,11
30893,30893,21
30894,30894,11
30895,30895,11
30896,30896,13
30897,30897,11
30898,30898,11
30899,30899,11
30900,30900,13
30901,30901,11
30902,30902,11
30903,30903,11
30904,30904,11
30905,30905,11
30906,30906,14
30907,30907,11
30908,30908,11
30909,30909,11
30910,30910,11
30911,30911,11
30912,30912,11
30913,30913,11
30914,30914,11
30915,30915,11
30916,30916,11
30917,30917,11
30918,30918,11
30919,30919,11
30920,30920,11
30921,30921,11
30922,30922,11
30923,30923,11
30924,30924,12
30925,30925,11
30926,30926,11
30927,30927,11
30928,30928,11
30929,30929,11
30930,30930,11
30931,30931,11
30932,30932,11
30933,30933,11
30934,30934,11
30935,30935,11
30936,30936,11
30937,30937,11
30938,30938,11
30939,30939,14
30940,30940,11
30941,30941,11
30942,30942,11
30943,30943,11
30944,30944,11
30945,30945,11
30946,30946,11
30947,30947,11
30948,30948,12
30949,30949,14
30950,30950,11
30951,30951,11
30952,30952,11
30953,30953,11
30954,30954,11
30955,30955,11
30956,30956,11
30957,30957,11
30958,30958,11
30959,30959,11
30960,30960,13
30961,30961,11
30962,30962,13
30963,30963,11
30964,30964,13
30965,30965,11
30966,30966,11
30967,30967,11
30968,30968,11
30969,30969,11
30970,30970,11
30971,30971,11
30972,30972,11
30973,30973,11
30974,30974,11
30975,30975,11
30976,30976,11
30977,30977,11
30978,30978,11
30979,30979,11
30980,30980,11
30981,30981,11
30982,30982,11
30983,30983,11
30984,30984,11
30985,30985,11
30986,30986,11
30987,30987,11
30988,30988,11
30989,30989,11
30990,30990,11
30991,30991,11
30992,30992,11
30993,30993,11
30994,30994,11
30995,30995,11
30996,30996,11
30997,30997,11
30998,30998,11
30999,30999,11
31000,31000,12
31001,31001,11
31002,31002,11
31003,31003,13
31004,31004,11
31005,31005,11
31006,31006,11
31007,31007,11
31008,31008,11
31009,31009,11
31010,31010,11
31011,31011,11
31012,31012,11
31013,31013,11
31014,31014,11
31015,31015,11
31016,31016,19
31017,31017,11
31018,31018,12
31019,31019,13
31020,31020,16
31021,31021,12
31022,31022,11
31023,31023,11
31024,31024,11
31025,31025,11
31026,31026,11
31027,31027,11
31028,31028,11
31029,31029,11
31030,31030,11
31031,31031,11
31032,31032,11
31033,31033,11
31034,31034,11
31035,31035,11
31036,31036,11
31037,31037,11
31038,31038,13
31039,31039,11
31040,31040,11
31041,31041,11
31042,31042,11
31043,31043,11
31044,31044,11
31045,31045,11
31046,31046,11
31047,31047,11
31048,31048,11
31049,31049,11
31050,31050,11
31051,31051,11
31052,31052,13
31053,31053,11
31054,31054,11
31055,31055,11
31056,31056,11
31057,31057,11
31058,31058,11
31059,31059,11
31060,31060,11
31061,31061,11
31062,31062,11
31063,31063,11
31064,31064,11
31065,31065,11
31066,31066,11
31067,31067,11
31068,31068,13
31069,31069,11
31070,31070,11
31071,31071,11
31072,31072,11
31073,31073,11
31074,31074,11
31075,31075,11
31076,31076,11
31077,31077,11
31078,31078,20
31079,31079,11
31080,31080,11
31081,31081,11
31082,31082,11
31083,31083,11
31084,31084,11
31085,31085,11
31086,31086,12
31087,31087,12
31088,31088,11
31089,31089,11
31090,31090,11
31091,31091,11
31092,31092,11
31093,31093,11
31094,31094,11
31095,31095,11
31096,31096,11
31097,31097,11
31098,31098,11
31099,31099,11
31100,31100,11
31101,31101,11
31102,31102,11
31103,31103,11
31104,31104,14
31105,31105,11
31106,31106,11
31107,31107,11
31108,31108,11
31109,31109,11
31110,31110,11
31111,31111,11
31112,31112,11
31113,31113,12
31114,31114,11
31115,31115,11
31116,31116,11
31117,31117,11
31118,31118,11
31119,31119,11
31120,31120,11
31121,31121,11
31122,31122,12
31123,31123,12
31124,31124,11
31125,31125,11
31126,31126,11
31127,31127,11
31128,31128,11
31129,31129,11
31130,31130,11
31131,31131,11
31132,31132,11
31133,31133,11
31134,31134,13
31135,31135,11
31136,31136,11
31137,31137,11
31138,31138,11
31139,31139,11
31140,31140,11
31141,31141,11
31142,31142,11
31143,31143,11
31144,31144,11
31145,31145,11
31146,31146,11
31147,31147,11
31148,31148,11
31149,31149,11
31150,31150,11
31151,31151,11
31152,31152,11
31153,31153,11
31154,31154,13
31155,31155,11
31156,31156,11
31157,31157,11
31158,31158,11
31159,31159,11
31160,31160,11
31161,31161,11
31162,31162,11
31163,31163,13
31164,31164,11
31165,31165,11
31166,31166,11
31167,31167,11
31168,31168,11
31169,31169,11
31170,31170,11
31171,31171,11
31172,31172,11
31173,31173,11
31174,31174,11
31175,31175,11
31176,31176,11
31177,31177,11
31178,31178,11
31179,31179,11
31180,31180,11
31181,31181,11
31182,31182,11
31183,31183,11
31184,31184,11
31185,31185,11
31186,31186,11
31187,31187,11
31188,31188,11
31189,31189,12
31190,31190,11
31191,31191,11
31192,31192,11
31193,31193,11
31194,31194,11
31195,31195,11
31196,31196,11
31197,31197,11
31198,31198,13
31199,31199,11
31200,31200,11
31201,31201,11
31202,31202,11
31203,31203,11
31204,31204,11
31205,31205,11
31206,31206,11
31207,31207,13
31208,31208,11
31209,31209,11
31210,31210,11
31211,31211,11
31212,31212,11
31213,31213,11
31214,31214,11
31215,31215,11
31216,31216,11
31217,31217,11
31218,31218,11
31219,31219,11
31220,31220,11
31221,31221,11
31222,31222,12
31223,31223,11
31224,31224,11
31225,31225,11
31226,31226,11
31227,31227,11
31228,31228,11
31229,31229,11
31230,31230,11
31231,31231,11
31232,31232,11
31233,31233,11
31234,31234,11
31235,31235,11
31236,31236,11
31237,31237,11
31238,31238,11
31239,31239,12
31240,31240,11
31241,31241,11
31242,31242,11
31243,31243,11
31244,31244,12
31245,31245,13
31246,31246,11
31247,31247,11
31248,31248,11
31249,31249,11
31250,31250,11
31251,31251,11
31252,31252,11
31253,31253,11
31254,31254,11
31255,31255,11
31256,31256,11
31257,31257,11
31258,31258,11
31259,31259,11
31260,31260,11
31261,31261,11
31262,31262,11
31263,31263,11
31264,31264,11
31265,31265,11
31266,31266,11
31267,31267,11
31268,31268,11
31269,31269,11
31270,31270,11
31271,31271,11
31272,31272,11
31273,31273,11
31274,31274,11
31275,31275,11
31276,31276,11
31277,31277,11
31278,31278,11
31279,31279,11
31280,31280,11
31281,31281,11
31282,31282,11
31283,31283,11
31284,31284,11
31285,31285,11
31286,31286,11
31287,31287,12
31288,31288,11
31289,31289,11
31290,31290,11
31291,31291,11
31292,31292,11
31293,31293,13
31294,31294,11
31295,31295,11
31296,31296,12
31297,31297,11
31298,31298,11
31299,31299,12
31300,31300,11
31301,31301,11
31302,31302,11
31303,31303,12
31304,31304,11
31305,31305,11
31306,31306,11
31307,31307,11
31308,31308,11
31309,31309,11
31310,31310,18
31311,31311,11
31312,31312,11
31313,31313,11
31314,31314,11
31315,31315,11
31316,31316,11
31317,31317,11
31318,31318,11
31319,31319,14
31320,31320,11
31321,31321,11
31322,31322,25
31323,31323,11
31324,31324,11
31325,31325,11
31326,31326,11
31327,31327,11
31328,31328,11
31329,31329,11
31330,31330,11
31331,31331,11
31332,31332,11
31333,31333,11
31334,31334,11
31335,31335,11
31336,31336,11
31337,31337,11
31338,31338,11
31339,31339,11
31340,31340,11
31341,31341,11
31342,31342,11
31343,31343,11
31344,31344,11
31345,31345,11
31346,31346,11
31347,31347,11
31348,31348,11
31349,31349,11
31350,31350,11
31351,31351,11
31352,31352,12
31353,31353,11
31354,31354,11
31355,31355,11
31356,31356,11
31357,31357,11
31358,31358,11
31359,31359,11
31360,31360,11
31361,31361,11
31362,31362,11
31363,31363,11
31364,31364,11
31365,31365,11
31366,31366,15
31367,31367,11
31368,31368,11
31369,31369,11
31370,31370,11
31371,31371,11
31372,31372,11
31373,31373,12
31374,31374,11
31375,31375,11
31376,31376,11
31377,31377,11
31378,31378,11
31379,31379,12
31380,31380,11
31381,31381,11
31382,31382,11
31383,31383,11
31384,31384,11
31385,31385,11
31386,31386,11
31387,31387,11
31388,31388,16
31389,31389,11
31390,31390,11
31391,31391,11
31392,31392,11
31393,31393,11
31394,31394,11
31395,31395,11
31396,31396,11
31397,31397,11
31398,31398,11
31399,31399,11
31400,31400,11
31401,31401,11
31402,31402,11
31403,31403,11
31404,31404,11
31405,31405,11
31406,31406,11
31407,31407,11
31408,31408,11
31409,31409,11
31410,31410,11
31411,31411,11
31412,31412,11
31413,31413,11
31414,31414,11
31415,31415,11
31416,31416,14
31417,31417,11
31418,31418,11
31419,31419,11
31420,31420,11
31421,31421,11
31422,31422,11
31423,31423,11
31424,31424,11
31425,31425,11
31426,31426,11
31427,31427,11
31428,31428,11
31429,31429,11
31430,31430,11
31431,31431,11
31432,31432,11
31433,31433,11
31434,31434,11
31435,31435,11
31436,31436,11
31437,31437,11
31438,31438,13
31439,31439,11
31440,31440,12
31441,31441,13
31442,31442,11
31443,31443,12
31444,31444,12
31445,31445,11
31446,31446,11
31447,31447,11
31448,31448,11
31449,31449,11
31450,31450,11
31451,31451,11
31452,31452,12
31453,31453,11
31454,31454,11
31455,31455,11
31456,31456,11
31457,31457,11
31458,31458,11
31459,31459,11
31460,31460,11
31461,31461,11
31462,31462,11
31463,31463,11
31464,31464,11
31465,31465,11
31466,31466,11
31467,31467,11
31468,31468,40
31469,31469,11
31470,31470,11
31471,31471,11
31472,31472,11
31473,31473,11
31474,31474,11
31475,31475,11
31476,31476,11
31477,31477,11
31478,31478,11
31479,31479,11
31480,31480,11
31481,31481,12
31482,31482,11
31483,31483,11
31484,31484,11
31485,31485,11
31486,31486,11
31487,31487,11
31488,31488,11
31489,31489,11
31490,31490,11
31491,31491,11
31492,31492,12
31493,31493,11
31494,31494,12
31495,31495,11
31496,31496,11
31497,31497,11
31498,31498,11
31499,31499,11
31500,31500,11
31501,31501,11
31502,31502,11
31503,31503,11
31504,31504,11
31505,31505,11
31506,31506,11
31507,31507,11
31508,31508,11
31509,31509,11
31510,31510,11
31511,31511,11
31512,31512,12
31513,31513,11
31514,31514,11
31515,31515,11
31516,31516,12
31517,31517,11
31518,31518,11
31519,31519,11
31520,31520,11
31521,31521,11
31522,31522,11
31523,31523,11
31524,31524,11
31525,31525,11
31526,31526,11
31527,31527,14
31528,31528,11
31529,31529,11
31530,31530,11
31531,31531,11
31532,31532,11
31533,31533,12
31534,31534,11
31535,31535,11
31536,31536,11
31537,31537,13
31538,31538,11
31539,31539,11
31540,31540,11
31541,31541,11
31542,31542,11
31543,31543,11
31544,31544,11
31545,31545,11
31546,31546,11
31547,31547,11
31548,31548,11
31549,31549,11
31550,31550,20
31551,31551,11
31552,31552,11
31553,31553,12
31554,31554,11
31555,31555,11
31556,31556,11
31557,31557,11
31558,31558,11
31559,31559,11
31560,31560,11
31561,31561,11
31562,31562,18
31563,31563,11
31564,31564,13
31565,31565,11
31566,31566,12
31567,31567,11
31568,31568,11
31569,31569,11
31570,31570,11
31571,31571,11
31572,31572,11
31573,31573,11
31574,31574,11
31575,31575,11
31576,31576,11
31577,31577,11
31578,31578,11
31579,31579,11
31580,31580,11
31581,31581,12
31582,31582,16
31583,31583,11
31584,31584,11
31585,31585,11
31586,31586,11
31587,31587,11
31588,31588,11
31589,31589,11
31590,31590,11
31591,31591,11
31592,31592,11
31593,31593,11
31594,31594,11
31595,31595,13
31596,31596,11
31597,31597,11
31598,31598,11
31599,31599,11
31600,31600,18
31601,31601,11
31602,31602,11
31603,31603,11
31604,31604,11
31605,31605,11
31606,31606,11
31607,31607,11
31608,31608,11
31609,31609,12
31610,31610,15
31611,31611,11
31612,31612,11
31613,31613,11
31614,31614,11
31615,31615,11
31616,31616,11
31617,31617,11
31618,31618,11
31619,31619,11
31620,31620,11
31621,31621,11
31622,31622,11
31623,31623,11
31624,31624,11
31625,31625,11
31626,31626,11
31627,31627,11
31628,31628,11
31629,31629,15
31630,31630,11
31631,31631,11
31632,31632,11
31633,31633,11
31634,31634,11
31635,31635,11
31636,31636,11
31637,31637,11
31638,31638,11
31639,31639,11
31640,31640,11
31641,31641,12
31642,31642,11
31643,31643,11
31644,31644,11
31645,31645,11
31646,31646,11
31647,31647,11
31648,31648,11
31649,31649,11
31650,31650,11
31651,31651,11
31652,31652,11
31653,31653,11
31654,31654,11
31655,31655,11
31656,31656,13
31657,31657,11
31658,31658,11
31659,31659,11
31660,31660,11
31661,31661,11
31662,31662,11
31663,31663,11
31664,31664,11
31665,31665,11
31666,31666,11
31667,31667,11
31668,31668,11
31669,31669,11
31670,31670,11
31671,31671,12
31672,31672,11
31673,31673,11
31674,31674,11
31675,31675,11
31676,31676,11
31677,31677,11
31678,31678,11
31679,31679,11
31680,31680,11
31681,31681,11
31682,31682,11
31683,31683,11
31684,31684,11
31685,31685,13
31686,31686,11
31687,31687,11
31688,31688,11
31689,31689,11
31690,31690,11
31691,31691,11
31692,31692,11
31693,31693,11
31694,31694,11
31695,31695,11
31696,31696,13
31697,31697,11
31698,31698,11
31699,31699,11
31700,31700,11
31701,31701,11
31702,31702,11
31703,31703,11
31704,31704,11
31705,31705,11
31706,31706,11
31707,31707,11
31708,31708,11
31709,31709,11
31710,31710,11
31711,31711,11
31712,31712,11
31713,31713,12
31714,31714,11
31715,31715,20
31716,31716,11
31717,31717,11
31718,31718,11
31719,31719,16
31720,31720,11
31721,31721,11
31722,31722,11
31723,31723,11
31724,31724,11
31725,31725,11
31726,31726,11
31727,31727,11
31728,31728,11
31729,31729,11
31730,31730,12
31731,31731,12
31732,31732,11
31733,31733,11
31734,31734,11
31735,31735,11
31736,31736,11
31737,31737,11
31738,31738,15
31739,31739,11
31740,31740,11
31741,31741,11
31742,31742,11
31743,31743,11
31744,31744,12
31745,31745,11
31746,31746,11
31747,31747,11
31748,31748,11
31749,31749,11
31750,31750,11
31751,31751,11
31752,31752,11
31753,31753,11
31754,31754,11
31755,31755,11
31756,31756,11
31757,31757,11
31758,31758,11
31759,31759,11
31760,31760,11
31761,31761,11
31762,31762,11
31763,31763,11
31764,31764,11
31765,31765,11
31766,31766,11
31767,31767,14
31768,31768,11
31769,31769,11
31770,31770,11
31771,31771,11
31772,31772,11
31773,31773,11
31774,31774,11
31775,31775,12
31776,31776,12
31777,31777,11
31778,31778,11
31779,31779,11
31780,31780,11
31781,31781,12
31782,31782,16
31783,31783,11
31784,31784,11
31785,31785,11
31786,31786,11
31787,31787,11
31788,31788,11
31789,31789,11
31790,31790,11
31791,31791,11
31792,31792,19
31793,31793,11
31794,31794,13
31795,31795,11
31796,31796,11
31797,31797,11
31798,31798,11
31799,31799,11
31800,31800,11
31801,31801,11
31802,31802,11
31803,31803,11
31804,31804,11
31805,31805,11
31806,31806,11
31807,31807,11
31808,31808,21
31809,31809,11
31810,31810,11
31811,31811,11
31812,31812,11
31813,31813,11
31814,31814,17
31815,31815,11
31816,31816,11
31817,31817,12
31818,31818,11
31819,31819,11
31820,31820,11
31821,31821,11
31822,31822,11
31823,31823,11
31824,31824,14
31825,31825,11
31826,31826,11
31827,31827,12
31828,31828,11
31829,31829,11
31830,31830,11
31831,31831,11
31832,31832,11
31833,31833,14
31834,31834,11
31835,31835,11
31836,31836,11
31837,31837,11
31838,31838,12
31839,31839,11
31840,31840,11
31841,31841,11
31842,31842,11
31843,31843,11
31844,31844,11
31845,31845,11
31846,31846,12
31847,31847,12
31848,31848,11
31849,31849,11
31850,31850,11
31851,31851,11
31852,31852,11
31853,31853,11
31854,31854,11
31855,31855,12
31856,31856,11
31857,31857,11
31858,31858,11
31859,31859,11
31860,31860,11
31861,31861,11
31862,31862,11
31863,31863,11
31864,31864,11
31865,31865,11
31866,31866,11
31867,31867,11
31868,31868,11
31869,31869,11
31870,31870,11
31871,31871,11
31872,31872,11
31873,31873,11
31874,31874,11
31875,31875,11
31876,31876,11
31877,31877,11
31878,31878,13
31879,31879,11
31880,31880,11
31881,31881,11
31882,31882,12
31883,31883,11
31884,31884,11
31885,31885,11
31886,31886,11
31887,31887,11
31888,31888,11
31889,31889,11
31890,31890,12
31891,31891,11
31892,31892,11
31893,31893,11
31894,31894,11
31895,31895,11
31896,31896,11
31897,31897,11
31898,31898,11
31899,31899,11
31900,31900,11
31901,31901,11
31902,31902,11
31903,31903,11
31904,31904,11
31905,31905,11
31906,31906,11
31907,31907,11
31908,31908,11
31909,31909,11
31910,31910,11
31911,31911,11
31912,31912,12
31913,31913,12
31914,31914,11
31915,31915,11
31916,31916,11
31917,31917,11
31918,31918,11
31919,31919,11
31920,31920,11
31921,31921,11
31922,31922,11
31923,31923,11
31924,31924,11
31925,31925,13
31926,31926,11
31927,31927,11
31928,31928,11
31929,31929,11
31930,31930,11
31931,31931,11
31932,31932,11
31933,31933,11
31934,31934,11
31935,31935,11
31936,31936,11
31937,31937,11
31938,31938,11
31939,31939,11
31940,31940,11
31941,31941,11
31942,31942,11
31943,31943,11
31944,31944,11
31945,31945,11
31946,31946,11
31947,31947,11
31948,31948,11
31949,31949,11
31950,31950,11
31951,31951,11
31952,31952,11
31953,31953,11
31954,31954,13
31955,31955,11
31956,31956,11
31957,31957,11
31958,31958,11
31959,31959,11
31960,31960,11
31961,31961,11
31962,31962,11
31963,31963,13
31964,31964,12
31965,31965,11
31966,31966,11
31967,31967,11
31968,31968,11
31969,31969,11
31970,31970,11
31971,31971,11
31972,31972,11
31973,31973,11
31974,31974,11
31975,31975,11
31976,31976,11
31977,31977,11
31978,31978,11
31979,31979,11
31980,31980,11
31981,31981,11
31982,31982,11
31983,31983,11
31984,31984,11
31985,31985,11
31986,31986,11
31987,31987,11
31988,31988,11
31989,31989,11
31990,31990,11
31991,31991,11
31992,31992,11
31993,31993,11
31994,31994,11
31995,31995,11
31996,31996,12
31997,31997,11
31998,31998,11
31999,31999,11
32000,32000,11
32001,32001,11
32002,32002,11
32003,32003,11
32004,32004,15
32005,32005,11
32006,32006,11
32007,32007,11
32008,32008,11
32009,32009,11
32010,32010,11
32011,32011,11
32012,32012,11
32013,32013,11
32014,32014,11
32015,32015,11
32016,32016,11
32017,32017,11
32018,32018,11
32019,32019,11
32020,32020,11
32021,32021,12
32022,32022,12
32023,32023,11
32024,32024,11
32025,32025,11
32026,32026,43
32027,32027,11
32028,32028,11
32029,32029,12
32030,32030,11
32031,32031,11
32032,32032,11
32033,32033,11
32034,32034,11
32035,32035,11
32036,32036,11
32037,32037,11
32038,32038,11
32039,32039,11
32040,32040,11
32041,32041,11
32042,32042,11
32043,32043,11
32044,32044,11
32045,32045,11
32046,32046,17
32047,32047,17
32048,32048,11
32049,32049,11
32050,32050,11
32051,32051,11
32052,32052,11
32053,32053,11
32054,32054,11
32055,32055,11
32056,32056,11
32057,32057,11
32058,32058,14
32059,32059,11
32060,32060,11
32061,32061,14
32062,32062,11
32063,32063,13
32064,32064,11
32065,32065,11
32066,32066,11
32067,32067,11
32068,32068,11
32069,32069,11
32070,32070,11
32071,32071,11
32072,32072,11
32073,32073,11
32074,32074,12
32075,32075,11
32076,32076,11
32077,32077,11
32078,32078,11
32079,32079,11
32080,32080,11
32081,32081,11
32082,32082,13
32083,32083,11
32084,32084,11
32085,32085,11
32086,32086,11
32087,32087,11
32088,32088,11
32089,32089,11
32090,32090,11
32091,32091,11
32092,32092,11
32093,32093,12
32094,32094,11
32095,32095,11
32096,32096,11
32097,32097,11
32098,32098,11
32099,32099,85
32100,32100,11
32101,32101,11
32102,32102,11
32103,32103,11
32104,32104,11
32105,32105,11
32106,32106,11
32107,32107,11
32108,32108,11
32109,32109,11
32110,32110,11
32111,32111,11
32112,32112,11
32113,32113,11
32114,32114,11
32115,32115,11
32116,32116,11
32117,32117,11
32118,32118,11
32119,32119,11
32120,32120,11
32121,32121,11
32122,32122,11
32123,32123,12
32124,32124,11
32125,32125,11
32126,32126,11
32127,32127,11
32128,32128,11
32129,32129,11
32130,32130,11
32131,32131,11
32132,32132,11
32133,32133,11
32134,32134,19
32135,32135,11
32136,32136,11
32137,32137,11
32138,32138,11
32139,32139,12
32140,32140,47
32141,32141,12
32142,32142,11
32143,32143,11
32144,32144,11
32145,32145,11
32146,32146,11
32147,32147,27
32148,32148,11
32149,32149,11
32150,32150,11
32151,32151,11
32152,32152,11
32153,32153,11
32154,32154,11
32155,32155,11
32156,32156,11
32157,32157,11
32158,32158,11
32159,32159,15
32160,32160,11
32161,32161,11
32162,32162,11
32163,32163,11
32164,32164,11
32165,32165,11
32166,32166,11
32167,32167,11
32168,32168,12
32169,32169,11
32170,32170,11
32171,32171,11
32172,32172,11
32173,32173,11
32174,32174,11
32175,32175,11
32176,32176,16
32177,32177,11
32178,32178,12
32179,32179,11
32180,32180,11
32181,32181,11
32182,32182,11
32183,32183,11
32184,32184,12
32185,32185,11
32186,32186,11
32187,32187,11
32188,32188,11
32189,32189,11
32190,32190,11
32191,32191,11
32192,32192,11
32193,32193,11
32194,32194,11
32195,32195,11
32196,32196,11
32197,32197,11
32198,32198,11
32199,32199,12
32200,32200,17
32201,32201,13
32202,32202,11
32203,32203,12
32204,32204,11
32205,32205,11
32206,32206,11
32207,32207,11
32208,32208,11
32209,32209,11
32210,32210,22
32211,32211,11
32212,32212,11
32213,32213,11
32214,32214,11
32215,32215,11
32216,32216,12
32217,32217,11
32218,32218,11
32219,32219,11
32220,32220,11
32221,32221,11
32222,32222,11
32223,32223,11
32224,32224,11
32225,32225,11
32226,32226,11
32227,32227,11
32228,32228,11
32229,32229,11
32230,32230,11
32231,32231,11
32232,32232,11
32233,32233,12
32234,32234,12
32235,32235,11
32236,32236,11
32237,32237,11
32238,32238,11
32239,32239,13
32240,32240,11
32241,32241,11
32242,32242,11
32243,32243,11
32244,32244,11
32245,32245,11
32246,32246,11
32247,32247,11
32248,32248,11
32249,32249,11
32250,32250,11
32251,32251,11
32252,32252,11
32253,32253,11
32254,32254,11
32255,32255,11
32256,32256,11
32257,32257,11
32258,32258,11
32259,32259,11
32260,32260,12
32261,32261,11
32262,32262,11
32263,32263,12
32264,32264,11
32265,32265,11
32266,32266,11
32267,32267,11
32268,32268,11
32269,32269,11
32270,32270,11
32271,32271,11
32272,32272,11
32273,32273,12
32274,32274,12
32275,32275,11
32276,32276,11
32277,32277,11
32278,32278,11
32279,32279,11
32280,32280,11
32281,32281,11
32282,32282,11
32283,32283,11
32284,32284,11
32285,32285,11
32286,32286,12
32287,32287,11
32288,32288,11
32289,32289,11
32290,32290,11
32291,32291,11
32292,32292,11
32293,32293,11
32294,32294,11
32295,32295,11
32296,32296,11
32297,32297,11
32298,32298,11
32299,32299,11
32300,32300,11
32301,32301,18
32302,32302,11
32303,32303,11
32304,32304,11
32305,32305,11
32306,32306,11
32307,32307,11
32308,32308,12
32309,32309,11
32310,32310,11
32311,32311,11
32312,32312,11
32313,32313,11
32314,32314,11
32315,32315,11
32316,32316,11
32317,32317,11
32318,32318,11
32319,32319,11
32320,32320,11
32321,32321,11
32322,32322,11
32323,32323,11
32324,32324,11
32325,32325,11
32326,32326,11
32327,32327,12
32328,32328,11
32329,32329,11
32330,32330,11
32331,32331,11
32332,32332,11
32333,32333,11
32334,32334,11
32335,32335,11
32336,32336,11
32337,32337,11
32338,32338,11
32339,32339,11
32340,32340,11
32341,32341,11
32342,32342,11
32343,32343,11
32344,32344,13
32345,32345,11
32346,32346,11
32347,32347,11
32348,32348,11
32349,32349,11
32350,32350,11
32351,32351,13
32352,32352,11
32353,32353,11
32354,32354,11
32355,32355,22
32356,32356,11
32357,32357,11
32358,32358,11
32359,32359,11
32360,32360,11
32361,32361,11
32362,32362,11
32363,32363,13
32364,32364,13
32365,32365,11
32366,32366,11
32367,32367,11
32368,32368,11
32369,32369,11
32370,32370,19
32371,32371,11
32372,32372,11
32373,32373,11
32374,32374,11
32375,32375,11
32376,32376,11
32377,32377,11
32378,32378,11
32379,32379,11
32380,32380,11
32381,32381,11
32382,32382,11
32383,32383,11
32384,32384,11
32385,32385,12
32386,32386,11
32387,32387,11
32388,32388,11
32389,32389,11
32390,32390,11
32391,32391,11
32392,32392,11
32393,32393,11
32394,32394,11
32395,32395,12
32396,32396,11
32397,32397,11
32398,32398,11
32399,32399,11
32400,32400,11
32401,32401,11
32402,32402,11
32403,32403,15
32404,32404,11
32405,32405,11
32406,32406,11
32407,32407,11
32408,32408,11
32409,32409,11
32410,32410,11
32411,32411,12
32412,32412,12
32413,32413,11
32414,32414,11
32415,32415,11
32416,32416,11
32417,32417,11
32418,32418,11
32419,32419,11
32420,32420,11
32421,32421,11
32422,32422,11
32423,32423,11
32424,32424,11
32425,32425,11
32426,32426,11
32427,32427,11
32428,32428,11
32429,32429,11
32430,32430,11
32431,32431,12
32432,32432,11
32433,32433,11
32434,32434,11
32435,32435,11
32436,32436,11
32437,32437,11
32438,32438,13
32439,32439,11
32440,32440,11
32441,32441,11
32442,32442,12
32443,32443,11
32444,32444,11
32445,32445,11
32446,32446,12
32447,32447,11
32448,32448,11
32449,32449,11
32450,32450,11
32451,32451,11
32452,32452,12
32453,32453,11
32454,32454,11
32455,32455,11
32456,32456,11
32457,32457,11
32458,32458,11
32459,32459,11
32460,32460,11
32461,32461,11
32462,32462,14
32463,32463,11
32464,32464,11
32465,32465,11
32466,32466,11
32467,32467,11
32468,32468,11
32469,32469,11
32470,32470,11
32471,32471,11
32472,32472,11
32473,32473,15
32474,32474,12
32475,32475,11
32476,32476,11
32477,32477,11
32478,32478,11
32479,32479,11
32480,32480,11
32481,32481,12
32482,32482,11
32483,32483,11
32484,32484,11
32485,32485,11
32486,32486,11
32487,32487,11
32488,32488,11
32489,32489,11
32490,32490,11
32491,32491,11
32492,32492,11
32493,32493,11
32494,32494,11
32495,32495,11
32496,32496,11
32497,32497,11
32498,32498,11
32499,32499,11
32500,32500,11
32501,32501,11
32502,32502,11
32503,32503,11
32504,32504,11
32505,32505,11
32506,32506,11
32507,32507,11
32508,32508,11
32509,32509,11
32510,32510,11
32511,32511,11
32512,32512,11
32513,32513,11
32514,32514,11
32515,32515,12
32516,32516,11
32517,32517,11
32518,32518,11
32519,32519,11
32520,32520,11
32521,32521,11
32522,32522,11
32523,32523,11
32524,32524,11
32525,32525,11
32526,32526,11
32527,32527,12
32528,32528,11
32529,32529,11
32530,32530,11
32531,32531,11
32532,32532,11
32533,32533,11
32534,32534,11
32535,32535,11
32536,32536,11
32537,32537,11
32538,32538,11
32539,32539,11
32540,32540,11
32541,32541,12
32542,32542,11
32543,32543,11
32544,32544,11
32545,32545,11
32546,32546,11
32547,32547,11
32548,32548,11
32549,32549,11
32550,32550,11
32551,32551,11
32552,32552,11
32553,32553,11
32554,32554,11
32555,32555,11
32556,32556,11
32557,32557,11
32558,32558,15
32559,32559,11
32560,32560,11
32561,32561,11
32562,32562,11
32563,32563,11
32564,32564,11
32565,32565,11
32566,32566,11
32567,32567,11
32568,32568,11
32569,32569,11
32570,32570,12
32571,32571,13
32572,32572,11
32573,32573,14
32574,32574,11
32575,32575,11
32576,32576,11
32577,32577,11
32578,32578,11
32579,32579,11
32580,32580,11
32581,32581,11
32582,32582,14
32583,32583,11
32584,32584,11
32585,32585,11
32586,32586,11
32587,32587,11
32588,32588,11
32589,32589,11
32590,32590,11
32591,32591,11
32592,32592,11
32593,32593,11
32594,32594,11
32595,32595,11
32596,32596,11
32597,32597,11
32598,32598,11
32599,32599,11
32600,32600,11
32601,32601,11
32602,32602,11
32603,32603,11
32604,32604,11
32605,32605,11
32606,32606,11
32607,32607,11
32608,32608,11
32609,32609,11
32610,32610,11
32611,32611,11
32612,32612,11
32613,32613,11
32614,32614,11
32615,32615,11
32616,32616,11
32617,32617,11
32618,32618,11
32619,32619,11
32620,32620,11
32621,32621,11
32622,32622,11
32623,32623,11
32624,32624,11
32625,32625,11
32626,32626,11
32627,32627,11
32628,32628,12
32629,32629,11
32630,32630,11
32631,32631,11
32632,32632,11
32633,32633,11
32634,32634,13
32635,32635,11
32636,32636,11
32637,32637,11
32638,32638,11
32639,32639,11
32640,32640,11
32641,32641,11
32642,32642,11
32643,32643,11
32644,32644,11
32645,32645,11
32646,32646,11
32647,32647,11
32648,32648,11
32649,32649,11
32650,32650,11
32651,32651,11
32652,32652,11
32653,32653,11
32654,32654,11
32655,32655,12
32656,32656,12
32657,32657,11
32658,32658,11
32659,32659,11
32660,32660,11
32661,32661,11
32662,32662,12
32663,32663,11
32664,32664,11
32665,32665,11
32666,32666,11
32667,32667,12
32668,32668,11
32669,32669,11
32670,32670,11
32671,32671,11
32672,32672,11
32673,32673,11
32674,32674,11
32675,32675,11
32676,32676,11
32677,32677,11
32678,32678,11
32679,32679,11
32680,32680,11
32681,32681,11
32682,32682,11
32683,32683,11
32684,32684,11
32685,32685,11
32686,32686,11
32687,32687,11
32688,32688,11
32689,32689,11
32690,32690,11
32691,32691,11
32692,32692,16
32693,32693,11
32694,32694,11
32695,32695,11
32696,32696,11
32697,32697,11
32698,32698,11
32699,32699,11
32700,32700,11
32701,32701,11
32702,32702,11
32703,32703,11
32704,32704,11
32705,32705,11
32706,32706,11
32707,32707,11
32708,32708,11
32709,32709,11
32710,32710,11
32711,32711,11
32712,32712,11
32713,32713,11
32714,32714,11
32715,32715,11
32716,32716,11
32717,32717,11
32718,32718,11
32719,32719,11
32720,32720,11
32721,32721,11
32722,32722,11
32723,32723,11
32724,32724,11
32725,32725,13
32726,32726,12
32727,32727,11
32728,32728,11
32729,32729,11
32730,32730,11
32731,32731,11
32732,32732,11
32733,32733,11
32734,32734,11
32735,32735,11
32736,32736,11
32737,32737,11
32738,32738,13
32739,32739,11
32740,32740,11
32741,32741,11
32742,32742,12
32743,32743,11
32744,32744,11
32745,32745,11
32746,32746,11
32747,32747,11
32748,32748,11
32749,32749,11
32750,32750,11
32751,32751,11
32752,32752,13
32753,32753,11
32754,32754,12
32755,32755,11
32756,32756,11
32757,32757,11
32758,32758,11
32759,32759,11
32760,32760,11
32761,32761,12
32762,32762,11
32763,32763,11
32764,32764,11
32765,32765,11
32766,32766,11
32767,32767,11
32768,32768,11
32769,32769,11
32770,32770,12
32771,32771,11
32772,32772,11
32773,32773,11
32774,32774,11
32775,32775,11
32776,32776,12
32777,32777,12
32778,32778,12
32779,32779,11
32780,32780,13
32781,32781,11
32782,32782,11
32783,32783,12
32784,32784,11
32785,32785,11
32786,32786,13
32787,32787,12
32788,32788,12
32789,32789,11
32790,32790,12
32791,32791,11
32792,32792,11
32793,32793,11
32794,32794,12
32795,32795,11
32796,32796,11
32797,32797,11
32798,32798,11
32799,32799,11
32800,32800,11
32801,32801,11
32802,32802,11
32803,32803,11
32804,32804,13
32805,32805,11
32806,32806,11
32807,32807,11
32808,32808,11
32809,32809,11
32810,32810,11
32811,32811,11
32812,32812,11
32813,32813,11
32814,32814,11
32815,32815,11
32816,32816,11
32817,32817,11
32818,32818,11
32819,32819,11
32820,32820,11
32821,32821,11
32822,32822,11
32823,32823,11
32824,32824,11
32825,32825,18
32826,32826,11
32827,32827,11
32828,32828,11
32829,32829,11
32830,32830,11
32831,32831,11
32832,32832,11
32833,32833,11
32834,32834,11
32835,32835,11
32836,32836,11
32837,32837,11
32838,32838,11
32839,32839,11
32840,32840,11
32841,32841,16
32842,32842,13
32843,32843,12
32844,32844,11
32845,32845,11
32846,32846,11
32847,32847,11
32848,32848,12
32849,32849,11
32850,32850,11
32851,32851,11
32852,32852,11
32853,32853,11
32854,32854,11
32855,32855,12
32856,32856,11
32857,32857,11
32858,32858,11
32859,32859,13
32860,32860,11
32861,32861,12
32862,32862,11
32863,32863,11
32864,32864,11
32865,32865,11
32866,32866,12
32867,32867,11
32868,32868,11
32869,32869,11
32870,32870,11
32871,32871,11
32872,32872,11
32873,32873,11
32874,32874,11
32875,32875,11
32876,32876,11
32877,32877,11
32878,32878,11
32879,32879,12
32880,32880,11
32881,32881,11
32882,32882,11
32883,32883,11
32884,32884,11
32885,32885,11
32886,32886,11
32887,32887,11
32888,32888,11
32889,32889,11
32890,32890,11
32891,32891,11
32892,32892,11
32893,32893,11
32894,32894,11
32895,32895,11
32896,32896,11
32897,32897,11
32898,32898,11
32899,32899,11
32900,32900,11
32901,32901,12
32902,32902,11
32903,32903,11
32904,32904,11
32905,32905,11
32906,32906,13
32907,32907,12
32908,32908,11
32909,32909,11
32910,32910,11
32911,32911,11
32912,32912,11
32913,32913,11
32914,32914,11
32915,32915,11
32916,32916,11
32917,32917,11
32918,32918,11
32919,32919,13
32920,32920,11
32921,32921,11
32922,32922,11
32923,32923,11
32924,32924,13
32925,32925,11
32926,32926,11
32927,32927,13
32928,32928,11
32929,32929,11
32930,32930,11
32931,32931,11
32932,32932,13
32933,32933,11
32934,32934,11
32935,32935,11
32936,32936,12
32937,32937,11
32938,32938,11
32939,32939,11
32940,32940,11
32941,32941,12
32942,32942,11
32943,32943,11
32944,32944,11
32945,32945,11
32946,32946,13
32947,32947,17
32948,32948,11
32949,32949,11
32950,32950,12
32951,32951,11
